election,tour,province_code,province,commune_norm,commune,nb_bureaux,nb_bureaux_geolocalises,inscrits,votants,abstentions,exprimes,blancs,nuls,pct_participation,pct_abstention,pct_exprimes_votants
legislatives_2022,1,,,BELEP,Belep,1,1,934,280,654,277,0,3,29.98,70.02,98.93
legislatives_2022,2,,,BELEP,Belep,1,1,934,446,488,446,0,0,47.75,52.25,100
legislatives_2024,1,,,BELEP,Belep,1,1,933,538,395,535,0,3,57.66,42.34,99.44
legislatives_2024,2,,,BELEP,Belep,1,1,932,676,256,676,0,0,72.53,27.47,100
municipales_2020,1,,,BELEP,Belep,1,1,944,659,285,656,1,2,69.81,30.19,99.54
municipales_2026,1,,,BELEP,Belep,1,1,943,703,240,698,1,4,74.55,25.45,99.29
provinciales_2019,,PN,Province Nord,BELEP,Bélep,1,1,912,490,422,487,1,2,53.73,46.27,99.39
referendum_2018,,,,BELEP,BELEP,2,1,920,707,213,703,0,4,76.85,23.15,99.43
referendum_2020,,,Province Nord,BELEP,Belep,2,1,937,763,174,761,1,1,81.43,18.57,99.74
referendum_2021,,,Province Nord,BELEP,Belep,2,1,930,6,924,6,0,0,0.65,99.35,100
legislatives_2022,1,,,BOULOUPARI,Boulouparis,4,4,3275,1387,1888,1354,22,11,42.35,57.65,97.62
legislatives_2022,2,,,BOULOUPARI,Boulouparis,4,4,3275,1821,1454,1770,27,24,55.6,44.4,97.2
legislatives_2024,1,,,BOULOUPARI,Bouloupari,4,4,3345,2298,1047,2265,16,17,68.7,31.3,98.56
legislatives_2024,2,,,BOULOUPARI,Bouloupari,4,4,3345,2604,741,2576,14,14,77.85,22.15,98.92
municipales_2020,1,,,BOULOUPARI,Boulouparis,2,2,3143,2210,933,2165,27,18,70.31,29.69,97.96
municipales_2026,1,,,BOULOUPARI,Bouloupari,4,4,3381,2326,1055,2265,37,24,68.8,31.2,97.38
municipales_2026,2,,,BOULOUPARI,Bouloupari,4,4,3381,2484,897,2435,23,26,73.47,26.53,98.03
provinciales_2019,,PS,Province Sud,BOULOUPARI,Boulouparis,2,2,2659,1835,824,1794,22,19,69.01,30.99,97.77
referendum_2018,,,,BOULOUPARI,BOULOUPARIS,2,2,2645,2400,245,2376,6,18,90.74,9.26,99
referendum_2020,,,Province Sud,BOULOUPARI,Boulouparis,4,4,2819,2610,209,2587,9,14,92.59,7.41,99.12
referendum_2021,,,Province Sud,BOULOUPARI,Boulouparis,4,4,2893,1799,1094,1750,17,32,62.18,37.82,97.28
legislatives_2022,1,,,BOURAIL,Bourail,5,5,4667,1799,2868,1748,27,24,38.55,61.45,97.17
legislatives_2022,2,,,BOURAIL,Bourail,5,5,4666,2500,2166,2426,50,24,53.58,46.42,97.04
legislatives_2024,1,,,BOURAIL,Bourail,5,5,4752,3252,1500,3183,42,27,68.43,31.57,97.88
legislatives_2024,2,,,BOURAIL,Bourail,5,5,4752,3749,1003,3696,30,23,78.89,21.11,98.59
municipales_2020,1,,,BOURAIL,Bourail,5,5,4501,2641,1860,2543,63,35,58.68,41.32,96.29
municipales_2026,1,,,BOURAIL,Bourail,5,5,4880,3122,1758,3033,57,32,63.98,36.02,97.15
municipales_2026,2,,,BOURAIL,Bourail,5,5,4876,3531,1345,3466,38,27,72.42,27.58,98.16
provinciales_2019,,PS,Province Sud,BOURAIL,Bourail,5,5,3949,2686,1263,2605,49,32,68.02,31.98,96.98
referendum_2018,,,,BOURAIL,BOURAIL,5,5,3934,3482,452,3432,17,33,88.51,11.49,98.56
referendum_2020,,,Province Sud,BOURAIL,Bourail,5,5,4083,3713,370,3661,20,32,90.94,9.06,98.6
referendum_2021,,,Province Sud,BOURAIL,Bourail,5,5,4152,2548,1604,2452,37,59,61.37,38.63,96.23
legislatives_2022,1,,,CANALA,Canala,7,7,3589,1466,2123,1450,5,11,40.85,59.15,98.91
legislatives_2022,2,,,CANALA,Canala,7,7,3589,2268,1321,2256,3,9,63.19,36.81,99.47
legislatives_2024,1,,,CANALA,Canala,7,7,3620,2502,1118,2486,5,11,69.12,30.88,99.36
legislatives_2024,2,,,CANALA,Canala,7,7,3620,3042,578,3029,5,8,84.03,15.97,99.57
municipales_2020,1,,,CANALA,Canala,6,6,3500,2342,1158,2311,13,18,66.91,33.09,98.68
municipales_2026,1,,,CANALA,Canala,7,7,3620,2576,1044,2544,13,19,71.16,28.84,98.76
municipales_2026,2,,,CANALA,Canala,7,7,3620,2916,704,2895,8,13,80.55,19.45,99.28
provinciales_2019,,PN,Province Nord,CANALA,Canala,6,6,3384,2158,1226,2077,34,47,63.77,36.23,96.25
referendum_2018,,,,CANALA,CANALA,6,6,3406,2974,432,2930,20,24,87.32,12.68,98.52
referendum_2020,,,Province Nord,CANALA,Canala,7,7,3498,3194,304,3169,8,17,91.31,8.69,99.22
referendum_2021,,,Province Nord,CANALA,Canala,7,7,3551,49,3502,44,2,3,1.38,98.62,89.8
legislatives_2022,1,,,DUMBEA,Dumbéa,26,26,22794,7416,15378,7158,193,65,32.53,67.47,96.52
legislatives_2022,2,,,DUMBEA,Dumbéa,26,26,22794,10047,12747,9768,190,89,44.08,55.92,97.22
legislatives_2024,1,,,DUMBEA,Dumbéa,26,26,23579,14566,9013,14174,275,117,61.78,38.22,97.31
legislatives_2024,2,,,DUMBEA,Dumbéa,26,26,23579,16456,7123,16189,174,93,69.79,30.21,98.38
municipales_2020,1,,,DUMBEA,Dumbéa,24,24,21301,10237,11064,9970,188,79,48.06,51.94,97.39
municipales_2026,1,,,DUMBEA,Dumbéa,26,26,24283,12513,11770,12180,256,77,51.53,48.47,97.34
municipales_2026,2,,,DUMBEA,Dumbéa,26,26,24283,13373,10910,13136,169,68,55.07,44.93,98.23
provinciales_2019,,PS,Province Sud,DUMBEA,Dumbéa,24,24,15787,10983,4804,10612,265,106,69.57,30.43,96.62
referendum_2018,,,,DUMBEA,DUMBEA,18,18,16546,13699,2847,13466,111,122,82.79,17.21,98.3
referendum_2020,,,Province Sud,DUMBEA,Dumbéa,24,24,17759,15464,2295,15262,104,98,87.08,12.92,98.69
referendum_2021,,,Province Sud,DUMBEA,Dumbéa,24,24,18649,11616,7033,11275,157,184,62.29,37.71,97.06
legislatives_2022,1,,,FARINO,Farino,1,1,668,369,299,356,8,5,55.24,44.76,96.48
legislatives_2022,2,,,FARINO,Farino,1,1,668,453,215,436,10,7,67.81,32.19,96.25
legislatives_2024,1,,,FARINO,Farino,1,1,681,498,183,481,10,7,73.13,26.87,96.59
legislatives_2024,2,,,FARINO,Farino,1,1,681,566,115,554,6,6,83.11,16.89,97.88
municipales_2020,1,,,FARINO,Farino,1,1,644,526,118,512,8,6,81.68,18.32,97.34
municipales_2026,1,,,FARINO,Farino,1,1,696,571,125,559,7,5,82.04,17.96,97.9
provinciales_2019,,PS,Province Sud,FARINO,Farino,1,1,568,471,97,454,8,9,82.92,17.08,96.39
referendum_2018,,,,FARINO,FARINO,1,1,548,520,28,512,2,6,94.89,5.11,98.46
referendum_2020,,,Province Sud,FARINO,Farino,1,1,577,547,30,541,1,5,94.8,5.2,98.9
referendum_2021,,,Province Sud,FARINO,Farino,1,1,596,511,85,496,8,7,85.74,14.26,97.06
legislatives_2022,1,,,HIENGHENE,Hienghène,10,10,2504,887,1617,879,2,6,35.42,64.58,99.1
legislatives_2022,2,,,HIENGHENE,Hienghène,10,10,2504,1315,1189,1308,0,7,52.52,47.48,99.47
legislatives_2024,1,,,HIENGHENE,Hienghène,10,10,2500,1842,658,1831,4,7,73.68,26.32,99.4
legislatives_2024,2,,,HIENGHENE,Hienghène,10,10,2500,2107,393,2091,7,9,84.28,15.72,99.24
municipales_2020,1,,,HIENGHENE,Hienghène,10,10,2472,1286,1186,1275,3,8,52.02,47.98,99.14
municipales_2026,1,,,HIENGHENE,Hienghène,10,10,2498,1610,888,1599,6,5,64.45,35.55,99.32
provinciales_2019,,PN,Province Nord,HIENGHENE,Hienghène,10,10,2404,1530,874,1520,3,7,63.64,36.36,99.35
referendum_2018,,,,HIENGHENE,HIENGHENE,10,10,2390,2069,321,2040,10,19,86.57,13.43,98.6
referendum_2020,,,Province Nord,HIENGHENE,Hienghène,10,10,2469,2258,211,2244,1,13,91.45,8.55,99.38
referendum_2021,,,Province Nord,HIENGHENE,Hienghène,10,10,2479,29,2450,23,1,5,1.17,98.83,79.31
legislatives_2022,1,,,HOUAILOU,Houailou,8,8,3752,890,2862,870,14,6,23.72,76.28,97.75
legislatives_2022,2,,,HOUAILOU,Houailou,8,8,3752,1730,2022,1702,11,17,46.11,53.89,98.38
legislatives_2024,1,,,HOUAILOU,Houaïlou,8,8,3766,0,3766,0,0,0,0,100,
legislatives_2024,2,,,HOUAILOU,Houaïlou,8,8,3768,2680,1088,2656,9,15,71.13,28.87,99.1
municipales_2020,1,,,HOUAILOU,Houailou,8,8,3723,2221,1502,2181,15,25,59.66,40.34,98.2
municipales_2026,1,,,HOUAILOU,Houaïlou,8,8,3713,2220,1493,2187,16,17,59.79,40.21,98.51
municipales_2026,2,,,HOUAILOU,Houaïlou,8,8,3713,2444,1269,2420,20,4,65.82,34.18,99.02
provinciales_2019,,PN,Province Nord,HOUAILOU,Houailou,8,8,3579,2104,1475,2031,41,32,58.79,41.21,96.53
referendum_2018,,,,HOUAILOU,HOUAILOU,8,8,3578,2948,630,2901,17,30,82.39,17.61,98.41
referendum_2020,,,Province Nord,HOUAILOU,Houaïlou,8,8,3688,3215,473,3183,9,23,87.17,12.83,99
referendum_2021,,,Province Nord,HOUAILOU,Houaïlou,8,8,3710,259,3451,238,13,8,6.98,93.02,91.89
legislatives_2022,1,,,ILEDESPINS,Ile des Pins,2,2,1842,456,1386,450,4,2,24.76,75.24,98.68
legislatives_2022,2,,,ILEDESPINS,Ile des Pins,2,2,1842,630,1212,630,0,0,34.2,65.8,100
legislatives_2024,1,,,ILEDESPINS,L'Ile-des-Pins,2,2,1847,1197,650,1183,8,6,64.81,35.19,98.83
legislatives_2024,2,,,ILEDESPINS,L'Ile-des-Pins,2,2,1846,1449,397,1432,12,5,78.49,21.51,98.83
municipales_2020,1,,,ILEDESPINS,Ile des Pins,2,2,1786,1244,542,1230,5,9,69.65,30.35,98.87
municipales_2026,1,,,ILEDESPINS,L'Ile-des-Pins,2,2,1868,1294,574,1281,9,4,69.27,30.73,99
municipales_2026,2,,,ILEDESPINS,L'Ile-des-Pins,2,2,1868,1422,446,1412,6,4,76.12,23.88,99.3
provinciales_2019,,PS,Province Sud,ILEDESPINS,Ile des Pins,2,2,1712,1102,610,1089,6,7,64.37,35.63,98.82
referendum_2018,,,,ILEDESPINS,ILE DES PINS,3,2,1711,1411,300,1386,11,14,82.47,17.53,98.23
referendum_2020,,,Province Sud,ILEDESPINS,Ile des Pins,3,2,1764,1504,260,1489,8,7,85.26,14.74,99
referendum_2021,,,Province Sud,ILEDESPINS,Ile des Pins,3,2,1802,418,1384,395,4,19,23.2,76.8,94.5
legislatives_2022,1,,,KAALAGOMEN,Kaala-Gomen,6,6,1761,525,1236,520,3,2,29.81,70.19,99.05
legislatives_2022,2,,,KAALAGOMEN,Kaala-Gomen,6,6,1761,736,1025,726,3,7,41.79,58.21,98.64
legislatives_2024,1,,,KAALAGOMEN,Kaala-Gomen,6,6,1780,1315,465,1298,10,7,73.88,26.12,98.71
legislatives_2024,2,,,KAALAGOMEN,Kaala-Gomen,6,6,1782,1504,278,1494,5,5,84.4,15.6,99.34
municipales_2020,1,,,KAALAGOMEN,Kaala-Gomen,6,6,1697,1146,551,1137,5,4,67.53,32.47,99.21
municipales_2026,1,,,KAALAGOMEN,Kaala-Gomen,6,6,1808,1364,444,1353,7,4,75.44,24.56,99.19
municipales_2026,2,,,KAALAGOMEN,Kaala-Gomen,6,6,1808,1516,292,1503,9,4,83.85,16.15,99.14
provinciales_2019,,PN,Province Nord,KAALAGOMEN,Kaala Gomen,6,6,1611,1044,567,1035,5,4,64.8,35.2,99.14
referendum_2018,,,,KAALAGOMEN,KAALA-GOMEN,6,6,1634,1430,204,1416,8,6,87.52,12.48,99.02
referendum_2020,,,Province Nord,KAALAGOMEN,Kaala-Gomen,6,6,1697,1519,178,1506,3,10,89.51,10.49,99.14
referendum_2021,,,Province Nord,KAALAGOMEN,Kaala-Gomen,6,6,1734,302,1432,288,9,5,17.42,82.58,95.36
legislatives_2022,1,,,KONE,Koné,12,12,5089,1699,3390,1660,23,16,33.39,66.61,97.7
legislatives_2022,2,,,KONE,Koné,12,12,5089,2548,2541,2497,24,27,50.07,49.93,98
legislatives_2024,1,,,KONE,Koné,12,12,5275,3590,1685,3522,41,27,68.06,31.94,98.11
legislatives_2024,2,,,KONE,Koné,12,12,5275,4017,1258,3963,28,26,76.15,23.85,98.66
municipales_2020,1,,,KONE,Koné,12,12,4974,3009,1965,2942,29,38,60.49,39.51,97.77
municipales_2026,1,,,KONE,Koné,12,12,5339,3294,2045,3242,24,28,61.7,38.3,98.42
municipales_2026,2,,,KONE,Koné,12,12,5339,3665,1674,3628,17,20,68.65,31.35,98.99
provinciales_2019,,PN,Province Nord,KONE,Koné,12,12,4129,2919,1210,2851,48,20,70.7,29.3,97.67
referendum_2018,,,,KONE,KONE,12,12,4149,3638,511,3587,16,35,87.68,12.32,98.6
referendum_2020,,,Province Nord,KONE,Koné,12,12,4412,3963,449,3903,21,39,89.82,10.18,98.49
referendum_2021,,,Province Nord,KONE,Koné,12,12,4500,1261,3239,1207,26,28,28.02,71.98,95.72
legislatives_2022,1,,,KOUAOUA,Kouaoua,4,4,1196,428,768,423,3,2,35.79,64.21,98.83
legislatives_2022,2,,,KOUAOUA,Kouaoua,4,4,1196,680,516,669,3,8,56.86,43.14,98.38
legislatives_2024,1,,,KOUAOUA,Kouaoua,4,4,1191,749,442,743,4,2,62.89,37.11,99.2
legislatives_2024,2,,,KOUAOUA,Kouaoua,4,4,1190,909,281,908,1,0,76.39,23.61,99.89
municipales_2020,1,,,KOUAOUA,Kouaoua,4,4,1175,806,369,797,4,5,68.6,31.4,98.88
municipales_2026,1,,,KOUAOUA,Kouaoua,4,4,1206,889,317,881,5,3,73.71,26.29,99.1
municipales_2026,2,,,KOUAOUA,Kouaoua,4,4,1206,987,219,980,6,1,81.84,18.16,99.29
provinciales_2019,,PN,Province Nord,KOUAOUA,Kouaoua,4,4,1109,738,371,730,5,3,66.55,33.45,98.92
referendum_2018,,,,KOUAOUA,KOUAOUA,4,4,1132,954,178,941,8,5,84.28,15.72,98.64
referendum_2020,,,Province Nord,KOUAOUA,Kouaoua,4,4,1169,1051,118,1042,4,5,89.91,10.09,99.14
referendum_2021,,,Province Nord,KOUAOUA,Kouaoua,4,4,1180,182,998,172,4,6,15.42,84.58,94.51
legislatives_2022,1,,,KOUMAC,Koumac,2,2,3127,1048,2079,1043,4,1,33.51,66.49,99.52
legislatives_2022,2,,,KOUMAC,Koumac,2,2,3127,1439,1688,1416,14,9,46.02,53.98,98.4
legislatives_2024,1,,,KOUMAC,Koumac,2,2,3159,2092,1067,2065,16,11,66.22,33.78,98.71
legislatives_2024,2,,,KOUMAC,Koumac,2,2,3156,2437,719,2400,20,17,77.22,22.78,98.48
municipales_2020,1,,,KOUMAC,Koumac,2,2,3044,1736,1308,1707,18,11,57.03,42.97,98.33
municipales_2026,1,,,KOUMAC,Koumac,2,2,3138,1980,1158,1943,21,16,63.1,36.9,98.13
municipales_2026,2,,,KOUMAC,Koumac,2,2,3138,2201,937,2182,11,8,70.14,29.86,99.14
provinciales_2019,,PN,Province Nord,KOUMAC,Koumac,2,2,2639,1654,985,1595,31,28,62.68,37.32,96.43
referendum_2018,,,,KOUMAC,KOUMAC,2,2,2660,2388,272,2339,26,23,89.77,10.23,97.95
referendum_2020,,,Province Nord,KOUMAC,Koumac,2,2,2728,2457,271,2430,10,17,90.07,9.93,98.9
referendum_2021,,,Province Nord,KOUMAC,Koumac,2,2,2776,1475,1301,1444,15,16,53.13,46.87,97.9
legislatives_2022,1,,,LAFOA,La Foa,4,4,3442,1640,1802,1592,28,20,47.65,52.35,97.07
legislatives_2022,2,,,LAFOA,La Foa,4,4,3440,2144,1296,2064,27,53,62.33,37.67,96.27
legislatives_2024,1,,,LAFOA,La Foa,4,4,3467,2385,1082,2334,25,26,68.79,31.21,97.86
legislatives_2024,2,,,LAFOA,La Foa,4,4,3467,2719,748,2674,26,19,78.43,21.57,98.34
municipales_2020,1,,,LAFOA,La Foa,4,4,3345,2521,824,2472,31,18,75.37,24.63,98.06
municipales_2026,1,,,LAFOA,La Foa,4,4,3483,2498,985,2453,25,20,71.72,28.28,98.2
municipales_2026,2,,,LAFOA,La Foa,4,4,3483,2726,757,2661,31,34,78.27,21.73,97.62
provinciales_2019,,PS,Province Sud,LAFOA,La Foa,4,4,2905,2205,700,2139,42,24,75.9,24.1,97.01
referendum_2018,,,,LAFOA,LA FOA,4,4,2879,2631,248,2590,16,25,91.39,8.61,98.44
referendum_2020,,,Province Sud,LAFOA,La Foa,4,4,2991,2765,226,2728,11,26,92.44,7.56,98.66
referendum_2021,,,Province Sud,LAFOA,La Foa,4,4,3034,1940,1094,1860,29,51,63.94,36.06,95.88
legislatives_2022,1,,,LIFOU,Lifou,28,28,10999,3240,7759,3221,9,10,29.46,70.54,99.41
legislatives_2022,2,,,LIFOU,Lifou,28,28,11006,5243,5763,5220,10,13,47.64,52.36,99.56
legislatives_2024,1,,,LIFOU,Lifou,28,28,11135,6756,4379,6696,21,39,60.67,39.33,99.11
legislatives_2024,2,,,LIFOU,Lifou,28,28,11135,8661,2474,8599,34,28,77.78,22.22,99.28
municipales_2020,1,,,LIFOU,Lifou,26,26,10923,5727,5196,5669,25,33,52.43,47.57,98.99
municipales_2026,1,,,LIFOU,Lifou,28,28,10915,5682,5233,5645,22,15,52.06,47.94,99.35
provinciales_2019,,PIL,Province des Iles,LIFOU,Lifou,26,26,10343,6582,3761,6526,30,26,63.64,36.36,99.15
referendum_2018,,,,LIFOU,LIFOU,28,28,10477,6526,3951,6440,33,53,62.29,37.71,98.68
referendum_2020,,,Province des Iles,LIFOU,Lifou,30,28,10795,8255,2540,8179,26,50,76.47,23.53,99.08
referendum_2021,,,Province des Iles,LIFOU,Lifou,30,28,10797,525,10272,502,10,13,4.86,95.14,95.62
legislatives_2022,1,,,MARE,Maré,14,14,6948,1279,5669,1274,5,0,18.41,81.59,99.61
legislatives_2022,2,,,MARE,Maré,14,14,6948,2513,4435,2496,4,13,36.17,63.83,99.32
legislatives_2024,1,,,MARE,Maré,14,14,7042,4520,2522,4480,20,20,64.19,35.81,99.12
legislatives_2024,2,,,MARE,Maré,14,14,7043,5638,1405,5610,8,20,80.05,19.95,99.5
municipales_2020,1,,,MARE,Maré,14,14,6864,5016,1848,4996,5,15,73.08,26.92,99.6
municipales_2026,1,,,MARE,Maré,14,14,6984,4553,2431,4529,15,9,65.19,34.81,99.47
municipales_2026,2,,,MARE,Maré,14,14,6984,4864,2120,4844,9,11,69.64,30.36,99.59
provinciales_2019,,PIL,Province des Iles,MARE,Maré,13,13,6562,4778,1784,4753,10,15,72.81,27.19,99.48
referendum_2018,,,,MARE,MARE,14,14,7385,3971,3414,3930,4,37,53.77,46.23,98.97
referendum_2020,,,Province des Iles,MARE,Maré,16,14,6858,4931,1927,4891,10,30,71.9,28.1,99.19
referendum_2021,,,Province des Iles,MARE,Maré,16,14,6937,256,6681,226,20,10,3.69,96.31,88.28
legislatives_2022,1,,,MOINDOU,Moindou,1,1,822,366,456,353,12,1,44.53,55.47,96.45
legislatives_2022,2,,,MOINDOU,Moindou,1,1,822,486,336,466,9,11,59.12,40.88,95.88
legislatives_2024,1,,,MOINDOU,Moindou,1,1,832,613,219,603,8,2,73.68,26.32,98.37
legislatives_2024,2,,,MOINDOU,Moindou,1,1,832,682,150,671,8,3,81.97,18.03,98.39
municipales_2020,1,,,MOINDOU,Moindou,1,1,827,657,170,644,7,6,79.44,20.56,98.02
municipales_2026,1,,,MOINDOU,Moindou,1,1,863,671,192,659,12,0,77.75,22.25,98.21
provinciales_2019,,PS,Province Sud,MOINDOU,Moindou,1,1,755,591,164,579,4,8,78.28,21.72,97.97
referendum_2018,,,,MOINDOU,MOINDOU,1,1,747,682,65,672,5,5,91.3,8.7,98.53
referendum_2020,,,Province Sud,MOINDOU,Moindou,1,1,789,734,55,718,7,9,93.03,6.97,97.82
referendum_2021,,,Province Sud,MOINDOU,Moindou,1,1,794,418,376,403,7,8,52.64,47.36,96.41
legislatives_2022,1,,,MONTDORE,Mont-Dore,25,25,22119,7424,14695,7204,166,54,33.56,66.44,97.04
legislatives_2022,2,,,MONTDORE,Mont-Dore,25,25,22120,9860,12260,9530,229,101,44.58,55.42,96.65
legislatives_2024,1,,,MONTDORE,Le Mont-Dore,25,25,22508,12590,9918,12204,252,134,55.94,44.06,96.93
legislatives_2024,2,,,MONTDORE,Le Mont-Dore,25,25,22507,14730,7777,14450,163,117,65.45,34.55,98.1
municipales_2020,1,,,MONTDORE,Mont-Dore,25,25,21527,10842,10685,10566,173,103,50.36,49.64,97.45
municipales_2026,1,,,MONTDORE,Le Mont-Dore,24,24,22199,11858,10341,11539,208,111,53.42,46.58,97.31
municipales_2026,2,,,MONTDORE,Le Mont-Dore,24,24,22200,12640,9560,12346,173,121,56.94,43.06,97.67
provinciales_2019,,PS,Province Sud,MONTDORE,Mont-Dore,25,25,16758,11234,5524,10840,261,133,67.04,32.96,96.49
referendum_2018,,,,MONTDORE,MONT-DORE,25,25,17369,14522,2847,14185,141,196,83.61,16.39,97.68
referendum_2020,,,Province Sud,MONTDORE,Mont-Dore,25,25,17898,15483,2415,15170,154,159,86.51,13.49,97.98
referendum_2021,,,Province Sud,MONTDORE,Mont-Dore,25,25,18264,11343,6921,10919,214,210,62.11,37.89,96.26
legislatives_2022,1,,,NOUMEA,Nouméa,56,56,72724,24367,48357,23693,519,155,33.51,66.49,97.23
legislatives_2022,2,,,NOUMEA,Nouméa,56,56,72730,29912,42818,28868,753,291,41.13,58.87,96.51
legislatives_2024,1,,,NOUMEA,Nouméa,57,57,72749,42053,30696,41325,414,314,57.81,42.19,98.27
legislatives_2024,2,,,NOUMEA,Nouméa,57,57,72750,48003,24747,46941,774,288,65.98,34.02,97.79
municipales_2020,1,,,NOUMEA,Nouméa,57,57,71352,30006,41346,29229,540,237,42.05,57.95,97.41
municipales_2026,1,,,NOUMEA,Nouméa,57,57,68483,33383,35100,32818,404,161,48.75,51.25,98.31
municipales_2026,2,,,NOUMEA,Nouméa,57,57,68467,32540,35927,31521,767,252,47.53,52.47,96.87
provinciales_2019,,PS,Province Sud,NOUMEA,Nouméa,57,57,48196,31658,16538,30944,519,195,65.69,34.31,97.74
referendum_2018,,,,NOUMEA,NOUMEA,57,57,50686,40697,9989,40108,362,227,80.29,19.71,98.55
referendum_2020,,,Province Sud,NOUMEA,Nouméa,57,57,52050,44094,7956,43559,279,256,84.71,15.29,98.79
referendum_2021,,,Province Sud,NOUMEA,Nouméa,60,60,52819,33888,18931,33129,382,377,64.16,35.84,97.76
legislatives_2022,1,,,OUEGOA,Ouégoa,4,4,2224,550,1674,542,7,1,24.73,75.27,98.55
legislatives_2022,2,,,OUEGOA,Ouégoa,4,4,2224,1000,1224,992,5,3,44.96,55.04,99.2
legislatives_2024,1,,,OUEGOA,Ouégoa,4,4,2235,1478,757,1461,8,9,66.13,33.87,98.85
legislatives_2024,2,,,OUEGOA,Ouégoa,4,4,2235,1713,522,1701,6,6,76.64,23.36,99.3
municipales_2020,1,,,OUEGOA,Ouégoa,4,4,2181,1159,1022,1144,1,14,53.14,46.86,98.71
municipales_2026,1,,,OUEGOA,Ouégoa,4,4,2232,1367,865,1342,15,10,61.25,38.75,98.17
municipales_2026,2,,,OUEGOA,Ouégoa,4,4,2232,1627,605,1602,14,11,72.89,27.11,98.46
provinciales_2019,,PN,Province Nord,OUEGOA,Ouégoa,4,4,2130,1295,835,1267,12,16,60.8,39.2,97.84
referendum_2018,,,,OUEGOA,OUEGOA,4,4,2157,1832,325,1820,5,7,84.93,15.07,99.34
referendum_2020,,,Province Nord,OUEGOA,Ouégoa,4,4,2174,1892,282,1866,5,21,87.03,12.97,98.63
referendum_2021,,,Province Nord,OUEGOA,Ouégoa,4,4,2201,510,1691,496,5,9,23.17,76.83,97.25
legislatives_2022,1,,,OUVEA,Ouvéa,7,7,4406,718,3688,710,4,4,16.3,83.7,98.89
legislatives_2022,2,,,OUVEA,Ouvéa,7,7,4406,1429,2977,1417,4,8,32.43,67.57,99.16
legislatives_2024,1,,,OUVEA,Ouvéa,7,7,4390,2390,2000,2366,9,15,54.44,45.56,99
legislatives_2024,2,,,OUVEA,Ouvéa,7,7,4388,3426,962,3394,10,22,78.08,21.92,99.07
municipales_2020,1,,,OUVEA,Ouvéa,7,7,4447,2852,1595,2838,8,6,64.13,35.87,99.51
municipales_2026,1,,,OUVEA,Ouvéa,7,7,4343,2486,1857,2465,7,14,57.24,42.76,99.16
municipales_2026,2,,,OUVEA,Ouvéa,7,7,4343,2867,1476,2850,7,10,66.01,33.99,99.41
provinciales_2019,,PIL,Province des Iles,OUVEA,Ouvéa,7,7,4300,2739,1561,2704,18,17,63.7,36.3,98.72
referendum_2018,,,,OUVEA,OUVEA,8,7,4374,2598,1776,2566,8,24,59.4,40.6,98.77
referendum_2020,,,Province des Iles,OUVEA,Ouvéa,9,7,4418,3305,1113,3277,11,17,74.81,25.19,99.15
referendum_2021,,,Province des Iles,OUVEA,Ouvéa,9,7,4385,223,4162,210,7,6,5.09,94.91,94.17
legislatives_2022,1,,,PAITA,Païta,19,19,15928,5062,10866,4929,89,44,31.78,68.22,97.37
legislatives_2022,2,,,PAITA,Païta,19,19,15915,7194,8721,7012,113,69,45.2,54.8,97.47
legislatives_2024,1,,,PAITA,Païta,19,19,16589,10473,6116,10192,210,71,63.13,36.87,97.32
legislatives_2024,2,,,PAITA,Païta,19,19,16582,11854,4728,11654,137,63,71.49,28.51,98.31
municipales_2020,1,,,PAITA,Païta,19,19,14809,8494,6315,8290,134,70,57.36,42.64,97.6
municipales_2026,1,,,PAITA,Païta,19,19,17300,9470,7830,9186,214,70,54.74,45.26,97
municipales_2026,2,,,PAITA,Païta,19,19,17299,10423,6876,10209,152,62,60.25,39.75,97.95
provinciales_2019,,PS,Province Sud,PAITA,Païta,17,17,10694,7215,3479,7015,160,40,67.47,32.53,97.23
referendum_2018,,,,PAITA,PAITA,17,17,11147,9544,1603,9381,88,75,85.62,14.38,98.29
referendum_2020,,,Province Sud,PAITA,Païta,19,19,12013,10520,1493,10387,79,54,87.57,12.43,98.74
referendum_2021,,,Province Sud,PAITA,Païta,19,19,12703,7886,4817,7632,132,122,62.08,37.92,96.78
legislatives_2022,1,,,POINDIMIE,Poindimié,7,7,4373,1279,3094,1262,6,11,29.25,70.75,98.67
legislatives_2022,2,,,POINDIMIE,Poindimié,7,7,4373,2247,2126,2214,17,16,51.38,48.62,98.53
legislatives_2024,1,,,POINDIMIE,Poindimié,7,7,4426,3051,1375,2988,29,34,68.93,31.07,97.94
legislatives_2024,2,,,POINDIMIE,Poindimié,7,7,4420,3531,889,3482,26,23,79.89,20.11,98.61
municipales_2020,1,,,POINDIMIE,Poindimié,7,7,4284,2642,1642,2593,22,27,61.67,38.33,98.15
municipales_2026,1,,,POINDIMIE,Poindimié,7,7,4411,2879,1532,2833,20,26,65.27,34.73,98.4
municipales_2026,2,,,POINDIMIE,Poindimié,7,7,4411,3261,1150,3221,16,24,73.93,26.07,98.77
provinciales_2019,,PN,Province Nord,POINDIMIE,Poindimié,7,7,4090,2714,1376,2675,17,22,66.36,33.64,98.56
referendum_2018,,,,POINDIMIE,POINDIMIE,7,7,4057,3567,490,3510,24,33,87.92,12.08,98.4
referendum_2020,,,Province Nord,POINDIMIE,Poindimié,7,7,4146,3773,373,3735,14,24,91,9,98.99
referendum_2021,,,Province Nord,POINDIMIE,Poindimié,7,7,4192,490,3702,466,9,15,11.69,88.31,95.1
legislatives_2022,1,,,PONERIHOUEN,Ponérihouen,7,7,2689,1148,1541,1133,6,9,42.69,57.31,98.69
legislatives_2022,2,,,PONERIHOUEN,Ponérihouen,7,7,2689,1649,1040,1634,7,8,61.32,38.68,99.09
legislatives_2024,1,,,PONERIHOUEN,Ponérihouen,7,7,2720,1071,1649,1053,6,12,39.38,60.62,98.32
legislatives_2024,2,,,PONERIHOUEN,Ponérihouen,7,7,2721,1814,907,1798,7,9,66.67,33.33,99.12
municipales_2020,1,,,PONERIHOUEN,Ponérihouen,7,7,2675,1858,817,1810,17,31,69.46,30.54,97.42
municipales_2026,1,,,PONERIHOUEN,Ponérihouen,7,7,2695,1751,944,1714,27,10,64.97,35.03,97.89
municipales_2026,2,,,PONERIHOUEN,Ponérihouen,7,7,2695,2013,682,1982,21,10,74.69,25.31,98.46
provinciales_2019,,PN,Province Nord,PONERIHOUEN,Ponérihouen,7,7,2605,1742,863,1718,15,9,66.87,33.13,98.62
referendum_2018,,,,PONERIHOUEN,PONERIHOUEN,7,7,2596,2238,358,2204,14,20,86.21,13.79,98.48
referendum_2020,,,Province Nord,PONERIHOUEN,Ponérihouen,7,7,2671,2371,300,2347,10,14,88.77,11.23,98.99
referendum_2021,,,Province Nord,PONERIHOUEN,Ponérihouen,7,7,2675,161,2514,153,3,5,6.02,93.98,95.03
legislatives_2022,1,,,POUEBO,Pouébo,5,5,2405,585,1820,582,1,2,24.32,75.68,99.49
legislatives_2022,2,,,POUEBO,Pouébo,5,5,2405,1074,1331,1071,1,2,44.66,55.34,99.72
legislatives_2024,1,,,POUEBO,Pouébo,5,5,2427,1520,907,1504,4,12,62.63,37.37,98.95
legislatives_2024,2,,,POUEBO,Pouébo,5,5,2427,1814,613,1805,4,5,74.74,25.26,99.5
municipales_2020,1,,,POUEBO,Pouébo,5,5,2400,1291,1109,1272,7,12,53.79,46.21,98.53
municipales_2026,1,,,POUEBO,Pouébo,5,5,2414,1362,1052,1340,7,15,56.42,43.58,98.38
municipales_2026,2,,,POUEBO,Pouébo,5,5,2414,1529,885,1515,6,8,63.34,36.66,99.08
provinciales_2019,,PN,Province Nord,POUEBO,Pouébo,5,5,2301,1276,1025,1261,6,9,55.45,44.55,98.82
referendum_2018,,,,POUEBO,POUEBO,5,5,2335,1888,447,1877,1,10,80.86,19.14,99.42
referendum_2020,,,Province Nord,POUEBO,Pouébo,5,5,2392,2024,368,2010,1,13,84.62,15.38,99.31
referendum_2021,,,Province Nord,POUEBO,Pouébo,5,5,2386,34,2352,33,0,1,1.42,98.58,97.06
legislatives_2022,1,,,POUEMBOUT,Pouembout,3,3,1821,626,1195,613,10,3,34.38,65.62,97.92
legislatives_2022,2,,,POUEMBOUT,Pouembout,3,3,1821,954,867,933,15,6,52.39,47.61,97.8
legislatives_2024,1,,,POUEMBOUT,Pouembout,2,2,1908,1324,584,1293,20,11,69.39,30.61,97.66
legislatives_2024,2,,,POUEMBOUT,Pouembout,2,2,1908,1474,434,1449,20,5,77.25,22.75,98.3
municipales_2020,1,,,POUEMBOUT,Pouembout,3,3,1711,1160,551,1110,26,24,67.8,32.2,95.69
municipales_2026,1,,,POUEMBOUT,Pouembout,2,2,2005,1274,731,1254,14,6,63.54,36.46,98.43
municipales_2026,2,,,POUEMBOUT,Pouembout,2,2,2005,1396,609,1377,14,5,69.63,30.37,98.64
provinciales_2019,,PN,Province Nord,POUEMBOUT,Pouembout,3,3,1387,976,411,954,17,5,70.37,29.63,97.75
referendum_2018,,,,POUEMBOUT,POUEMBOUT,3,3,1383,1218,165,1195,10,13,88.07,11.93,98.11
referendum_2020,,,Province Nord,POUEMBOUT,Pouembout,3,3,1482,1325,157,1310,8,7,89.41,10.59,98.87
referendum_2021,,,Province Nord,POUEMBOUT,Pouembout,3,3,1545,732,813,709,8,15,47.38,52.62,96.86
legislatives_2022,1,,,POUM,Poum,3,3,1492,415,1077,411,3,1,27.82,72.18,99.04
legislatives_2022,2,,,POUM,Poum,3,3,1492,706,786,704,2,0,47.32,52.68,99.72
legislatives_2024,1,,,POUM,Poum,3,3,1533,984,549,964,9,11,64.19,35.81,97.97
legislatives_2024,2,,,POUM,Poum,3,3,1533,1170,363,1163,4,3,76.32,23.68,99.4
municipales_2020,1,,,POUM,Poum,3,3,1452,1014,438,1010,2,2,69.83,30.17,99.61
municipales_2026,1,,,POUM,Poum,3,3,1541,1241,300,1235,5,1,80.53,19.47,99.52
municipales_2026,2,,,POUM,Poum,3,3,1541,1332,209,1321,3,8,86.44,13.56,99.17
provinciales_2019,,PN,Province Nord,POUM,Poum,3,3,1381,918,463,911,2,5,66.47,33.53,99.24
referendum_2018,,,,POUM,POUM,3,3,1366,1152,214,1133,10,9,84.33,15.67,98.35
referendum_2020,,,Province Nord,POUM,Poum,3,3,1422,1259,163,1252,3,4,88.54,11.46,99.44
referendum_2021,,,Province Nord,POUM,Poum,3,3,1438,109,1329,106,3,0,7.58,92.42,97.25
legislatives_2022,1,,,POYA,Poya,6,6,2547,1097,1450,1075,11,11,43.07,56.93,97.99
legislatives_2022,2,,,POYA,Poya,6,6,2547,1505,1042,1478,20,7,59.09,40.91,98.21
legislatives_2024,1,,,POYA,Poya,6,6,2593,1877,716,1849,16,12,72.39,27.61,98.51
legislatives_2024,2,,,POYA,Poya,6,6,2597,2095,502,2077,13,5,80.67,19.33,99.14
municipales_2020,1,,,POYA,Poya,6,6,2486,1622,864,1570,29,23,65.25,34.75,96.79
municipales_2026,1,,,POYA,Poya,6,6,2597,1796,801,1764,27,5,69.16,30.84,98.22
municipales_2026,2,,,POYA,Poya,6,6,2597,1931,666,1886,29,16,74.36,25.64,97.67
provinciales_2019,,PN,Province Nord,POYA,Poya Nord,5,5,2078,1392,686,1358,22,12,66.99,33.01,97.56
provinciales_2019,,PS,Province Sud,POYA,Poya Sud,1,1,164,133,31,131,2,0,81.1,18.9,98.5
referendum_2018,,,,POYA,POYA,6,6,2242,1950,292,1929,7,14,86.98,13.02,98.92
referendum_2020,,,Province Nord,POYA,Poya Nord,5,5,2176,1948,228,1933,4,11,89.52,10.48,99.23
referendum_2020,,,Province Sud,POYA,Poya Sud,1,1,189,173,16,173,0,0,91.53,8.47,100
referendum_2021,,,Province Nord,POYA,Poya Nord,5,5,2216,604,1612,577,10,17,27.26,72.74,95.53
referendum_2021,,,Province Sud,POYA,Poya Sud,1,1,197,171,26,171,0,0,86.8,13.2,100
legislatives_2022,1,,,SARRAMEA,Sarraméa,1,1,528,176,352,168,4,4,33.33,66.67,95.45
legislatives_2022,2,,,SARRAMEA,Sarraméa,1,1,528,270,258,265,3,2,51.14,48.86,98.15
legislatives_2024,1,,,SARRAMEA,Sarraméa,1,1,532,347,185,340,2,5,65.23,34.77,97.98
legislatives_2024,2,,,SARRAMEA,Sarraméa,1,1,532,421,111,416,3,2,79.14,20.86,98.81
municipales_2020,1,,,SARRAMEA,Sarraméa,1,1,529,399,130,387,5,7,75.43,24.57,96.99
municipales_2026,1,,,SARRAMEA,Sarraméa,1,1,541,401,140,393,4,4,74.12,25.88,98
provinciales_2019,,PS,Province Sud,SARRAMEA,Sarraméa,1,1,502,365,137,358,5,2,72.71,27.29,98.08
referendum_2018,,,,SARRAMEA,SARRAMEA,1,1,506,472,34,465,4,3,93.28,6.72,98.52
referendum_2020,,,Province Sud,SARRAMEA,Sarraméa,1,1,510,477,33,472,2,3,93.53,6.47,98.95
referendum_2021,,,Province Sud,SARRAMEA,Sarraméa,1,1,518,85,433,78,3,4,16.41,83.59,91.76
legislatives_2022,1,,,THIO,Thio,4,4,2231,557,1674,552,1,4,24.97,75.03,99.1
legislatives_2022,2,,,THIO,Thio,4,4,2231,974,1257,966,5,3,43.66,56.34,99.18
legislatives_2024,1,,,THIO,Thio,4,4,2262,1257,1005,1246,1,10,55.57,44.43,99.12
legislatives_2024,2,,,THIO,Thio,4,4,2260,1596,664,1587,4,5,70.62,29.38,99.44
municipales_2020,1,,,THIO,Thio,4,4,2189,1284,905,1233,29,22,58.66,41.34,96.03
municipales_2026,1,,,THIO,Thio,4,4,2290,1483,807,1470,10,3,64.76,35.24,99.12
municipales_2026,2,,,THIO,Thio,4,4,2290,1536,754,1526,7,3,67.07,32.93,99.35
provinciales_2019,,PS,Province Sud,THIO,Thio,4,4,2091,1226,865,1206,9,11,58.63,41.37,98.37
referendum_2018,,,,THIO,THIO,4,4,2114,1805,309,1785,5,15,85.38,14.62,98.89
referendum_2020,,,Province Sud,THIO,Thio,4,4,2177,1919,258,1901,3,15,88.15,11.85,99.06
referendum_2021,,,Province Sud,THIO,Thio,4,4,2218,200,2018,194,3,3,9.02,90.98,97
legislatives_2022,1,,,TOUHO,Touho,4,4,2008,654,1354,646,1,7,32.57,67.43,98.78
legislatives_2022,2,,,TOUHO,Touho,4,4,2008,908,1100,892,9,7,45.22,54.78,98.24
legislatives_2024,1,,,TOUHO,Touho,4,4,2027,1350,677,1336,9,5,66.6,33.4,98.96
legislatives_2024,2,,,TOUHO,Touho,4,4,2027,1553,474,1538,11,4,76.62,23.38,99.03
municipales_2020,1,,,TOUHO,Touho,4,4,1962,1192,770,1145,19,28,60.75,39.25,96.06
municipales_2026,1,,,TOUHO,Touho,4,4,2008,1226,782,1199,13,14,61.06,38.94,97.8
provinciales_2019,,PN,Province Nord,TOUHO,Touho,4,4,1894,1238,656,1216,16,6,65.36,34.64,98.22
referendum_2018,,,,TOUHO,TOUHO,4,4,1889,1612,277,1598,5,9,85.34,14.66,99.13
referendum_2020,,,Province Nord,TOUHO,Touho,4,4,1933,1681,252,1666,6,9,86.96,13.04,99.11
referendum_2021,,,Province Nord,TOUHO,Touho,4,4,1953,191,1762,185,4,2,9.78,90.22,96.86
legislatives_2022,1,,,VOH,Voh,7,7,2456,795,1661,781,10,4,32.37,67.63,98.24
legislatives_2022,2,,,VOH,Voh,7,7,2455,1304,1151,1290,9,5,53.12,46.88,98.93
legislatives_2024,1,,,VOH,Voh,7,7,2478,1746,732,1714,21,11,70.46,29.54,98.17
legislatives_2024,2,,,VOH,Voh,7,7,2478,1966,512,1946,11,9,79.34,20.66,98.98
municipales_2020,1,,,VOH,Voh,7,7,2417,1582,835,1555,19,8,65.45,34.55,98.29
municipales_2026,1,,,VOH,Voh,8,8,2494,1595,899,1554,26,15,63.95,36.05,97.43
municipales_2026,2,,,VOH,Voh,8,8,2494,1729,765,1698,16,15,69.33,30.67,98.21
provinciales_2019,,PN,Province Nord,VOH,Voh,5,5,2270,1566,704,1535,25,6,68.99,31.01,98.02
referendum_2018,,,,VOH,VOH,3,3,2312,2027,285,1978,19,30,87.67,12.33,97.58
referendum_2020,,,Province Nord,VOH,Voh,7,7,2355,2110,245,2069,21,20,89.6,10.4,98.06
referendum_2021,,,Province Nord,VOH,Voh,7,7,2362,559,1803,532,9,18,23.67,76.33,95.17
legislatives_2022,1,,,YATE,Yaté,4,4,1802,622,1180,621,1,0,34.52,65.48,99.84
legislatives_2022,2,,,YATE,Yaté,4,4,1797,973,824,967,2,4,54.15,45.85,99.38
legislatives_2024,1,,,YATE,Yaté,4,4,1833,1081,752,1074,3,4,58.97,41.03,99.35
legislatives_2024,2,,,YATE,Yaté,4,4,1833,1405,428,1401,3,1,76.65,23.35,99.72
municipales_2020,1,,,YATE,Yaté,4,4,1763,1300,463,1290,2,8,73.74,26.26,99.23
municipales_2026,1,,,YATE,Yaté,4,4,1830,1366,464,1357,4,5,74.64,25.36,99.34
provinciales_2019,,PS,Province Sud,YATE,Yaté,4,4,1704,1203,501,1193,4,6,70.6,29.4,99.17
referendum_2018,,,,YATE,YATE,4,4,1721,1547,174,1538,1,8,89.89,10.11,99.42
referendum_2020,,,Province Sud,YATE,Yaté,4,4,1760,1621,139,1615,2,4,92.1,7.9,99.63
referendum_2021,,,Province Sud,YATE,Yaté,4,4,1778,101,1677,96,2,3,5.68,94.32,95.05
