election,tour,province_code,province,code_departement,code_commune,commune,commune_norm,code_bv,inscrits,votants,abstentions,exprimes,blancs,nuls,bureau_nom,bureau_nom_norm,match_score,etablissement_nom,etablissement_adresse,etablissement_theme1,etablissement_theme2,etablissement_theme3,longitude,latitude,geo_source,iris_id,iris_codgeo,iris_libgeo
provinciales_2019,,PIL,Province des Iles,988,98814,Lifou,LIFOU,0001,575,359,216,357,1,1,Mairie De We,MAIRIE DE WE,,,,,,,164.9011843365689,-21.121493041727785,arrete_manual_tribus,112,2501,Pouembout village
provinciales_2019,,PIL,Province des Iles,988,98814,Lifou,LIFOU,0002,722,510,212,507,1,2,Xepenehe,XEPENEHE,1,Chépénéhé,Lifou,LIEU_DIT_NC,TRIBU,Xepenehe,167.15272048120752,-20.78265899014055,tribus_villages_nc,16,1403,Wet
provinciales_2019,,PIL,Province des Iles,988,98814,Lifou,LIFOU,0003,736,506,230,504,2,0,Drueulu,DRUEULU,1,Douéoulou,Lifou,LIEU_DIT_NC,TRIBU,Drueulu,167.07853761275717,-20.930242999544458,tribus_villages_nc,14,1401,Gaitcha
provinciales_2019,,PIL,Province des Iles,988,98814,Lifou,LIFOU,0004,377,264,113,262,1,1,Jozip,JOZIP,1,Jozip,Lifou,LIEU_DIT_NC,TRIBU,,167.34721888788647,-20.940435542649407,tribus_villages_nc,15,1402,Lössi
provinciales_2019,,PIL,Province des Iles,988,98814,Lifou,LIFOU,0005,422,272,150,269,1,2,Jokin,JOKIN,1,Jokin,Lifou,LIEU_DIT_NC,TRIBU,,167.16447665584124,-20.703384020726688,tribus_villages_nc,16,1403,Wet
provinciales_2019,,PIL,Province des Iles,988,98814,Lifou,LIFOU,0006,585,296,289,292,3,1,Hmelek,HMELEK,1,Hmelek,Lifou,LIEU_DIT_NC,TRIBU,,167.28575148149378,-21.047986298100245,tribus_villages_nc,15,1402,Lössi
provinciales_2019,,PIL,Province des Iles,988,98814,Lifou,LIFOU,0007,547,314,233,310,2,2,Mou,MOU,1,Mou,Lifou,LIEU_DIT_NC,TRIBU,Mu,167.41341301025318,-21.092299627592674,tribus_villages_nc,15,1402,Lössi
provinciales_2019,,PIL,Province des Iles,988,98814,Lifou,LIFOU,0008,558,344,214,335,1,8,Hnathalo,HNATHALO,0.75,Hnacaöm,Lifou,LIEU_DIT_NC,TRIBU,,167.20569292168463,-20.72173372554335,tribus_villages_nc,16,1403,Wet
provinciales_2019,,PIL,Province des Iles,988,98814,Lifou,LIFOU,0009,228,128,100,127,1,0,Hnacaom,HNACAOM,1,Hnacaöm,Lifou,LIEU_DIT_NC,TRIBU,,167.20569292168463,-20.72173372554335,tribus_villages_nc,16,1403,Wet
provinciales_2019,,PIL,Province des Iles,988,98814,Lifou,LIFOU,0010,329,237,92,233,2,2,Siloam,SILOAM,1,Siloam,Lifou,LIEU_DIT_NC,TRIBU,,167.10495154784974,-20.76013449602238,tribus_villages_nc,16,1403,Wet
provinciales_2019,,PIL,Province des Iles,988,98814,Lifou,LIFOU,0011,348,185,163,184,1,0,Wasany,WASANY,1,Wasany,Lifou,LIEU_DIT_NC,TRIBU,,167.37793880476198,-21.00787866730366,tribus_villages_nc,15,1402,Lössi
provinciales_2019,,PIL,Province des Iles,988,98814,Lifou,LIFOU,0012,199,130,69,127,3,0,Tiga,TIGA,1,Tiga,Lifou,LIEU_DIT_NC,TRIBU,Toka,167.79672481501146,-21.094104177809253,tribus_villages_nc,15,1402,Lössi
provinciales_2019,,PIL,Province des Iles,988,98814,Lifou,LIFOU,0013,696,501,195,496,5,0,Luecila,LUECILA,1,Luecila,Lifou,LIEU_DIT_NC,TRIBU,,167.25787949950455,-20.900908884449866,tribus_villages_nc,16,1403,Wet
provinciales_2019,,PIL,Province des Iles,988,98814,Lifou,LIFOU,0014,435,334,101,334,0,0,Hapetra,HAPETRA,1,Hapetra,Lifou,LIEU_DIT_NC,TRIBU,,167.14706004416075,-20.93025342048714,tribus_villages_nc,14,1401,Gaitcha
provinciales_2019,,PIL,Province des Iles,988,98814,Lifou,LIFOU,0015,407,250,157,247,1,2,Nang,NANG,,,,,,,167.2237643213265,-20.78244820991056,arrete_manual_tribus,16,1403,Wet
provinciales_2019,,PIL,Province des Iles,988,98814,Lifou,LIFOU,0016,174,89,85,89,0,0,Xodre,XODRE,1,Xode,Lifou,LIEU_DIT_NC,TRIBU,Xodre,167.41059644422373,-21.127373900931634,tribus_villages_nc,15,1402,Lössi
provinciales_2019,,PIL,Province des Iles,988,98814,Lifou,LIFOU,0017,415,267,148,265,1,1,Huiwatrul,HUIWATRUL,1,Huiwatrul,Lifou,LIEU_DIT_NC,TRIBU,Hunöj,167.34969330586503,-21.090299188696775,tribus_villages_nc,15,1402,Lössi
provinciales_2019,,PIL,Province des Iles,988,98814,Lifou,LIFOU,0018,354,209,145,209,0,0,Wedrumel,WEDRUMEL,1,Wedumel,Lifou,LIEU_DIT_NC,TRIBU,Wedrumel,167.1109551627598,-20.984726331890663,tribus_villages_nc,14,1401,Gaitcha
provinciales_2019,,PIL,Province des Iles,988,98814,Lifou,LIFOU,0019,379,200,179,198,1,1,Traput,TRAPUT,1,Traput,Lifou,LIEU_DIT_NC,TRIBU,,167.30947771877948,-20.931287472634196,tribus_villages_nc,15,1402,Lössi
provinciales_2019,,PIL,Province des Iles,988,98814,Lifou,LIFOU,0020,467,301,166,301,0,0,Kedeigne,KEDEIGNE,1,Kedeigne,Lifou,LIEU_DIT_NC,TRIBU,Kejëny,167.21465752873138,-21.037060872425982,tribus_villages_nc,15,1402,Lössi
provinciales_2019,,PIL,Province des Iles,988,98814,Lifou,LIFOU,0021,273,152,121,152,0,0,Tingeting,TINGETING,1,Tingeting,Lifou,LIEU_DIT_NC,TRIBU,,167.26667509635985,-20.741613827760364,tribus_villages_nc,16,1403,Wet
provinciales_2019,,PIL,Province des Iles,988,98814,Lifou,LIFOU,0022,230,124,106,124,0,0,Hunëtë,HUNETE,1,Hunëtë,Lifou,LIEU_DIT_NC,TRIBU,,167.09364365001284,-20.763254184835077,tribus_villages_nc,16,1403,Wet
provinciales_2019,,PIL,Province des Iles,988,98814,Lifou,LIFOU,0023,350,273,77,268,2,3,Luengoni,LUENGONI,,,,,,,167.4090226,-21.033997,tidygeocoder_osm,,,
provinciales_2019,,PIL,Province des Iles,988,98814,Lifou,LIFOU,0024,146,80,66,79,1,0,Hnanemuhaetra,HNANEMUHAETRA,1,Hnanemuhaetra,Lifou,LIEU_DIT_NC,TRIBU,,167.2208209830944,-20.707970338645733,tribus_villages_nc,16,1403,Wet
provinciales_2019,,PIL,Province des Iles,988,98814,Lifou,LIFOU,0025,225,140,85,140,0,0,Hnasse,HNASSE,0.833,Hnaasé,Lifou,LIEU_DIT_NC,TRIBU,,167.26043772263108,-20.9143896938111,tribus_villages_nc,15,1402,Lössi
provinciales_2019,,PIL,Province des Iles,988,98814,Lifou,LIFOU,0026,166,117,49,117,0,0,Kirinata,KIRINATA,1,Kirinata,Lifou,LIEU_DIT_NC,TRIBU,,167.24979496278135,-20.81569061412791,tribus_villages_nc,16,1403,Wet
provinciales_2019,,PIL,Province des Iles,988,98815,Maré,MARE,0001,922,714,208,707,3,4,Faré Municipal,FARE MUNICIPAL,1,Tadine,Maré,LIEU_DIT_NC,TRIBU,Tadin,167.88122247564291,-21.54648900532693,tribus_villages_nc,19,1503,Tadine Pénélo
provinciales_2019,,PIL,Province des Iles,988,98815,Maré,MARE,0002,645,458,187,455,2,1,Hnawayetche,HNAWAYETCHE,1,Hnawayatche,Maré,LIEU_DIT_NC,TRIBU,Hnawayaca,167.85931527784155,-21.444202132872793,tribus_villages_nc,17,1501,Guahma
provinciales_2019,,PIL,Province des Iles,988,98815,Maré,MARE,0003,365,257,108,257,0,0,Tenane,TENANE,1,Tenan,Maré,LIEU_DIT_NC,TRIBU,,167.89430877263374,-21.40460074703544,tribus_villages_nc,17,1501,Guahma
provinciales_2019,,PIL,Province des Iles,988,98815,Maré,MARE,0004,327,242,85,242,0,0,Atha,ATHA,1,Atha,Maré,LIEU_DIT_NC,TRIBU,,168.01753084168095,-21.470451728197048,tribus_villages_nc,18,1502,La Roche
provinciales_2019,,PIL,Province des Iles,988,98815,Maré,MARE,0005,406,265,141,263,1,1,Tawainedre,TAWAINEDRE,1,Taweinedr,Maré,LIEU_DIT_NC,TRIBU,,168.08527860190287,-21.502551487309265,tribus_villages_nc,19,1503,Tadine Pénélo
provinciales_2019,,PIL,Province des Iles,988,98815,Maré,MARE,0006,733,583,150,582,0,1,Penelo,PENELO,1,Penelo,Maré,LIEU_DIT_NC,TRIBU,,168.08945780342214,-21.571088655754444,tribus_villages_nc,19,1503,Tadine Pénélo
provinciales_2019,,PIL,Province des Iles,988,98815,Maré,MARE,0007,604,479,125,479,0,0,Wabao,WABAO,1,Wabao,Maré,LIEU_DIT_NC,TRIBU,Wabawo,167.93937201549338,-21.60210597985789,tribus_villages_nc,19,1503,Tadine Pénélo
provinciales_2019,,PIL,Province des Iles,988,98815,Maré,MARE,0008,778,541,237,540,1,0,Netché,NETCHE,1,Netché,Maré,LIEU_DIT_NC,TRIBU,Nece,167.8385405434138,-21.49048664280733,tribus_villages_nc,17,1501,Guahma
provinciales_2019,,PIL,Province des Iles,988,98815,Maré,MARE,0009,240,168,72,165,0,3,Ménaku,MENAKU,1,Menaku,Maré,LIEU_DIT_NC,TRIBU,,167.96911686605617,-21.444234250592025,tribus_villages_nc,17,1501,Guahma
provinciales_2019,,PIL,Province des Iles,988,98815,Maré,MARE,0010,332,243,89,239,2,2,Mebuet,MEBUET,1,Mebuet,Maré,LIEU_DIT_NC,TRIBU,,167.84863195183632,-21.51331947619321,tribus_villages_nc,17,1501,Guahma
provinciales_2019,,PIL,Province des Iles,988,98815,Maré,MARE,0011,285,191,94,191,0,0,Roh,ROH,0.95,Ro,Maré,LIEU_DIT_NC,TRIBU,,167.86202487687797,-21.39242632802858,tribus_villages_nc,17,1501,Guahma
provinciales_2019,,PIL,Province des Iles,988,98815,Maré,MARE,0012,328,235,93,233,1,1,Eni,ENI,1,Eni,Maré,LIEU_DIT_NC,TRIBU,,167.94942757221617,-21.62666270346723,tribus_villages_nc,19,1503,Tadine Pénélo
provinciales_2019,,PIL,Province des Iles,988,98815,Maré,MARE,0013,597,402,195,400,0,2,La Roche,LA ROCHE,1,La Roche,Maré,LIEU_DIT_NC,TRIBU,,168.03155085257677,-21.471745123256497,tribus_villages_nc,18,1502,La Roche
provinciales_2019,,PIL,Province des Iles,988,98820,Ouvéa,OUVEA,0001,914,620,294,619,0,1,Mairie,MAIRIE,,,,,,,166.5351802059145,-20.652759156712985,arrete_manual_tribus,86,2002,Fayaoué
provinciales_2019,,PIL,Province des Iles,988,98820,Ouvéa,OUVEA,0002,849,478,371,469,2,7,Fayaoué,FAYAOUE,1,Fayaoué,Ouvéa,LIEU_DIT_NC,TRIBU,Fajawe,166.5351802059145,-20.652759156712985,tribus_villages_nc,86,2002,Fayaoué
provinciales_2019,,PIL,Province des Iles,988,98820,Ouvéa,OUVEA,0003,564,396,168,396,0,0,Eot,EOT,1,St Joseph,Ouvéa,LIEU_DIT_NC,TRIBU,Heo,166.60278918905198,-20.44905017069691,tribus_villages_nc,85,2001,Saint Joseph Gossanah Takedji
provinciales_2019,,PIL,Province des Iles,988,98820,Ouvéa,OUVEA,0004,404,255,149,253,0,2,Mouli,MOULI,1,Mouli,Ouvéa,LIEU_DIT_NC,TRIBU,Muli,166.42132025613634,-20.72325484847604,tribus_villages_nc,87,2003,Mouli
provinciales_2019,,PIL,Province des Iles,988,98820,Ouvéa,OUVEA,0005,830,533,297,530,0,3,Wénéki,WENEKI,1,Weneki,Ouvéa,LIEU_DIT_NC,TRIBU,,166.61213110267843,-20.44626073917101,tribus_villages_nc,85,2001,Saint Joseph Gossanah Takedji
provinciales_2019,,PIL,Province des Iles,988,98820,Ouvéa,OUVEA,0006,433,275,158,273,2,0,Ognahut,OGNAHUT,1,Ognahut,Ouvéa,LIEU_DIT_NC,TRIBU,Hanyââû,166.55961927804398,-20.65637156152609,tribus_villages_nc,86,2002,Fayaoué
provinciales_2019,,PIL,Province des Iles,988,98820,Ouvéa,OUVEA,0007,306,182,124,164,14,4,Lekiny,LEKINY,1,Lekine,Ouvéa,LIEU_DIT_NC,TRIBU,Lekiny,166.49017173263093,-20.69359693939266,tribus_villages_nc,87,2003,Mouli
provinciales_2019,,PN,Province Nord,988,98801,Bélep,BELEP,0001,912,490,422,487,1,2,Mairie,MAIRIE,0.7,Waala,Belep,LIEU_DIT_NC,VILLE,,163.6480110596638,-19.71203277091468,tribus_villages_nc,3,101,Bélep
provinciales_2019,,PN,Province Nord,988,98804,Canala,CANALA,0001,369,247,122,234,6,7,Mairie,MAIRIE,0.7,CANALA,Canala,LIEU_DIT_NC,VILLE,Xârâcùù,165.96392757417755,-21.522084905801098,tribus_villages_nc,136,401,Canala village
provinciales_2019,,PN,Province Nord,988,98804,Canala,CANALA,0002,791,514,277,509,5,0,Nakéty,NAKETY,1,Nakéty,Canala,LIEU_DIT_NC,TRIBU,Nèkètè,166.04631481753384,-21.54222544058342,tribus_villages_nc,137,403,Gélima - Nakéty
provinciales_2019,,PN,Province Nord,988,98804,Canala,CANALA,0003,458,287,171,279,4,4,Nanon-Kénérou,NANON KENEROU,0.95,Nanon-Kénérou,Canala,LIEU_DIT_NC,TRIBU,Nèno - Kénéru,165.88480729759476,-21.546697208816735,tribus_villages_nc,136,401,Canala village
provinciales_2019,,PN,Province Nord,988,98804,Canala,CANALA,0004,778,496,282,478,7,11,Méhoué,MEHOUE,1,Méhoué,Canala,LIEU_DIT_NC,TRIBU,Mèèwéé,165.9494172177474,-21.51958486452521,tribus_villages_nc,136,401,Canala village
provinciales_2019,,PN,Province Nord,988,98804,Canala,CANALA,0005,704,452,252,439,5,8,Gélima,GELIMA,1,Gélima,Canala,LIEU_DIT_NC,TRIBU,Jari Mwâ,165.98151543430086,-21.534392845846163,tribus_villages_nc,137,403,Gélima - Nakéty
provinciales_2019,,PN,Province Nord,988,98804,Canala,CANALA,0006,284,162,122,138,7,17,Mérénémé,MERENEME,1,Mérénémé,Canala,LIEU_DIT_NC,TRIBU,,165.92818615112122,-21.514857403632252,tribus_villages_nc,136,401,Canala village
provinciales_2019,,PN,Province Nord,988,98807,Hienghène,HIENGHENE,0001,541,304,237,302,0,2,Mairie,MAIRIE,0.7,HIENGHENE,Hienghène,LIEU_DIT_NC,VILLE,,164.94565765433836,-20.688834938182335,tribus_villages_nc,155,701,Hienghéne littoral
provinciales_2019,,PN,Province Nord,988,98807,Hienghène,HIENGHENE,0002,216,157,59,157,0,0,Tendo,TENDO,1,Tendo,Hienghène,LIEU_DIT_NC,TRIBU,Tnèdo,164.8162801367713,-20.71273259336387,tribus_villages_nc,156,704,Tiendanite Ouayaguette
provinciales_2019,,PN,Province Nord,988,98807,Hienghène,HIENGHENE,0003,112,67,45,66,0,1,Bas-Coulna,BAS COULNA,1,Bas-Coulna,Hienghène,LIEU_DIT_NC,TRIBU,Wan Déuc,164.78261362354763,-20.687835024386533,tribus_villages_nc,156,704,Tiendanite Ouayaguette
provinciales_2019,,PN,Province Nord,988,98807,Hienghène,HIENGHENE,0004,102,59,43,59,0,0,Haut-Coulna,HAUT COULNA,1,Haut-Coulna,Hienghène,LIEU_DIT_NC,TRIBU,Paana,164.7358564404401,-20.63480876362534,tribus_villages_nc,156,704,Tiendanite Ouayaguette
provinciales_2019,,PN,Province Nord,988,98807,Hienghène,HIENGHENE,0005,181,109,72,108,0,1,Ouayaguette,OUAYAGUETTE,1,Ouayaguette,Hienghène,LIEU_DIT_NC,TRIBU,Wébia,164.6835205195477,-20.659220188803257,tribus_villages_nc,156,704,Tiendanite Ouayaguette
provinciales_2019,,PN,Province Nord,988,98807,Hienghène,HIENGHENE,0006,212,138,74,136,1,1,Ouaième,OUAIEME,1,Ouaïème,Hienghène,LIEU_DIT_NC,TRIBU,Wâyém,164.84911233352278,-20.61488125992091,tribus_villages_nc,155,701,Hienghéne littoral
provinciales_2019,,PN,Province Nord,988,98807,Hienghène,HIENGHENE,0007,70,32,38,31,0,1,Oué-Hawa,OUE HAWA,0.875,Oué-Hava,Hienghène,LIEU_DIT_NC,TRIBU,Wé Hava,165.03458545186362,-20.765966185987494,tribus_villages_nc,156,704,Tiendanite Ouayaguette
provinciales_2019,,PN,Province Nord,988,98807,Hienghène,HIENGHENE,0008,97,81,16,81,0,0,Tiendanite,TIENDANITE,1,Tiendanite,Hienghène,LIEU_DIT_NC,TRIBU,Tândanit,164.8988687236624,-20.75818441571426,tribus_villages_nc,156,704,Tiendanite Ouayaguette
provinciales_2019,,PN,Province Nord,988,98807,Hienghène,HIENGHENE,0009,585,408,177,407,0,1,Ouaré,OUARE,1,Ouaré,Hienghène,LIEU_DIT_NC,TRIBU,Waré,164.93523458965643,-20.673024668353836,tribus_villages_nc,155,701,Hienghéne littoral
provinciales_2019,,PN,Province Nord,988,98807,Hienghène,HIENGHENE,0010,288,175,113,173,2,0,Léwarap,LEWARAP,1,Lewarap,Hienghène,LIEU_DIT_NC,TRIBU,Wérap,164.92837654735197,-20.722390044785012,tribus_villages_nc,155,701,Hienghéne littoral
provinciales_2019,,PN,Province Nord,988,98808,Houailou,HOUAILOU,0001,417,255,162,247,3,5,Mairie,MAIRIE,0.7,HOUAÏLOU,Houaïlou,LIEU_DIT_NC,VILLE,Waa wi Luu,165.6260919909217,-21.278284372962112,tribus_villages_nc,157,801,Houailou village
provinciales_2019,,PN,Province Nord,988,98808,Houailou,HOUAILOU,0002,659,399,260,368,22,9,Warai,WARAI,0.95,Kua,Houaïlou,LIEU_DIT_NC,TRIBU,Wa',165.76989808558005,-21.33124821435679,tribus_villages_nc,160,807,Boréaré - Coula - Karagreu
provinciales_2019,,PN,Province Nord,988,98808,Houailou,HOUAILOU,0003,370,245,125,242,1,2,Bâ,BA,1,Bâ,Houaïlou,LIEU_DIT_NC,TRIBU,Bwa,165.55842620966266,-21.19827944865936,tribus_villages_nc,158,803,Warai
provinciales_2019,,PN,Province Nord,988,98808,Houailou,HOUAILOU,0004,296,164,132,159,2,3,Nessakoéa,NESSAKOEA,0.842,Nessa Kouya,Houaïlou,LIEU_DIT_NC,TRIBU,Nérhexa i Kwéaa,165.5267547278778,-21.28421939373571,tribus_villages_nc,159,805,Nédivin - Bas Nindien
provinciales_2019,,PN,Province Nord,988,98808,Houailou,HOUAILOU,0005,522,267,255,256,6,5,Poro,PORO,1,Poro,Houaïlou,LIEU_DIT_NC,LDH,Pô Ro,165.70953015747588,-21.30262511634177,tribus_villages_nc,157,801,Houailou village
provinciales_2019,,PN,Province Nord,988,98808,Houailou,HOUAILOU,0006,488,269,219,265,4,0,Coula,COULA,1,Coula,Houaïlou,LIEU_DIT_NC,TRIBU,Kuru raa,165.44899405604838,-21.336853600338287,tribus_villages_nc,160,807,Boréaré - Coula - Karagreu
provinciales_2019,,PN,Province Nord,988,98808,Houailou,HOUAILOU,0007,328,193,135,191,2,0,Néaoua,NEAOUA,1,Néaoua,Houaïlou,LIEU_DIT_NC,TRIBU,Né awa,165.6455007313978,-21.325531853593,tribus_villages_nc,157,801,Houailou village
provinciales_2019,,PN,Province Nord,988,98808,Houailou,HOUAILOU,0008,499,312,187,303,1,8,Nédivin,NEDIVIN,1,Nédivin,Houaïlou,LIEU_DIT_NC,TRIBU,Nédii vârâ,165.57082158687447,-21.289736384804883,tribus_villages_nc,159,805,Nédivin - Bas Nindien
provinciales_2019,,PN,Province Nord,988,98810,Kaala Gomen,KAALAGOMEN,0001,485,270,215,268,0,2,Mairie,MAIRIE,0.98,Mairie de Kaala-Gomen,804 Avenue de BWAPANU,ADMINISTRATION ET ORGANISME,Administrations des collectivités,Administration de la commune de Kaala-Gomen,164.397185345977,-20.6671314843025,etablissements_publics_nc,1,1001,Kaala Gomen village et littoral
provinciales_2019,,PN,Province Nord,988,98810,Kaala Gomen,KAALAGOMEN,0002,357,258,99,258,0,0,Oueholle,OUEHOLLE,0.93,Ecole catholique de Ouéholle,,ENSEIGNEMENT ET FORMATION,Enseignement du premier degré,Ecole pré-élémentaire,164.545680960012,-20.6046276080457,etablissements_publics_nc,2,1004,Ouéholle - Ouémou - Kourou
provinciales_2019,,PN,Province Nord,988,98810,Kaala Gomen,KAALAGOMEN,0003,274,161,113,159,0,2,Maison Commune de Païta,MAISON COMMUNE DE PAITA,0.688,Maison commune de Piata,,CULTUREL ET SOCIO EDUCATIF,Equipements socio-éducatifs et socio-culturels,Maison de jeune et maison de quartier,164.426512320768,-20.6494636653987,etablissements_publics_nc,1,1001,Kaala Gomen village et littoral
provinciales_2019,,PN,Province Nord,988,98810,Kaala Gomen,KAALAGOMEN,0004,182,127,55,126,1,0,Maison Commune de Gamaï,MAISON COMMUNE DE GAMAI,0.75,Maison commune de Gamaï,,CULTUREL ET SOCIO EDUCATIF,Equipements socio-éducatifs et socio-culturels,Maison de jeune et maison de quartier,164.486749878062,-20.6941126404856,etablissements_publics_nc,1,1001,Kaala Gomen village et littoral
provinciales_2019,,PN,Province Nord,988,98810,Kaala Gomen,KAALAGOMEN,0005,122,104,18,104,0,0,Maison Commune de Baoui,MAISON COMMUNE DE BAOUI,0.75,Maison commune de Baoui,,CULTUREL ET SOCIO EDUCATIF,Equipements socio-éducatifs et socio-culturels,Maison de jeune et maison de quartier,164.463552597488,-20.6891303658536,etablissements_publics_nc,1,1001,Kaala Gomen village et littoral
provinciales_2019,,PN,Province Nord,988,98810,Kaala Gomen,KAALAGOMEN,0006,191,124,67,120,4,0,Ouaco,OUACO,0.93,Ecole de Ouaco,185 Rue Victor ROFFEY,ENSEIGNEMENT ET FORMATION,Enseignement du premier degré,Ecole élémentaire,164.471215971078,-20.8375035625753,etablissements_publics_nc,1,1001,Kaala Gomen village et littoral
provinciales_2019,,PN,Province Nord,988,98811,Koné,KONE,0001,631,436,195,421,12,3,Mairie,MAIRIE,0.556,Plateau sportif de Téari,AVENUE FOUE,EQUIPEMENT SPORTIF,Terrains sportifs normalisés,Terrain polyvalent,164.866375124843,-21.0740850901806,etablissements_publics_nc,5,1102,Paiamboué - La Caférie - Foué
provinciales_2019,,PN,Province Nord,988,98811,Koné,KONE,0002,162,113,49,113,0,0,Poindah,POINDAH,0.93,Maison commune de Poindah,,CULTUREL ET SOCIO EDUCATIF,Equipements socio-éducatifs et socio-culturels,Maison de jeune et maison de quartier,164.964442641559,-21.0372102738018,etablissements_publics_nc,7,1107,Poindah - Noelly - Néami - Netchaot
provinciales_2019,,PN,Province Nord,988,98811,Koné,KONE,0003,390,273,117,272,1,0,Netchaot,NETCHAOT,0.93,Ecole maternelle publique de Nétchaot,Route du STADE de NETCHAOT,ENSEIGNEMENT ET FORMATION,Enseignement du premier degré,Ecole pré-élémentaire,165.022902317548,-21.0054157631335,etablissements_publics_nc,7,1107,Poindah - Noelly - Néami - Netchaot
provinciales_2019,,PN,Province Nord,988,98811,Koné,KONE,0004,258,213,45,213,0,0,Tiaoué,TIAOUE,0.93,Ecole publique de Tiaoué,RM5,ENSEIGNEMENT ET FORMATION,Enseignement du premier degré,Ecole primaire,164.916802108,-21.0000621217301,etablissements_publics_nc,7,1107,Poindah - Noelly - Néami - Netchaot
provinciales_2019,,PN,Province Nord,988,98811,Koné,KONE,0005,129,94,35,94,0,0,Atéou,ATEOU,0.93,Ecole publique d'Atéou,Route de l'EGLISE d'ATEOU,ENSEIGNEMENT ET FORMATION,Enseignement du premier degré,Ecole primaire,164.90654574925,-20.9500343540188,etablissements_publics_nc,7,1107,Poindah - Noelly - Néami - Netchaot
provinciales_2019,,PN,Province Nord,988,98811,Koné,KONE,0006,211,152,59,148,4,0,Bopope,BOPOPE,0.93,Ecole privée protestante Bopope,ROUTE BOPOPE BOPOPE,ENSEIGNEMENT ET FORMATION,Enseignement du premier degré,Ecole primaire,165.079714634727,-20.9178415050895,etablissements_publics_nc,8,1108,Bopope
provinciales_2019,,PN,Province Nord,988,98811,Koné,KONE,0007,206,145,61,144,1,0,Neami,NEAMI,0.93,Ecole maternelle publique de Néami,Route GOROPOADJILEI,ENSEIGNEMENT ET FORMATION,Enseignement du premier degré,Ecole pré-élémentaire,164.971958124292,-20.977983356452,etablissements_publics_nc,7,1107,Poindah - Noelly - Néami - Netchaot
provinciales_2019,,PN,Province Nord,988,98811,Koné,KONE,0008,400,282,118,279,2,1,Baco,BACO,0.93,Maison commune de Baco,,CULTUREL ET SOCIO EDUCATIF,Equipements socio-éducatifs et socio-culturels,Maison de jeune et maison de quartier,164.895177171264,-21.0667090848805,etablissements_publics_nc,6,1103,Baco - Koniambo
provinciales_2019,,PN,Province Nord,988,98811,Koné,KONE,0009,649,427,222,411,9,7,Ecole Primaire Les Cigales,ECOLE PRIMAIRE LES CIGALES,0.88,Ecole publique Les Cigales,12 RUE DES ABEILLES,ENSEIGNEMENT ET FORMATION,Enseignement du premier degré,Ecole primaire,164.8701529762,-21.0521518022935,etablissements_publics_nc,4,1101,Koné village
provinciales_2019,,PN,Province Nord,988,98811,Koné,KONE,0010,212,147,65,145,2,0,Noëlly,NOELLY,0.93,Ecole maternelle publique de Noelly,Route de l'ECOLE de NOELI,ENSEIGNEMENT ET FORMATION,Enseignement du premier degré,Ecole pré-élémentaire,164.947538773364,-21.0048750710989,etablissements_publics_nc,7,1107,Poindah - Noelly - Néami - Netchaot
provinciales_2019,,PN,Province Nord,988,98811,Koné,KONE,0011,487,328,159,309,13,6,Mairie 2,MAIRIE 2,0.636,Déchetterie,5135 AVENUE DU LAPITA,TRANSPORT ET DECHET,Gestion des déchets,Installation de stockage des déchets,164.82630681362,-21.0553442775238,etablissements_publics_nc,4,1101,Koné village
provinciales_2019,,PN,Province Nord,988,98811,Koné,KONE,0012,394,309,85,302,4,3,Les Allamandas,LES ALLAMANDAS,0.93,Ecole publique Les Allamandas,242 RUE PAUL NAPOAREA,ENSEIGNEMENT ET FORMATION,Enseignement du premier degré,Ecole primaire,164.856461111321,-21.052040276968,etablissements_publics_nc,4,1101,Koné village
provinciales_2019,,PN,Province Nord,988,98833,Kouaoua,KOUAOUA,0001,539,357,182,353,3,1,Mairie,MAIRIE,0.7,KOUAOUA,Kouaoua,LIEU_DIT_NC,VILLE,Aumu,165.82856671021466,-21.396045166693337,tribus_villages_nc,134,3301,Kouaoua village - Amon Kasiori
provinciales_2019,,PN,Province Nord,988,98833,Kouaoua,KOUAOUA,0002,259,175,84,173,1,1,Ouérou-Piment,OUEROU PIMENT,0.95,Ouéroupimé,Kouaoua,LIEU_DIT_NC,TRIBU,Wérupimé,165.72221294003012,-21.49791198784617,tribus_villages_nc,135,3302,Méa Mébara - Ouérou Pimet
provinciales_2019,,PN,Province Nord,988,98833,Kouaoua,KOUAOUA,0003,143,109,34,108,0,1,Koh,KOH,1,Koh,Kouaoua,LIEU_DIT_NC,TRIBU,,165.83542921955194,-21.536184530370736,tribus_villages_nc,135,3302,Méa Mébara - Ouérou Pimet
provinciales_2019,,PN,Province Nord,988,98833,Kouaoua,KOUAOUA,0004,168,97,71,96,1,0,Méa-Mébara,MEA MEBARA,1,Méa Mébara,Kouaoua,LIEU_DIT_NC,TRIBU,,165.78859040310297,-21.469132110021317,tribus_villages_nc,135,3302,Méa Mébara - Ouérou Pimet
provinciales_2019,,PN,Province Nord,988,98812,Koumac,KOUMAC,0001,1157,728,429,706,11,11,Mairie 1 et Centralisateur,MAIRIE 1 ET CENTRALISATEUR,0.99,Mairie de Koumac,,ADMINISTRATION ET ORGANISME,Administrations des collectivités,Administration de la commune de Koumac,164.280241420927,-20.5602050455624,arrete_manual_etablissements,9,1201,Koumac village
provinciales_2019,,PN,Province Nord,988,98812,Koumac,KOUMAC,0002,1482,926,556,889,20,17,Ecole Primaire Charles Mermoud 2,ECOLE PRIMAIRE CHARLES MERMOUD 2,0.874,Ecole Charles MERMOUD,,ENSEIGNEMENT ET FORMATION,Enseignement du premier degré,Ecole primaire,164.282519595968,-20.5572929814306,etablissements_publics_nc,9,1201,Koumac village
provinciales_2019,,PN,Province Nord,988,98819,Ouégoa,OUEGOA,0001,799,494,305,468,12,14,Mairie,MAIRIE,0.7,OUEGOA,Ouégoa,LIEU_DIT_NC,VILLE,,164.43943670837254,-20.34408534785039,tribus_villages_nc,82,1901,Ouégoa village - Balagam - Paraoua - Tarap
provinciales_2019,,PN,Province Nord,988,98819,Ouégoa,OUEGOA,0002,802,476,326,475,0,1,Bondé,BONDE,1,Bondé,Ouégoa,LIEU_DIT_NC,LDH,Bodé,164.4324943000077,-20.429158724947957,tribus_villages_nc,84,1903,Bondé
provinciales_2019,,PN,Province Nord,988,98819,Ouégoa,OUEGOA,0003,386,224,162,223,0,1,Paimboas,PAIMBOAS,0.99,Ouénia,Ouégoa,ARRETE_MANUAL,TRIBU,Wénya,164.52279333171543,-20.52170436626958,arrete_manual_tribus,84,1903,Bondé
provinciales_2019,,PN,Province Nord,988,98819,Ouégoa,OUEGOA,0004,143,101,42,101,0,0,Tiari,TIARI,1,Tiari,Ouégoa,LIEU_DIT_NC,TRIBU,Ciari,164.3468221527753,-20.245820839427363,tribus_villages_nc,83,1902,Pam - Tiari
provinciales_2019,,PN,Province Nord,988,98822,Poindimié,POINDIMIE,0001,1120,657,463,646,6,5,Mairie,MAIRIE,0.7,POINDIMIE,Poindimié,LIEU_DIT_NC,VILLE,Pwêêdi Wiimiâ,165.33315827223544,-20.938215187057807,tribus_villages_nc,102,2201,Poindimié village
provinciales_2019,,PN,Province Nord,988,98822,Poindimié,POINDIMIE,0002,503,338,165,322,4,12,Ouindo,OUINDO,1,Ouindo,Poindimié,LIEU_DIT_NC,TRIBU,Wiidö,165.39928663560227,-20.98624503490911,tribus_villages_nc,104,2204,Tibarama - Bayes - Ouindo - Ometteux - Napoém
provinciales_2019,,PN,Province Nord,988,98822,Poindimié,POINDIMIE,0003,553,377,176,375,1,1,Bayes,BAYES,1,Bayes,Poindimié,LIEU_DIT_NC,TRIBU,Nägèè,165.41027144991733,-20.95108534474138,tribus_villages_nc,104,2204,Tibarama - Bayes - Ouindo - Ometteux - Napoém
provinciales_2019,,PN,Province Nord,988,98822,Poindimié,POINDIMIE,0004,489,354,135,353,0,1,Amoa,AMOA,0.667,Paama,Poindimié,LIEU_DIT_NC,TRIBU,Na ara pô,165.39810099674145,-20.94109090560688,tribus_villages_nc,104,2204,Tibarama - Bayes - Ouindo - Ometteux - Napoém
provinciales_2019,,PN,Province Nord,988,98822,Poindimié,POINDIMIE,0005,559,396,163,392,1,3,Tye,TYE,1,Tié,Poindimié,LIEU_DIT_NC,TRIBU,Cié,165.2980420173767,-20.900766814763863,tribus_villages_nc,103,2202,Tiéti - Tyé
provinciales_2019,,PN,Province Nord,988,98822,Poindimié,POINDIMIE,0006,322,210,112,208,2,0,Tiwaka,TIWAKA,1,Tiwaka,Poindimié,LIEU_DIT_NC,TRIBU,,165.22299948568272,-20.895132063083377,tribus_villages_nc,103,2202,Tiéti - Tyé
provinciales_2019,,PN,Province Nord,988,98822,Poindimié,POINDIMIE,0007,544,382,162,379,3,0,Tiéti,TIETI,1,Tiéti,Poindimié,LIEU_DIT_NC,TRIBU,Näcètii,165.31101622324238,-20.919563042768107,tribus_villages_nc,103,2202,Tiéti - Tyé
provinciales_2019,,PN,Province Nord,988,98823,Ponérihouen,PONERIHOUEN,0001,480,313,167,304,5,4,Mairie,MAIRIE,0.7,PONERIHOUEN,Ponérihouen,LIEU_DIT_NC,VILLE,Pwäräiriwä,165.40196429415164,-21.070938768181968,tribus_villages_nc,106,2302,Ponérihouen village
provinciales_2019,,PN,Province Nord,988,98823,Ponérihouen,PONERIHOUEN,0002,447,268,179,264,3,1,Monéo,MONEO,1,Monéo,Ponérihouen,LIEU_DIT_NC,TRIBU,Kwéaa,165.47846310724432,-21.150451617013218,tribus_villages_nc,106,2302,Ponérihouen village
provinciales_2019,,PN,Province Nord,988,98823,Ponérihouen,PONERIHOUEN,0003,312,219,93,217,1,1,Tchamba,TCHAMBA,1,Tchamba,Ponérihouen,LIEU_DIT_NC,TRIBU,(Câba),165.2930233618618,-21.038585818858223,tribus_villages_nc,107,2303,Goyetta - Goa - Nébouéba - St Yves
provinciales_2019,,PN,Province Nord,988,98823,Ponérihouen,PONERIHOUEN,0004,384,262,122,260,1,1,Goa,GOA,0.95,Goa,Ponérihouen,LIEU_DIT_NC,TRIBU,Göröwâméadù,165.30971500397104,-21.10629747908845,tribus_villages_nc,107,2303,Goyetta - Goa - Nébouéba - St Yves
provinciales_2019,,PN,Province Nord,988,98823,Ponérihouen,PONERIHOUEN,0005,492,337,155,332,3,2,Grondu,GRONDU,0.95,Grondu,Ponérihouen,LIEU_DIT_NC,TRIBU,Göröidù,165.38976794045686,-21.076609909810266,tribus_villages_nc,106,2302,Ponérihouen village
provinciales_2019,,PN,Province Nord,988,98823,Ponérihouen,PONERIHOUEN,0006,164,114,50,112,2,0,Mou,MOU,0.95,Mou,Ponérihouen,LIEU_DIT_NC,TRIBU,Aupatöriba,165.44259083569398,-21.09696482410325,tribus_villages_nc,106,2302,Ponérihouen village
provinciales_2019,,PN,Province Nord,988,98823,Ponérihouen,PONERIHOUEN,0007,326,229,97,229,0,0,Goyetta,GOYETTA,0.95,Pöö,Ponérihouen,LIEU_DIT_NC,TRIBU,Pwënîrî wâdé,165.38150315716302,-21.17209523739158,tribus_villages_nc,106,2302,Ponérihouen village
provinciales_2019,,PN,Province Nord,988,98825,Pouembout,POUEMBOUT,0001,1097,750,347,732,15,3,Mairie,MAIRIE,0.98,Mairie de Pouembout,302 AVENUE DE POUEMBOUT,ADMINISTRATION ET ORGANISME,Administrations des collectivités,Administration de la commune de Pouembout,164.901099514933,-21.1214333298182,etablissements_publics_nc,112,2501,Pouembout village
provinciales_2019,,PN,Province Nord,988,98825,Pouembout,POUEMBOUT,0002,156,131,25,128,2,1,Paouta,PAOUTA,0.93,Maison commune de Paouta,,CULTUREL ET SOCIO EDUCATIF,Equipements socio-éducatifs et socio-culturels,Maison de jeune et maison de quartier,165.004824198459,-21.061258041708,etablissements_publics_nc,113,2503,Pinda - Ouaté - Kopéto
provinciales_2019,,PN,Province Nord,988,98825,Pouembout,POUEMBOUT,0003,134,95,39,94,0,1,Ouaté,OUATE,0.99,Ouate,Pouembout,LIEU_DIT_NC,TRIBU,Wete,165.125775830839,-21.1850509030541,tribus_villages_nc_manual,,,
provinciales_2019,,PN,Province Nord,988,98826,Poum,POUM,0001,601,389,212,386,0,3,Mairie,MAIRIE,0.7,POUM,Poum,LIEU_DIT_NC,VILLE,,164.02565823453438,-20.232335490929035,tribus_villages_nc,114,2601,Poum du village - Poingam
provinciales_2019,,PN,Province Nord,988,98826,Poum,POUM,0002,392,287,105,285,0,2,Tiabet,TIABET,1,Tiabet,Poum,LIEU_DIT_NC,TRIBU,Cavet,164.0259384508845,-20.127138518272172,tribus_villages_nc,114,2601,Poum du village - Poingam
provinciales_2019,,PN,Province Nord,988,98826,Poum,POUM,0003,388,242,146,240,2,0,Arama,ARAMA,0.95,Arama,Poum,LIEU_DIT_NC,LDH,Aramwâ,164.20258021961365,-20.252916819670393,tribus_villages_nc,115,2603,Bouarou - Pangai - Narai
provinciales_2019,,PN,Province Nord,988,98824,Pouébo,POUEBO,0001,718,364,354,360,1,3,Mairie,MAIRIE,0.7,POUEBO,Pouébo,LIEU_DIT_NC,VILLE,,164.5872015210802,-20.399273159074973,tribus_villages_nc,109,2401,Pouébo village - St Ferdinand - St Louis
provinciales_2019,,PN,Province Nord,988,98824,Pouébo,POUEBO,0002,533,307,226,302,2,3,Saint Denis Ballade,SAINT DENIS BALLADE,0.973,St Denis,Pouébo,LIEU_DIT_NC,TRIBU,,164.49963895578423,-20.310000557096696,tribus_villages_nc,109,2401,Pouébo village - St Ferdinand - St Louis
provinciales_2019,,PN,Province Nord,988,98824,Pouébo,POUEBO,0003,387,233,154,233,0,0,Yambé,YAMBE,1,Yambé,Pouébo,LIEU_DIT_NC,TRIBU,Yabé,164.658766232452,-20.439464504971355,tribus_villages_nc,110,2402,Tchamboéne - Diahoué - Colnett
provinciales_2019,,PN,Province Nord,988,98824,Pouébo,POUEBO,0004,546,310,236,305,3,2,Saint-Louis,SAINT LOUIS,1,St Louis,Pouébo,LIEU_DIT_NC,TRIBU,,164.56475883280652,-20.370617010719258,tribus_villages_nc,109,2401,Pouébo village - St Ferdinand - St Louis
provinciales_2019,,PN,Province Nord,988,98824,Pouébo,POUEBO,0005,117,62,55,61,0,1,Colnett,COLNETT,0.95,Colnett,Pouébo,LIEU_DIT_NC,TRIBU,,164.73002659765442,-20.4756971674156,tribus_villages_nc,110,2402,Tchamboéne - Diahoué - Colnett
provinciales_2019,,PN,Province Nord,988,98827,Poya Nord,POYA,0001,510,342,168,333,5,4,Mairie 1,MAIRIE 1,0.99,Népoui,Poya,ARRETE_MANUAL,VILLE,,164.99768585786552,-21.326893497720405,arrete_manual_tribus,116,2701,Poya villageé Népoui
provinciales_2019,,PN,Province Nord,988,98827,Poya Nord,POYA,0002,447,313,134,312,0,1,Gohapin,GOHAPIN,0.99,Goipin,Poya,ARRETE_MANUAL,TRIBU,,165.27390161257972,-21.22505994951149,arrete_manual_tribus,117,2705,Gohapin - Montfaoué - Néklia - Kradji
provinciales_2019,,PN,Province Nord,988,98827,Poya Nord,POYA,0003,685,441,244,418,16,7,Népoui,NEPOUI,0.99,Népoui,Poya,ARRETE_MANUAL,VILLE,,164.99768585786552,-21.326893497720405,arrete_manual_tribus,116,2701,Poya villageé Népoui
provinciales_2019,,PN,Province Nord,988,98827,Poya Nord,POYA,0004,250,170,80,170,0,0,Montfaoué,MONTFAOUE,0.99,Montfaoué,Poya,ARRETE_MANUAL,TRIBU,,165.2933124776928,-21.277955211764784,arrete_manual_tribus,117,2705,Gohapin - Montfaoué - Néklia - Kradji
provinciales_2019,,PN,Province Nord,988,98827,Poya Nord,POYA,0006,186,126,60,125,1,0,Nékliai,NEKLIAI,0.99,Nekliaï,Poya,ARRETE_MANUAL,TRIBU,Nékilyai,165.1862986905251,-21.29493580556391,arrete_manual_tribus,117,2705,Gohapin - Montfaoué - Néklia - Kradji
provinciales_2019,,PN,Province Nord,988,98830,Touho,TOUHO,0001,966,637,329,625,8,4,Mairie,MAIRIE,0.7,TOUHO,Touho,LIEU_DIT_NC,VILLE,Tuo,165.23869122747195,-20.77975735338533,tribus_villages_nc,122,3001,Touho village
provinciales_2019,,PN,Province Nord,988,98830,Touho,TOUHO,0002,221,137,84,134,3,0,Tiouandé,TIOUANDE,1,Tiouandé,Touho,LIEU_DIT_NC,TRIBU,Tewaade,165.04706639545026,-20.742192862631615,tribus_villages_nc,123,3003,Tiouandé - Ouanache - Congouma - Paola
provinciales_2019,,PN,Province Nord,988,98830,Touho,TOUHO,0003,302,187,115,181,4,2,Kokingone,KOKINGONE,1,Kokingone,Touho,LIEU_DIT_NC,TRIBU,Ko cèï goon,165.25551905392797,-20.85522530725118,tribus_villages_nc,124,3004,Koe - Kokingone - Tiwaka - Pombéi
provinciales_2019,,PN,Province Nord,988,98830,Touho,TOUHO,0004,405,277,128,276,1,0,Paola,PAOLA,1,Paola,Touho,LIEU_DIT_NC,TRIBU,Pwoï,165.1103595238747,-20.77393379422664,tribus_villages_nc,123,3003,Tiouandé - Ouanache - Congouma - Paola
provinciales_2019,,PN,Province Nord,988,98831,Voh,VOH,0001,817,544,273,523,17,4,Mairie,MAIRIE,0.98,Mairie de Voh,,ADMINISTRATION ET ORGANISME,Administrations des collectivités,Administration de la commune de Voh,164.686182051524,-20.9488288857597,etablissements_publics_nc,129,3101,Voh village - Gatope
provinciales_2019,,PN,Province Nord,988,98831,Voh,VOH,0002,813,541,272,533,7,1,Témala,TEMALA,0.93,Ecole primaire de Témala Ouélisse,,ENSEIGNEMENT ET FORMATION,Enseignement du premier degré,Ecole élémentaire,164.689267929949,-20.87135077045,etablissements_publics_nc,130,3103,Témala
provinciales_2019,,PN,Province Nord,988,98831,Voh,VOH,0003,47,39,8,39,0,0,Ouengo,OUENGO,1,Ouango - Pouépaï,Voh,LIEU_DIT_NC,TRIBU,Hwaago,164.74217311646055,-20.784454291123556,tribus_villages_nc,130,3103,Témala
provinciales_2019,,PN,Province Nord,988,98831,Voh,VOH,0004,264,193,71,192,0,1,Tieta,TIETA,0.846,Foyer socio-éducatif de Tiéta,,CULTUREL ET SOCIO EDUCATIF,Equipements socio-éducatifs et socio-culturels,Foyer socio culturel,164.740133724095,-20.9210724511979,etablissements_publics_nc,131,3106,Tiéta
provinciales_2019,,PN,Province Nord,988,98831,Voh,VOH,0005,329,249,80,248,1,0,Oundjo,OUNDJO,0.821,Foyer socio-éducatif d'Oundjo,,CULTUREL ET SOCIO EDUCATIF,Equipements socio-éducatifs et socio-culturels,Foyer socio culturel,164.697579851987,-21.0373781816945,etablissements_publics_nc,129,3101,Voh village - Gatope
provinciales_2019,,PS,Province Sud,988,98802,Boulouparis,BOULOUPARI,0001,1514,1017,497,990,12,15,Mairie,MAIRIE,0.98,Mairie de Boulouparis,,ADMINISTRATION ET ORGANISME,Administrations des collectivités,Administration de la commune de Boulouparis,166.047711423762,-21.8654175541592,etablissements_publics_nc,88,201,Boulouparis village
provinciales_2019,,PS,Province Sud,988,98802,Boulouparis,BOULOUPARI,0002,1145,818,327,804,10,4,Centre Culturel,CENTRE CULTUREL,0.833,Centre Socioculturel,,CULTUREL ET SOCIO EDUCATIF,Equipements socio-éducatifs et socio-culturels,Foyer socio culturel,166.049037015845,-21.8654352350015,etablissements_publics_nc,88,201,Boulouparis village
provinciales_2019,,PS,Province Sud,988,98803,Bourail,BOURAIL,0001,604,425,179,418,2,5,Mairie,MAIRIE,0.98,Mairie de Bourail,,ADMINISTRATION ET ORGANISME,Administrations des collectivités,Administration de la commune de Bourail,165.497503614793,-21.5680444203004,etablissements_publics_nc,125,301,Bourail village
provinciales_2019,,PS,Province Sud,988,98803,Bourail,BOURAIL,0002,801,456,345,443,8,5,Pothé,POTHE,0.93,Ecole de Pothé,,ENSEIGNEMENT ET FORMATION,Enseignement du premier degré,Ecole pré-élémentaire,165.491900847299,-21.4547330481005,etablissements_publics_nc,128,305,Ny
provinciales_2019,,PS,Province Sud,988,98803,Bourail,BOURAIL,0003,854,619,235,595,16,8,Colisée,COLISEE,0.93,Le Colisée - Salle de spectacle,,CULTUREL ET SOCIO EDUCATIF,Equipements culturels,Salle de concert,165.49385205691,-21.5656940047007,etablissements_publics_nc,125,301,Bourail village
provinciales_2019,,PS,Province Sud,988,98803,Bourail,BOURAIL,0004,841,600,241,587,7,6,Ecole Les Lys D'Eau,ECOLE LES LYS D EAU,0.85,Ecole primaire Les Lys d'Eau,,ENSEIGNEMENT ET FORMATION,Enseignement du premier degré,Ecole primaire,165.49748641875,-21.5730483252455,etablissements_publics_nc,125,301,Bourail village
provinciales_2019,,PS,Province Sud,988,98803,Bourail,BOURAIL,0005,849,586,263,562,16,8,Ecole Louise Michel,ECOLE LOUISE MICHEL,0.859,Ecole primaire Louise Michel,,ENSEIGNEMENT ET FORMATION,Enseignement du premier degré,Ecole primaire,165.497379452405,-21.57045570157,etablissements_publics_nc,125,301,Bourail village
provinciales_2019,,PS,Province Sud,988,98805,Dumbéa,DUMBEA,0001,805,583,222,574,4,5,Hôtel de Ville 1,HOTEL DE VILLE 1,0.93,Mairie du Nord de Dumbéa,777 ROUTE TERRITORIALE N°1,ADMINISTRATION ET ORGANISME,Administrations des collectivités,Administration de la commune de Dumbéa,166.457501065839,-22.1675460417822,etablissements_publics_nc,149,512,Plaine de Koé
provinciales_2019,,PS,Province Sud,988,98805,Dumbéa,DUMBEA,0002,646,424,222,412,5,7,Hôtel de Ville 2,HOTEL DE VILLE 2,0.93,Mairie du Nord de Dumbéa,777 ROUTE TERRITORIALE N°1,ADMINISTRATION ET ORGANISME,Administrations des collectivités,Administration de la commune de Dumbéa,166.457501065839,-22.1675460417822,etablissements_publics_nc,149,512,Plaine de Koé
provinciales_2019,,PS,Province Sud,988,98805,Dumbéa,DUMBEA,0003,692,462,230,443,10,9,Hôtel de Ville 3,HOTEL DE VILLE 3,0.93,Mairie du Nord de Dumbéa,777 ROUTE TERRITORIALE N°1,ADMINISTRATION ET ORGANISME,Administrations des collectivités,Administration de la commune de Dumbéa,166.457501065839,-22.1675460417822,etablissements_publics_nc,149,512,Plaine de Koé
provinciales_2019,,PS,Province Sud,988,98805,Dumbéa,DUMBEA,0004,734,484,250,468,15,1,Ecole primaire Mainguet 1,ECOLE PRIMAIRE MAINGUET 1,0.952,Ecole primaire Jack Mainguet,73 RUE JEAN FRANCOIS LAPEROUSE,ENSEIGNEMENT ET FORMATION,Enseignement du premier degré,Ecole primaire,166.474584305922,-22.2148395317313,etablissements_publics_nc,138,501,Coeur de ville urbain
provinciales_2019,,PS,Province Sud,988,98805,Dumbéa,DUMBEA,0005,600,353,247,335,11,7,Ecole primaire Mainguet 2,ECOLE PRIMAIRE MAINGUET 2,0.952,Ecole primaire Jack Mainguet,73 RUE JEAN FRANCOIS LAPEROUSE,ENSEIGNEMENT ET FORMATION,Enseignement du premier degré,Ecole primaire,166.474584305922,-22.2148395317313,etablissements_publics_nc,138,501,Coeur de ville urbain
provinciales_2019,,PS,Province Sud,988,98805,Dumbéa,DUMBEA,0006,741,540,201,519,15,6,Maison de la Jeunesse 1,MAISON DE LA JEUNESSE 1,1,Maison de la jeunesse,26 AVENUE D'AUTEUIL,CULTUREL ET SOCIO EDUCATIF,Equipements culturels,Centre culturel maison culturelle et centre d'art,166.474913290828,-22.2056811434969,etablissements_publics_nc,144,507,Jacarandas II
provinciales_2019,,PS,Province Sud,988,98805,Dumbéa,DUMBEA,0007,709,492,217,479,9,4,Maison de la Jeunesse 2,MAISON DE LA JEUNESSE 2,1,Maison de la jeunesse,26 AVENUE D'AUTEUIL,CULTUREL ET SOCIO EDUCATIF,Equipements culturels,Centre culturel maison culturelle et centre d'art,166.474913290828,-22.2056811434969,etablissements_publics_nc,144,507,Jacarandas II
provinciales_2019,,PS,Province Sud,988,98805,Dumbéa,DUMBEA,0008,761,507,254,494,8,5,Centre Culturel de Dumbéa 1,CENTRE CULTUREL DE DUMBEA 1,1,Centre culturel de Dumbéa,56 AVENUE D'AUTEUIL,CULTUREL ET SOCIO EDUCATIF,Equipements culturels,Centre culturel maison culturelle et centre d'art,166.474126141924,-22.2081759337081,etablissements_publics_nc,140,503,Koutio Secal
provinciales_2019,,PS,Province Sud,988,98805,Dumbéa,DUMBEA,0009,784,543,241,515,17,11,Centre Culturel de Dumbéa 2,CENTRE CULTUREL DE DUMBEA 2,1,Centre culturel de Dumbéa,56 AVENUE D'AUTEUIL,CULTUREL ET SOCIO EDUCATIF,Equipements culturels,Centre culturel maison culturelle et centre d'art,166.474126141924,-22.2081759337081,etablissements_publics_nc,140,503,Koutio Secal
provinciales_2019,,PS,Province Sud,988,98805,Dumbéa,DUMBEA,0010,630,441,189,423,13,5,Centre Culturel de Dumbéa 3,CENTRE CULTUREL DE DUMBEA 3,1,Centre culturel de Dumbéa,56 AVENUE D'AUTEUIL,CULTUREL ET SOCIO EDUCATIF,Equipements culturels,Centre culturel maison culturelle et centre d'art,166.474126141924,-22.2081759337081,etablissements_publics_nc,140,503,Koutio Secal
provinciales_2019,,PS,Province Sud,988,98805,Dumbéa,DUMBEA,0011,699,479,220,463,11,5,Ecole primaire Gustave Clain 1,ECOLE PRIMAIRE GUSTAVE CLAIN 1,0.897,Ecole élémentaire Gustave Clain,49 RUE JACQUES MONOD,ENSEIGNEMENT ET FORMATION,Enseignement du premier degré,Ecole élémentaire,166.460870510376,-22.2089353285944,etablissements_publics_nc,141,504,Koutio érudits
provinciales_2019,,PS,Province Sud,988,98805,Dumbéa,DUMBEA,0012,625,428,197,413,13,2,Ecole primaire Gustave Clain 2,ECOLE PRIMAIRE GUSTAVE CLAIN 2,0.897,Ecole élémentaire Gustave Clain,49 RUE JACQUES MONOD,ENSEIGNEMENT ET FORMATION,Enseignement du premier degré,Ecole élémentaire,166.460870510376,-22.2089353285944,etablissements_publics_nc,141,504,Koutio érudits
provinciales_2019,,PS,Province Sud,988,98805,Dumbéa,DUMBEA,0013,679,502,177,488,8,6,Ecole maternelle l'Oasis 1,ECOLE MATERNELLE L OASIS 1,0.729,Ecole maternelle L'Oasis,39 RUE JACQUES MONOD,ENSEIGNEMENT ET FORMATION,Enseignement du premier degré,Ecole pré-élémentaire,166.461460951246,-22.2085634346196,etablissements_publics_nc,141,504,Koutio érudits
provinciales_2019,,PS,Province Sud,988,98805,Dumbéa,DUMBEA,0014,634,451,183,429,17,5,Ecole maternelle l'Oasis 2,ECOLE MATERNELLE L OASIS 2,0.729,Ecole maternelle L'Oasis,39 RUE JACQUES MONOD,ENSEIGNEMENT ET FORMATION,Enseignement du premier degré,Ecole pré-élémentaire,166.461460951246,-22.2085634346196,etablissements_publics_nc,141,504,Koutio érudits
provinciales_2019,,PS,Province Sud,988,98805,Dumbéa,DUMBEA,0015,425,336,89,327,7,2,Groupe scolaire Michelle Delacharlerie-Rolly 1,GROUPE SCOLAIRE MICHELLE DELACHARLERIE ROLLY 1,1,Groupe scolaire Michelle Delacharlerie-Rolly,103 BOULEVARD DU RAIL CALEDONIEN,ENSEIGNEMENT ET FORMATION,Enseignement du premier degré,Groupe scolaire,166.445998676866,-22.2013803961715,etablissements_publics_nc,147,510,Dumbéa/mer Ouest
provinciales_2019,,PS,Province Sud,988,98805,Dumbéa,DUMBEA,0016,496,336,160,321,12,3,Groupe scolaire Michelle Delacharlerie-Rolly 2,GROUPE SCOLAIRE MICHELLE DELACHARLERIE ROLLY 2,1,Groupe scolaire Michelle Delacharlerie-Rolly,103 BOULEVARD DU RAIL CALEDONIEN,ENSEIGNEMENT ET FORMATION,Enseignement du premier degré,Groupe scolaire,166.445998676866,-22.2013803961715,etablissements_publics_nc,147,510,Dumbéa/mer Ouest
provinciales_2019,,PS,Province Sud,988,98805,Dumbéa,DUMBEA,0017,499,368,131,359,7,2,Groupe scolaire Renée Fong 1,GROUPE SCOLAIRE RENEE FONG 1,1,Groupe scolaire Renée FONG,2 BIS ALLEE JEAN-LOUIS MARIE,ENSEIGNEMENT ET FORMATION,Enseignement du premier degré,Groupe scolaire,166.44418672502,-22.192372203396,etablissements_publics_nc,148,511,Dumbea/mer Est - Plaine Adam
provinciales_2019,,PS,Province Sud,988,98805,Dumbéa,DUMBEA,0018,602,426,176,405,16,5,Groupe scolaire Renée Fong 2,GROUPE SCOLAIRE RENEE FONG 2,1,Groupe scolaire Renée FONG,2 BIS ALLEE JEAN-LOUIS MARIE,ENSEIGNEMENT ET FORMATION,Enseignement du premier degré,Groupe scolaire,166.44418672502,-22.192372203396,etablissements_publics_nc,148,511,Dumbea/mer Est - Plaine Adam
provinciales_2019,,PS,Province Sud,988,98805,Dumbéa,DUMBEA,0019,638,447,191,437,8,2,Mairie du Nord 1,MAIRIE DU NORD 1,0.98,Mairie du Nord de Dumbéa,777 ROUTE TERRITORIALE N°1,ADMINISTRATION ET ORGANISME,Administrations des collectivités,Administration de la commune de Dumbéa,166.457501065839,-22.1675460417822,etablissements_publics_nc,149,512,Plaine de Koé
provinciales_2019,,PS,Province Sud,988,98805,Dumbéa,DUMBEA,0020,557,411,146,402,8,1,Mairie du Nord 2,MAIRIE DU NORD 2,0.98,Mairie du Nord de Dumbéa,777 ROUTE TERRITORIALE N°1,ADMINISTRATION ET ORGANISME,Administrations des collectivités,Administration de la commune de Dumbéa,166.457501065839,-22.1675460417822,etablissements_publics_nc,149,512,Plaine de Koé
provinciales_2019,,PS,Province Sud,988,98805,Dumbéa,DUMBEA,0021,594,403,191,394,7,2,Mairie du Nord 3,MAIRIE DU NORD 3,0.98,Mairie du Nord de Dumbéa,777 ROUTE TERRITORIALE N°1,ADMINISTRATION ET ORGANISME,Administrations des collectivités,Administration de la commune de Dumbéa,166.457501065839,-22.1675460417822,etablissements_publics_nc,149,512,Plaine de Koé
provinciales_2019,,PS,Province Sud,988,98805,Dumbéa,DUMBEA,0022,767,550,217,536,9,5,Ecole primaire Paul Duboisé 1,ECOLE PRIMAIRE PAUL DUBOISE 1,0.892,Ecole élémentaire Paul Duboise,42 RUE DE L'ENTREE,ENSEIGNEMENT ET FORMATION,Enseignement du premier degré,Ecole élémentaire,166.434846490836,-22.1399347171588,etablissements_publics_nc,152,515,Katiramona Sud
provinciales_2019,,PS,Province Sud,988,98805,Dumbéa,DUMBEA,0023,734,504,230,484,19,1,Ecole primaire Paul Duboisé 2,ECOLE PRIMAIRE PAUL DUBOISE 2,0.892,Ecole élémentaire Paul Duboise,42 RUE DE L'ENTREE,ENSEIGNEMENT ET FORMATION,Enseignement du premier degré,Ecole élémentaire,166.434846490836,-22.1399347171588,etablissements_publics_nc,152,515,Katiramona Sud
provinciales_2019,,PS,Province Sud,988,98805,Dumbéa,DUMBEA,0024,736,513,223,492,16,5,Ecole maternelle les Colibris,ECOLE MATERNELLE LES COLIBRIS,0.741,Ecole maternelle Les Colibris,42 RUE DE L'ENTREE,ENSEIGNEMENT ET FORMATION,Enseignement du premier degré,Ecole pré-élémentaire,166.436047169124,-22.1394710088392,etablissements_publics_nc,152,515,Katiramona Sud
provinciales_2019,,PS,Province Sud,988,98806,Farino,FARINO,0001,568,471,97,454,8,9,Mairie,MAIRIE,0.7,FARINO,Farino,LIEU_DIT_NC,VILLE,Farinö,165.77595416144513,-21.666848976720875,tribus_villages_nc,154,601,Farino
provinciales_2019,,PS,Province Sud,988,98809,Ile des Pins,ILEDESPINS,0001,971,604,367,596,3,5,Mairie 1,MAIRIE 1,,,,,,,167.495819,-22.66517,tidygeocoder_osm,161,901,Vao
provinciales_2019,,PS,Province Sud,988,98809,Ile des Pins,ILEDESPINS,0002,741,498,243,493,3,2,Batiment Communal Point 1,BATIMENT COMMUNAL POINT 1,,,,,,,167.495819,-22.66517,tidygeocoder_osm,161,901,Vao
provinciales_2019,,PS,Province Sud,988,98813,La Foa,LAFOA,0001,865,646,219,624,11,11,Centre Socio-Culturel 1,CENTRE SOCIO CULTUREL 1,,,,,,,165.82495689060195,-21.708500844468237,arrete_manual_tribus,12,1301,La Foa village
provinciales_2019,,PS,Province Sud,988,98813,La Foa,LAFOA,0002,677,505,172,492,9,4,Centre Socio Culturel 2,CENTRE SOCIO CULTUREL 2,,,,,,,165.82495689060195,-21.708500844468237,arrete_manual_tribus,12,1301,La Foa village
provinciales_2019,,PS,Province Sud,988,98813,La Foa,LAFOA,0003,795,617,178,597,14,6,Centre Socio-Culturel 3,CENTRE SOCIO CULTUREL 3,,,,,,,165.82495689060195,-21.708500844468237,arrete_manual_tribus,12,1301,La Foa village
provinciales_2019,,PS,Province Sud,988,98813,La Foa,LAFOA,0004,568,437,131,426,8,3,Centre Socio-Culturel 4,CENTRE SOCIO CULTUREL 4,,,,,,,165.82495689060195,-21.708500844468237,arrete_manual_tribus,12,1301,La Foa village
provinciales_2019,,PS,Province Sud,988,98816,Moindou,MOINDOU,0001,755,591,164,579,4,8,Mairie,MAIRIE,0.7,MOINDOU,Moindou,LIEU_DIT_NC,VILLE,Mére Mwêro,165.67695619871748,-21.69271000327087,tribus_villages_nc,20,1601,Moindou
provinciales_2019,,PS,Province Sud,988,98817,Mont-Dore,MONTDORE,0001,640,430,210,417,10,3,Mairie,MAIRIE,0.727,Marina de Port Boulari,RUE DES THAZARDS,PARC ESPACE PUBLIC ET LOISIR,Espaces de loisirs,Marinas port de plaisance et port à sec,166.523722376157,-22.2317078297453,etablissements_publics_nc,,,
provinciales_2019,,PS,Province Sud,988,98817,Mont-Dore,MONTDORE,0002,448,292,156,279,9,4,Groupe scolaire Hélène CHANEL,GROUPE SCOLAIRE HELENE CHANEL,1,Groupe scolaire Hélène Chaniel,105 RUE HELENE CHANIEL,ENSEIGNEMENT ET FORMATION,Enseignement du premier degré,Groupe scolaire,166.485528594387,-22.2217711398288,etablissements_publics_nc,23,1703,Pont des Fran‡ais
provinciales_2019,,PS,Province Sud,988,98817,Mont-Dore,MONTDORE,0003,739,556,183,536,17,3,Ecole primaire Adolphe BOUTAN,ECOLE PRIMAIRE ADOLPHE BOUTAN,0.828,Ecole primaire de l'Ile-Ouen,,ENSEIGNEMENT ET FORMATION,Enseignement du premier degré,Ecole primaire,166.841440737558,-22.4256696418669,etablissements_publics_nc,35,1715,Mouirange - Grand Sud - Ile Ouen
provinciales_2019,,PS,Province Sud,988,98817,Mont-Dore,MONTDORE,0004,747,530,217,510,14,6,Ecole primaire Louis Henri GALINE 1,ECOLE PRIMAIRE LOUIS HENRI GALINE 1,0.923,Ecole primaire Louis Henri Galinié,1133 RUE DES TROIS BANIANS,ENSEIGNEMENT ET FORMATION,Enseignement du premier degré,Ecole élémentaire,166.512755378687,-22.2163077194956,etablissements_publics_nc,25,1705,Robinson Nord
provinciales_2019,,PS,Province Sud,988,98817,Mont-Dore,MONTDORE,0005,993,563,430,547,9,7,Ecole La Rizière 1,ECOLE LA RIZIERE 1,0.734,Ecole primaire La Rizière,89 RUE DU VIEUX PONT,ENSEIGNEMENT ET FORMATION,Enseignement du premier degré,Ecole élémentaire,166.573975497183,-22.2332233282141,etablissements_publics_nc,30,1710,La Coulée Nord
provinciales_2019,,PS,Province Sud,988,98817,Mont-Dore,MONTDORE,0006,732,498,234,482,8,8,Ecole primaire du Vallon-Dore,ECOLE PRIMAIRE DU VALLON DORE,0.886,Ecole élémentaire du Vallon-Dore,1622 LA CORNICHE DU MONT DORE,ENSEIGNEMENT ET FORMATION,Enseignement du premier degré,Ecole élémentaire,166.571853310489,-22.2757480668132,etablissements_publics_nc,32,1712,Vallon Dore
provinciales_2019,,PS,Province Sud,988,98817,Mont-Dore,MONTDORE,0007,88,60,28,59,0,1,Ouara (maison commune),OUARA MAISON COMMUNE,1,Ouara,Mont-Dore,LIEU_DIT_NC,TRIBU,,166.84029773306233,-22.42316008394107,tribus_villages_nc,35,1715,Mouirange - Grand Sud - Ile Ouen
provinciales_2019,,PS,Province Sud,988,98817,Mont-Dore,MONTDORE,0008,763,555,208,543,6,6,Groupe scolaire de Boulari 1,GROUPE SCOLAIRE DE BOULARI 1,1,Groupe scolaire de Boulari,154 RUE ANTOINE GRISCELLI,ENSEIGNEMENT ET FORMATION,Enseignement du premier degré,Groupe scolaire,166.520855451452,-22.2274992832452,etablissements_publics_nc,27,1707,Boulari
provinciales_2019,,PS,Province Sud,988,98817,Mont-Dore,MONTDORE,0009,858,525,333,501,17,7,Mairie Annexe De Plum 1,MAIRIE ANNEXE DE PLUM 1,0.782,Mairie annexe du Mont-Dore,9048 LA CORNICHE DU MONT DORE,ADMINISTRATION ET ORGANISME,Administrations des collectivités,Administration de la commune de Mont-Dore,166.623268718041,-22.2730906933136,etablissements_publics_nc,34,1714,Plum
provinciales_2019,,PS,Province Sud,988,98817,Mont-Dore,MONTDORE,0010,785,500,285,475,16,9,Ecole La Rizière 2,ECOLE LA RIZIERE 2,0.734,Ecole primaire La Rizière,89 RUE DU VIEUX PONT,ENSEIGNEMENT ET FORMATION,Enseignement du premier degré,Ecole élémentaire,166.573975497183,-22.2332233282141,etablissements_publics_nc,30,1710,La Coulée Nord
provinciales_2019,,PS,Province Sud,988,98817,Mont-Dore,MONTDORE,0011,702,510,192,494,12,4,Groupe scolaire de Boulari 2,GROUPE SCOLAIRE DE BOULARI 2,1,Groupe scolaire de Boulari,154 RUE ANTOINE GRISCELLI,ENSEIGNEMENT ET FORMATION,Enseignement du premier degré,Groupe scolaire,166.520855451452,-22.2274992832452,etablissements_publics_nc,27,1707,Boulari
provinciales_2019,,PS,Province Sud,988,98817,Mont-Dore,MONTDORE,0012,613,402,211,382,16,4,Groupe scolaire de Saint-Michel 1,GROUPE SCOLAIRE DE SAINT MICHEL 1,0.824,Groupe scolaire de Saint-Joseph de Cluny,367 RUE CHARLES FRANCOIS BEAUTEMPS BEAUPRE,ENSEIGNEMENT ET FORMATION,Enseignement du premier degré,Groupe scolaire,166.499920849353,-22.2240498676639,etablissements_publics_nc,24,1704,La Conception
provinciales_2019,,PS,Province Sud,988,98817,Mont-Dore,MONTDORE,0013,398,255,143,249,4,2,Ecole maternelle Les Fougères,ECOLE MATERNELLE LES FOUGERES,0.69,Ecole primaire de l'Ile-Ouen,,ENSEIGNEMENT ET FORMATION,Enseignement du premier degré,Ecole primaire,166.841440737558,-22.4256696418669,etablissements_publics_nc,35,1715,Mouirange - Grand Sud - Ile Ouen
provinciales_2019,,PS,Province Sud,988,98817,Mont-Dore,MONTDORE,0014,721,505,216,497,5,3,Ecole maternelle les Dauphins,ECOLE MATERNELLE LES DAUPHINS,0.741,Ecole maternelle les Dauphins,1724 LA CORNICHE DU MONT DORE,ENSEIGNEMENT ET FORMATION,Enseignement du premier degré,Ecole pré-élémentaire,166.57252708408,-22.2768294716869,etablissements_publics_nc,32,1712,Vallon Dore
provinciales_2019,,PS,Province Sud,988,98817,Mont-Dore,MONTDORE,0015,978,649,329,617,16,16,Ecole Maternelle Les Coccinelles,ECOLE MATERNELLE LES COCCINELLES,0.771,Ecole maternelle Les Coccinelles,2299 ROUTE DU VALLON DORE,ENSEIGNEMENT ET FORMATION,Enseignement du premier degré,Ecole pré-élémentaire,166.56758162382,-22.2502864537601,etablissements_publics_nc,31,1711,La Coulée Sud
provinciales_2019,,PS,Province Sud,988,98817,Mont-Dore,MONTDORE,0016,984,668,316,644,20,4,Ecole Saint-Joseph de CLUNY,ECOLE SAINT JOSEPH DE CLUNY,0.83,Communauté Saint Joseph de CLUNY,483 RUE CHARLES FRANCOIS BEAUTEMPS BEAUPRE,CULTE,Culte,Chapelle paroisse et centre religieux,166.499920601202,-22.2239776205159,etablissements_publics_nc,24,1704,La Conception
provinciales_2019,,PS,Province Sud,988,98817,Mont-Dore,MONTDORE,0017,762,536,226,521,13,2,Ecole primaire Louis Henri GALINE 2,ECOLE PRIMAIRE LOUIS HENRI GALINE 2,0.923,Ecole primaire Louis Henri Galinié,1133 RUE DES TROIS BANIANS,ENSEIGNEMENT ET FORMATION,Enseignement du premier degré,Ecole élémentaire,166.512755378687,-22.2163077194956,etablissements_publics_nc,25,1705,Robinson Nord
provinciales_2019,,PS,Province Sud,988,98817,Mont-Dore,MONTDORE,0018,770,537,233,525,8,4,Groupe scolaire Boulari 3,GROUPE SCOLAIRE BOULARI 3,1,Groupe scolaire de Boulari,154 RUE ANTOINE GRISCELLI,ENSEIGNEMENT ET FORMATION,Enseignement du premier degré,Groupe scolaire,166.520855451452,-22.2274992832452,etablissements_publics_nc,27,1707,Boulari
provinciales_2019,,PS,Province Sud,988,98817,Mont-Dore,MONTDORE,0019,584,400,184,378,13,9,Groupe scolaire Saint-Michel 2,GROUPE SCOLAIRE SAINT MICHEL 2,0.824,Groupe scolaire de Saint-Joseph de Cluny,367 RUE CHARLES FRANCOIS BEAUTEMPS BEAUPRE,ENSEIGNEMENT ET FORMATION,Enseignement du premier degré,Groupe scolaire,166.499920849353,-22.2240498676639,etablissements_publics_nc,24,1704,La Conception
provinciales_2019,,PS,Province Sud,988,98817,Mont-Dore,MONTDORE,0020,513,341,172,334,7,0,Groupe scolaire de Plum,GROUPE SCOLAIRE DE PLUM,0.86,Groupe scolaire de Yahoué,264 RUE DES OPUI,ENSEIGNEMENT ET FORMATION,Enseignement du premier degré,Groupe scolaire,166.489906860567,-22.2084828348965,etablissements_publics_nc,22,1702,Yahoué Sud
provinciales_2019,,PS,Province Sud,988,98817,Mont-Dore,MONTDORE,0021,581,346,235,332,9,5,Ecole La Rizière 3,ECOLE LA RIZIERE 3,0.734,Ecole primaire La Rizière,89 RUE DU VIEUX PONT,ENSEIGNEMENT ET FORMATION,Enseignement du premier degré,Ecole élémentaire,166.573975497183,-22.2332233282141,etablissements_publics_nc,30,1710,La Coulée Nord
provinciales_2019,,PS,Province Sud,988,98817,Mont-Dore,MONTDORE,0022,613,400,213,387,8,5,Groupe scolaire de la Briqueterie 1,GROUPE SCOLAIRE DE LA BRIQUETERIE 1,0.756,Groupe scolaire La Briquetterie,297 RUE DES ROSEAUX,ENSEIGNEMENT ET FORMATION,Enseignement du premier degré,Groupe scolaire,166.566445622614,-22.2625090934915,etablissements_publics_nc,32,1712,Vallon Dore
provinciales_2019,,PS,Province Sud,988,98817,Mont-Dore,MONTDORE,0023,595,393,202,375,10,8,Groupe scolaire de la Briqueterie 2,GROUPE SCOLAIRE DE LA BRIQUETERIE 2,0.756,Groupe scolaire La Briquetterie,297 RUE DES ROSEAUX,ENSEIGNEMENT ET FORMATION,Enseignement du premier degré,Groupe scolaire,166.566445622614,-22.2625090934915,etablissements_publics_nc,32,1712,Vallon Dore
provinciales_2019,,PS,Province Sud,988,98817,Mont-Dore,MONTDORE,0024,445,295,150,285,8,2,Mairie 2,MAIRIE 2,0.98,Mairie du Mont-Dore,4468 AVENUE DES DEUX BAIES,ADMINISTRATION ET ORGANISME,Administrations des collectivités,Administration de la commune de Mont-Dore,166.523259425452,-22.2297495527098,etablissements_publics_nc,27,1707,Boulari
provinciales_2019,,PS,Province Sud,988,98817,Mont-Dore,MONTDORE,0025,706,488,218,471,6,11,Groupe scolaire de Yahoué,GROUPE SCOLAIRE DE YAHOUE,1,Groupe scolaire de Yahoué,264 RUE DES OPUI,ENSEIGNEMENT ET FORMATION,Enseignement du premier degré,Groupe scolaire,166.489906860567,-22.2084828348965,etablissements_publics_nc,22,1702,Yahoué Sud
provinciales_2019,,PS,Province Sud,988,98818,Nouméa,NOUMEA,0001,561,329,232,321,6,2,Mairie 1,MAIRIE 1,0.93,Hôtel de Ville de Nouméa,16 RUE DU GENERAL MANGIN,ADMINISTRATION ET ORGANISME,Administrations des collectivités,Administration de la commune de Nouméa,166.439401925184,-22.2714056104229,etablissements_publics_nc,58,1822,Centre ville
provinciales_2019,,PS,Province Sud,988,98818,Nouméa,NOUMEA,0002,871,440,431,432,4,4,Mairie 2,MAIRIE 2,0.93,Hôtel de Ville de Nouméa,16 RUE DU GENERAL MANGIN,ADMINISTRATION ET ORGANISME,Administrations des collectivités,Administration de la commune de Nouméa,166.439401925184,-22.2714056104229,etablissements_publics_nc,58,1822,Centre ville
provinciales_2019,,PS,Province Sud,988,98818,Nouméa,NOUMEA,0003,666,444,222,435,7,2,Ecole Frédéric Surleau,ECOLE FREDERIC SURLEAU,0.836,Ecole Frédéric SURLEAU,5 RUE FREDERIC SURLEAU,ENSEIGNEMENT ET FORMATION,Enseignement du premier degré,Ecole élémentaire,166.446180272936,-22.2732842135737,etablissements_publics_nc,58,1822,Centre ville
provinciales_2019,,PS,Province Sud,988,98818,Nouméa,NOUMEA,0004,685,488,197,483,4,1,Ecole Marguerite Lefrançois,ECOLE MARGUERITE LEFRANCOIS,0.821,Ecole Marguerite LEFRANCOIS,8 RUE FRANCOIS ECORCHON,ENSEIGNEMENT ET FORMATION,Enseignement du premier degré,Ecole pré-élémentaire,166.446044574066,-22.2859909097298,etablissements_publics_nc,45,1809,Orphelinat
provinciales_2019,,PS,Province Sud,988,98818,Nouméa,NOUMEA,0005,725,554,171,547,5,2,Ecole Yvonne Dupont 1,ECOLE YVONNE DUPONT 1,0.98,Parc école Yvonne DUPONT,2 RUE MARCELLIN LACABANNE,PARC ESPACE PUBLIC ET LOISIR,Parcs et espaces verts,Parc,166.442173657352,-22.2926748814035,etablissements_publics_nc,42,1806,Motor Pool - Receiving
provinciales_2019,,PS,Province Sud,988,98818,Nouméa,NOUMEA,0006,805,540,265,532,6,2,Ecole Eloi Franc 1,ECOLE ELOI FRANC 1,0.83,Ecole Eloi FRANC,10 RUE PIERRE SAUVAN,ENSEIGNEMENT ET FORMATION,Enseignement du premier degré,Ecole primaire,166.447826467842,-22.2974281428095,etablissements_publics_nc,39,1803,Anse Vata Est
provinciales_2019,,PS,Province Sud,988,98818,Nouméa,NOUMEA,0007,708,499,209,490,7,2,Ecole Eloi Franc 2,ECOLE ELOI FRANC 2,0.83,Ecole Eloi FRANC,10 RUE PIERRE SAUVAN,ENSEIGNEMENT ET FORMATION,Enseignement du premier degré,Ecole primaire,166.447826467842,-22.2974281428095,etablissements_publics_nc,39,1803,Anse Vata Est
provinciales_2019,,PS,Province Sud,988,98818,Nouméa,NOUMEA,0008,635,468,167,459,6,3,Ecole Fernande Leriche 1,ECOLE FERNANDE LERICHE 1,0.836,Ecole Fernande LERICHE,13 RUE PIERRE SAUVAN,ENSEIGNEMENT ET FORMATION,Enseignement du premier degré,Ecole élémentaire,166.448431376266,-22.2984740950672,etablissements_publics_nc,39,1803,Anse Vata Est
provinciales_2019,,PS,Province Sud,988,98818,Nouméa,NOUMEA,0009,814,587,227,581,2,4,Ecole Fernande Leriche 2,ECOLE FERNANDE LERICHE 2,0.836,Ecole Fernande LERICHE,13 RUE PIERRE SAUVAN,ENSEIGNEMENT ET FORMATION,Enseignement du premier degré,Ecole élémentaire,166.448431376266,-22.2984740950672,etablissements_publics_nc,39,1803,Anse Vata Est
provinciales_2019,,PS,Province Sud,988,98818,Nouméa,NOUMEA,0010,726,550,176,545,5,0,Ecole Jean Mermoud 1,ECOLE JEAN MERMOUD 1,0.85,Ecole Jean MERMOUD,19 RUE MICHEL KAUMA,ENSEIGNEMENT ET FORMATION,Enseignement du premier degré,Ecole primaire,166.454827725543,-22.2956844604928,etablissements_publics_nc,43,1807,N'Géa
provinciales_2019,,PS,Province Sud,988,98818,Nouméa,NOUMEA,0011,820,648,172,642,4,2,Ecole Jean Mermoud 2,ECOLE JEAN MERMOUD 2,0.85,Ecole Jean MERMOUD,19 RUE MICHEL KAUMA,ENSEIGNEMENT ET FORMATION,Enseignement du premier degré,Ecole primaire,166.454827725543,-22.2956844604928,etablissements_publics_nc,43,1807,N'Géa
provinciales_2019,,PS,Province Sud,988,98818,Nouméa,NOUMEA,0012,767,539,228,526,10,3,Ecole Ernest Risbec 1,ECOLE ERNEST RISBEC 1,0.859,Ecole Ernest RISBEC,19 RUE DU COMMANDANT RIVIERE,ENSEIGNEMENT ET FORMATION,Enseignement du premier degré,Ecole primaire,166.451704940929,-22.2838445188063,etablissements_publics_nc,44,1808,Trianon
provinciales_2019,,PS,Province Sud,988,98818,Nouméa,NOUMEA,0013,785,537,248,525,9,3,Ecole Ernest Risbec 2,ECOLE ERNEST RISBEC 2,0.859,Ecole Ernest RISBEC,19 RUE DU COMMANDANT RIVIERE,ENSEIGNEMENT ET FORMATION,Enseignement du premier degré,Ecole primaire,166.451704940929,-22.2838445188063,etablissements_publics_nc,44,1808,Trianon
provinciales_2019,,PS,Province Sud,988,98818,Nouméa,NOUMEA,0014,665,463,202,459,3,1,Ecole Paul Boyer 1,ECOLE PAUL BOYER 1,0.812,Ecole Paul BOYER,10 RUE BOUGAINVILLE,ENSEIGNEMENT ET FORMATION,Enseignement du premier degré,Groupe scolaire,166.452482969153,-22.2781620536236,etablissements_publics_nc,47,1811,Faubourg Blanchot
provinciales_2019,,PS,Province Sud,988,98818,Nouméa,NOUMEA,0015,744,566,178,557,8,1,Ecole Les Capucines,ECOLE LES CAPUCINES,0.8,Ecole LES CAPUCINES,41 RUE TARAGNAT,ENSEIGNEMENT ET FORMATION,Enseignement du premier degré,Groupe scolaire,166.457228804171,-22.2753677119578,etablissements_publics_nc,49,1813,Vallée des Colons Sud Ouest
provinciales_2019,,PS,Province Sud,988,98818,Nouméa,NOUMEA,0016,767,522,245,519,1,2,Ecole Candide Koch 1,ECOLE CANDIDE KOCH 1,0.833,Ecole Candide KOCH,33 RUE TARAGNAT,ENSEIGNEMENT ET FORMATION,Enseignement du premier degré,Groupe scolaire,166.456450040223,-22.2745660873879,etablissements_publics_nc,49,1813,Vallée des Colons Sud Ouest
provinciales_2019,,PS,Province Sud,988,98818,Nouméa,NOUMEA,0017,862,617,245,608,7,2,Ecole Candide Koch 2,ECOLE CANDIDE KOCH 2,0.833,Ecole Candide KOCH,33 RUE TARAGNAT,ENSEIGNEMENT ET FORMATION,Enseignement du premier degré,Groupe scolaire,166.456450040223,-22.2745660873879,etablissements_publics_nc,49,1813,Vallée des Colons Sud Ouest
provinciales_2019,,PS,Province Sud,988,98818,Nouméa,NOUMEA,0018,766,536,230,522,12,2,Ecole Emily Panné 1,ECOLE EMILY PANNE 1,0.841,Ecole Emily PANNE,115 RUE AUGUSTE BENEBIG,ENSEIGNEMENT ET FORMATION,Enseignement du premier degré,Ecole primaire,166.454860512437,-22.2689261325801,etablissements_publics_nc,56,1820,Vallée des Colons Nord Est
provinciales_2019,,PS,Province Sud,988,98818,Nouméa,NOUMEA,0019,808,528,280,517,8,3,Ecole Emily Panné 2,ECOLE EMILY PANNE 2,0.841,Ecole Emily PANNE,115 RUE AUGUSTE BENEBIG,ENSEIGNEMENT ET FORMATION,Enseignement du premier degré,Ecole primaire,166.454860512437,-22.2689261325801,etablissements_publics_nc,56,1820,Vallée des Colons Nord Est
provinciales_2019,,PS,Province Sud,988,98818,Nouméa,NOUMEA,0020,775,579,196,573,6,0,Ecole Antoinette Charbonneaux,ECOLE ANTOINETTE CHARBONNEAUX,0.879,Ecole Antoinette CHARBONNEAUX,1 RUE ANDRE ROLLY,ENSEIGNEMENT ET FORMATION,Enseignement du premier degré,Ecole élémentaire,166.46666463723,-22.273716213111,etablissements_publics_nc,52,1816,Magenta Tours
provinciales_2019,,PS,Province Sud,988,98818,Nouméa,NOUMEA,0021,815,611,204,598,12,1,Ecole Marie Havet 1,ECOLE MARIE HAVET 1,0.841,Ecole Marie HAVET,231 RUE ARNOLD DALY,ENSEIGNEMENT ET FORMATION,Enseignement du premier degré,Ecole primaire,166.471138313555,-22.2828880563017,etablissements_publics_nc,54,1818,Ouémo
provinciales_2019,,PS,Province Sud,988,98818,Nouméa,NOUMEA,0022,857,642,215,635,5,2,Ecole Marie Havet 2,ECOLE MARIE HAVET 2,0.841,Ecole Marie HAVET,231 RUE ARNOLD DALY,ENSEIGNEMENT ET FORMATION,Enseignement du premier degré,Ecole primaire,166.471138313555,-22.2828880563017,etablissements_publics_nc,54,1818,Ouémo
provinciales_2019,,PS,Province Sud,988,98818,Nouméa,NOUMEA,0023,818,584,234,569,8,7,Ecole Chistine Boletti 1,ECOLE CHISTINE BOLETTI 1,0.792,Ecole Christine BOLETTI,10 RUE CHARLES STEINMETZ,ENSEIGNEMENT ET FORMATION,Enseignement du premier degré,Ecole pré-élémentaire,166.465990390657,-22.2661773380247,etablissements_publics_nc,63,1827,Aérodrome Sud
provinciales_2019,,PS,Province Sud,988,98818,Nouméa,NOUMEA,0024,915,511,404,498,8,5,Ecole Chistine Boletti 2,ECOLE CHISTINE BOLETTI 2,0.792,Ecole Christine BOLETTI,10 RUE CHARLES STEINMETZ,ENSEIGNEMENT ET FORMATION,Enseignement du premier degré,Ecole pré-élémentaire,166.465990390657,-22.2661773380247,etablissements_publics_nc,63,1827,Aérodrome Sud
provinciales_2019,,PS,Province Sud,988,98818,Nouméa,NOUMEA,0025,888,648,240,633,14,1,Ecole Michel Cacot 1,ECOLE MICHEL CACOT 1,0.85,Ecole Michel CACOT,231 RUE ARMAND OHLEN,ENSEIGNEMENT ET FORMATION,Enseignement du premier degré,Ecole primaire,166.463652223431,-22.2662199324801,etablissements_publics_nc,62,1826,Portes de Fer - Sud
provinciales_2019,,PS,Province Sud,988,98818,Nouméa,NOUMEA,0026,807,582,225,571,6,5,Ecole Michel Cacot 2,ECOLE MICHEL CACOT 2,0.85,Ecole Michel CACOT,231 RUE ARMAND OHLEN,ENSEIGNEMENT ET FORMATION,Enseignement du premier degré,Ecole primaire,166.463652223431,-22.2662199324801,etablissements_publics_nc,62,1826,Portes de Fer - Sud
provinciales_2019,,PS,Province Sud,988,98818,Nouméa,NOUMEA,0027,847,455,392,436,12,7,Ecole C. T. de Laubarède,ECOLE C T DE LAUBAREDE,0.933,Ecole primaire Céline TEYSSANDIER DE LAUBAREDE,29 ROUTE DES DEUX VALLEES - RUE JACQUES BARRAU,ENSEIGNEMENT ET FORMATION,Enseignement du premier degré,Ecole primaire,166.445705500987,-22.2640017751327,etablissements_publics_nc,60,1824,Vallée du Tir
provinciales_2019,,PS,Province Sud,988,98818,Nouméa,NOUMEA,0028,946,494,452,474,14,6,Ecole Gustave Mouchet 1,ECOLE GUSTAVE MOUCHET 1,0.874,Ecole Gustave MOUCHET,8 RUE DES FRERES CHARPENTIER,ENSEIGNEMENT ET FORMATION,Enseignement du premier degré,Ecole primaire,166.454414703061,-22.2504501881193,etablissements_publics_nc,64,1828,Portes de Fer - Nord
provinciales_2019,,PS,Province Sud,988,98818,Nouméa,NOUMEA,0029,821,394,427,381,9,4,Ecole Gustave Mouchet 2,ECOLE GUSTAVE MOUCHET 2,0.874,Ecole Gustave MOUCHET,8 RUE DES FRERES CHARPENTIER,ENSEIGNEMENT ET FORMATION,Enseignement du premier degré,Ecole primaire,166.454414703061,-22.2504501881193,etablissements_publics_nc,64,1828,Portes de Fer - Nord
provinciales_2019,,PS,Province Sud,988,98818,Nouméa,NOUMEA,0030,1024,657,367,639,13,5,Ecole Mathilde Broquet 1,ECOLE MATHILDE BROQUET 1,0.836,Ecole Mathilde BROQUET,24 RUE PIERRE ARTIGUE,ENSEIGNEMENT ET FORMATION,Enseignement du premier degré,Ecole élémentaire,166.467549840387,-22.256293239868,etablissements_publics_nc,63,1827,Aérodrome Sud
provinciales_2019,,PS,Province Sud,988,98818,Nouméa,NOUMEA,0031,1056,704,352,688,10,6,Ecole Marie Courtot 1,ECOLE MARIE COURTOT 1,0.859,Ecole Marie COURTOT,234 RUE JACQUES IEKAWE,ENSEIGNEMENT ET FORMATION,Enseignement du premier degré,Ecole primaire,166.470464378859,-22.2425220070829,etablissements_publics_nc,70,1834,PK 6 Nord
provinciales_2019,,PS,Province Sud,988,98818,Nouméa,NOUMEA,0032,851,635,216,620,11,4,Ecole Marie Courtot 2,ECOLE MARIE COURTOT 2,0.859,Ecole Marie COURTOT,234 RUE JACQUES IEKAWE,ENSEIGNEMENT ET FORMATION,Enseignement du premier degré,Ecole primaire,166.470464378859,-22.2425220070829,etablissements_publics_nc,70,1834,PK 6 Nord
provinciales_2019,,PS,Province Sud,988,98818,Nouméa,NOUMEA,0033,926,569,357,546,17,6,Ecole Suzanne Berton,ECOLE SUZANNE BERTON,0.833,Ecole Robert BURCK,3 RUE DU CAPITAINE VIDAL,ENSEIGNEMENT ET FORMATION,Enseignement du premier degré,Groupe scolaire,166.463601949873,-22.2382604330193,etablissements_publics_nc,69,1833,Riviére Salée Sud
provinciales_2019,,PS,Province Sud,988,98818,Nouméa,NOUMEA,0034,866,587,279,572,12,3,Ecole Les Roses,ECOLE LES ROSES,0.633,Ecole FILANTE,8 RUE MARCELLIN LACABANNE,ENSEIGNEMENT ET FORMATION,Enseignement du premier degré,Autre structure scolaire,166.443135087106,-22.2929071476207,etablissements_publics_nc,42,1806,Motor Pool - Receiving
provinciales_2019,,PS,Province Sud,988,98818,Nouméa,NOUMEA,0035,845,547,298,531,15,1,Ecole Les Oeillets,ECOLE LES OEILLETS,0.77,Ecole FILANTE,8 RUE MARCELLIN LACABANNE,ENSEIGNEMENT ET FORMATION,Enseignement du premier degré,Autre structure scolaire,166.443135087106,-22.2929071476207,etablissements_publics_nc,42,1806,Motor Pool - Receiving
provinciales_2019,,PS,Province Sud,988,98818,Nouméa,NOUMEA,0036,828,546,282,523,17,6,Ecole Jacques Trouillot,ECOLE JACQUES TROUILLOT,0.886,Ecole Jacques TROUILLOT,15 RUE NOELAT,ENSEIGNEMENT ET FORMATION,Enseignement du premier degré,Ecole primaire,166.471000599479,-22.2283599819501,etablissements_publics_nc,74,1838,Riviére Salée Nord Est
provinciales_2019,,PS,Province Sud,988,98818,Nouméa,NOUMEA,0037,1076,590,486,566,21,3,Ecole Mauricette Devambez 1,ECOLE MAURICETTE DEVAMBEZ 1,0.627,Ecole Michel AMIOT,12 RUE DE PRONY,ENSEIGNEMENT ET FORMATION,Enseignement du premier degré,Ecole primaire,166.468616034294,-22.2680303864914,etablissements_publics_nc,53,1817,Magenta Est
provinciales_2019,,PS,Province Sud,988,98818,Nouméa,NOUMEA,0038,1021,665,356,650,7,8,Ecole Mauricette Devambez 2,ECOLE MAURICETTE DEVAMBEZ 2,0.627,Ecole Michel AMIOT,12 RUE DE PRONY,ENSEIGNEMENT ET FORMATION,Enseignement du premier degré,Ecole primaire,166.468616034294,-22.2680303864914,etablissements_publics_nc,53,1817,Magenta Est
provinciales_2019,,PS,Province Sud,988,98818,Nouméa,NOUMEA,0039,698,369,329,354,10,5,Ecole Adrienne Lomont 1,ECOLE ADRIENNE LOMONT 1,0.874,Ecole Adrienne LOMONT,10B RUE DU MARECHAL LYAUTEY,ENSEIGNEMENT ET FORMATION,Enseignement du premier degré,Ecole primaire,166.484157216578,-22.2206462260252,etablissements_publics_nc,76,1840,Normandie Nord
provinciales_2019,,PS,Province Sud,988,98818,Nouméa,NOUMEA,0040,1167,755,412,730,17,8,Ecole Adrienne Lomont 2,ECOLE ADRIENNE LOMONT 2,0.874,Ecole Adrienne LOMONT,10B RUE DU MARECHAL LYAUTEY,ENSEIGNEMENT ET FORMATION,Enseignement du premier degré,Ecole primaire,166.484157216578,-22.2206462260252,etablissements_publics_nc,76,1840,Normandie Nord
provinciales_2019,,PS,Province Sud,988,98818,Nouméa,NOUMEA,0041,943,593,350,568,18,7,Ecole Gustave Lods 1,ECOLE GUSTAVE LODS 1,0.85,Ecole Gustave LODS,63 RUE VARIN,ENSEIGNEMENT ET FORMATION,Enseignement du premier degré,Ecole primaire,166.435430928496,-22.2381371662114,etablissements_publics_nc,79,1843,Logicoop
provinciales_2019,,PS,Province Sud,988,98818,Nouméa,NOUMEA,0042,1110,635,475,614,10,11,Ecole Gustave Lods 2,ECOLE GUSTAVE LODS 2,0.85,Ecole Gustave LODS,63 RUE VARIN,ENSEIGNEMENT ET FORMATION,Enseignement du premier degré,Ecole primaire,166.435430928496,-22.2381371662114,etablissements_publics_nc,79,1843,Logicoop
provinciales_2019,,PS,Province Sud,988,98818,Nouméa,NOUMEA,0043,1486,820,666,796,20,4,Ecole Daniel Talon,ECOLE DANIEL TALON,0.8,Ecole Daniel TALON,5 RUE PIERRE ISSAMATRO,ENSEIGNEMENT ET FORMATION,Enseignement du premier degré,Ecole élémentaire,166.429735177846,-22.2343498153878,etablissements_publics_nc,79,1843,Logicoop
provinciales_2019,,PS,Province Sud,988,98818,Nouméa,NOUMEA,0044,946,502,444,494,5,3,Ecole Louise Vergès,ECOLE LOUISE VERGES,0.615,Ecole Serge LAIGLE,7 RUE GEORGES LEQUES,ENSEIGNEMENT ET FORMATION,Enseignement du premier degré,Ecole primaire,166.486016745804,-22.2343408388225,etablissements_publics_nc,71,1835,Tina
provinciales_2019,,PS,Province Sud,988,98818,Nouméa,NOUMEA,0045,1168,739,429,728,11,0,Ecole Mathilde Broquet 2,ECOLE MATHILDE BROQUET 2,0.836,Ecole Mathilde BROQUET,24 RUE PIERRE ARTIGUE,ENSEIGNEMENT ET FORMATION,Enseignement du premier degré,Ecole élémentaire,166.467549840387,-22.256293239868,etablissements_publics_nc,63,1827,Aérodrome Sud
provinciales_2019,,PS,Province Sud,988,98818,Nouméa,NOUMEA,0046,546,413,133,410,2,1,Ecole Yvonne Dupont 2,ECOLE YVONNE DUPONT 2,0.98,Parc école Yvonne DUPONT,2 RUE MARCELLIN LACABANNE,PARC ESPACE PUBLIC ET LOISIR,Parcs et espaces verts,Parc,166.442173657352,-22.2926748814035,etablissements_publics_nc,42,1806,Motor Pool - Receiving
provinciales_2019,,PS,Province Sud,988,98818,Nouméa,NOUMEA,0047,737,529,208,522,5,2,Ecole Paul Boyer 2,ECOLE PAUL BOYER 2,0.812,Ecole Paul BOYER,10 RUE BOUGAINVILLE,ENSEIGNEMENT ET FORMATION,Enseignement du premier degré,Groupe scolaire,166.452482969153,-22.2781620536236,etablissements_publics_nc,47,1811,Faubourg Blanchot
provinciales_2019,,PS,Province Sud,988,98818,Nouméa,NOUMEA,0048,844,504,340,485,17,2,Ecole Marguerite Arsapin,ECOLE MARGUERITE ARSAPIN,0.74,Ecole Marguerite CARLIER,14 RUE DE BOUGAINVILLE,ENSEIGNEMENT ET FORMATION,Enseignement du premier degré,Groupe scolaire,166.454280714904,-22.2790060967446,etablissements_publics_nc,47,1811,Faubourg Blanchot
provinciales_2019,,PS,Province Sud,988,98818,Nouméa,NOUMEA,0049,835,609,226,598,7,4,Ecole Les Pervenches,ECOLE LES PERVENCHES,0.717,Ecole LES PERVENCHES,4 RUE PIERRE ARTIGUE,ENSEIGNEMENT ET FORMATION,Enseignement du premier degré,Ecole pré-élémentaire,166.463935144665,-22.2575766179093,etablissements_publics_nc,62,1826,Portes de Fer - Sud
provinciales_2019,,PS,Province Sud,988,98818,Nouméa,NOUMEA,0050,1220,664,556,639,19,6,Ecole Albert Perraud,ECOLE ALBERT PERRAUD,0.866,Ecole Albert PERRAUD,1 RUE HENRI BAUDOEUF,ENSEIGNEMENT ET FORMATION,Enseignement du premier degré,Ecole primaire,166.467888234029,-22.2619636836771,etablissements_publics_nc,63,1827,Aérodrome Sud
provinciales_2019,,PS,Province Sud,988,98818,Nouméa,NOUMEA,0051,929,656,273,643,8,5,Ecole Michel Amiot,ECOLE MICHEL AMIOT,0.85,Ecole Michel AMIOT,12 RUE DE PRONY,ENSEIGNEMENT ET FORMATION,Enseignement du premier degré,Ecole primaire,166.468616034294,-22.2680303864914,etablissements_publics_nc,53,1817,Magenta Est
provinciales_2019,,PS,Province Sud,988,98818,Nouméa,NOUMEA,0052,575,402,173,397,5,0,Ecole Charles Bichon,ECOLE CHARLES BICHON,0.819,Ecole Charles BICHON,82 AVENUE DU GENERAL DE GAULLE,ENSEIGNEMENT ET FORMATION,Enseignement du premier degré,Ecole élémentaire,166.443767790723,-22.2808132680625,etablissements_publics_nc,45,1809,Orphelinat
provinciales_2019,,PS,Province Sud,988,98818,Nouméa,NOUMEA,0053,682,496,186,493,1,2,Ecole Les Lys,ECOLE LES LYS,0.686,Ecole FILANTE,8 RUE MARCELLIN LACABANNE,ENSEIGNEMENT ET FORMATION,Enseignement du premier degré,Autre structure scolaire,166.443135087106,-22.2929071476207,etablissements_publics_nc,42,1806,Motor Pool - Receiving
provinciales_2019,,PS,Province Sud,988,98818,Nouméa,NOUMEA,0054,938,577,361,562,6,9,Ecole Le petit poucet,ECOLE LE PETIT POUCET,0.762,Espace vert petit poucet,1 RUE DURMONT-D'URVILLE,PARC ESPACE PUBLIC ET LOISIR,Parcs et espaces verts,Espace vert,166.446452105063,-22.2638462676659,etablissements_publics_nc,60,1824,Vallée du Tir
provinciales_2019,,PS,Province Sud,988,98818,Nouméa,NOUMEA,0055,934,714,220,702,8,4,Ecole Serge Laigle,ECOLE SERGE LAIGLE,0.85,Ecole Serge LAIGLE,7 RUE GEORGES LEQUES,ENSEIGNEMENT ET FORMATION,Enseignement du premier degré,Ecole primaire,166.486016745804,-22.2343408388225,etablissements_publics_nc,71,1835,Tina
provinciales_2019,,PS,Province Sud,988,98818,Nouméa,NOUMEA,0056,1168,807,361,788,19,0,Ecole Guy Champmoreau,ECOLE GUY CHAMPMOREAU,0.874,Ecole Guy CHAMPMOREAU,17 RUE PASCAL SIHAZE,ENSEIGNEMENT ET FORMATION,Enseignement du premier degré,Ecole primaire,166.452313565802,-22.2892161943525,etablissements_publics_nc,43,1807,N'Géa
provinciales_2019,,PS,Province Sud,988,98818,Nouméa,NOUMEA,0057,108,19,89,18,0,1,Mairie 3,MAIRIE 3,0.93,Hôtel de Ville de Nouméa,16 RUE DU GENERAL MANGIN,ADMINISTRATION ET ORGANISME,Administrations des collectivités,Administration de la commune de Nouméa,166.439401925184,-22.2714056104229,etablissements_publics_nc,58,1822,Centre ville
provinciales_2019,,PS,Province Sud,988,98821,Païta,PAITA,0001,457,312,145,304,6,2,Dock Socioculturel 1,DOCK SOCIOCULTUREL 1,0.973,Dock socioculturel,AVENUE JAMES PADDON,CULTUREL ET SOCIO EDUCATIF,Equipements culturels,Centre culturel maison culturelle et centre d'art,166.366370328351,-22.1294955354086,etablissements_publics_nc,91,2101,Paita centre
provinciales_2019,,PS,Province Sud,988,98821,Païta,PAITA,0002,618,437,181,431,5,1,Dock Socioculturel 2,DOCK SOCIOCULTUREL 2,0.973,Dock socioculturel,AVENUE JAMES PADDON,CULTUREL ET SOCIO EDUCATIF,Equipements culturels,Centre culturel maison culturelle et centre d'art,166.366370328351,-22.1294955354086,etablissements_publics_nc,91,2101,Paita centre
provinciales_2019,,PS,Province Sud,988,98821,Païta,PAITA,0003,640,433,207,425,6,2,Dock Socioculturel 3,DOCK SOCIOCULTUREL 3,0.973,Dock socioculturel,AVENUE JAMES PADDON,CULTUREL ET SOCIO EDUCATIF,Equipements culturels,Centre culturel maison culturelle et centre d'art,166.366370328351,-22.1294955354086,etablissements_publics_nc,91,2101,Paita centre
provinciales_2019,,PS,Province Sud,988,98821,Païta,PAITA,0004,345,242,103,233,6,3,Dock Socioculturel 4,DOCK SOCIOCULTUREL 4,0.973,Dock socioculturel,AVENUE JAMES PADDON,CULTUREL ET SOCIO EDUCATIF,Equipements culturels,Centre culturel maison culturelle et centre d'art,166.366370328351,-22.1294955354086,etablissements_publics_nc,91,2101,Paita centre
provinciales_2019,,PS,Province Sud,988,98821,Païta,PAITA,0005,712,506,206,486,16,4,Dock Socioculturel 5,DOCK SOCIOCULTUREL 5,0.973,Dock socioculturel,AVENUE JAMES PADDON,CULTUREL ET SOCIO EDUCATIF,Equipements culturels,Centre culturel maison culturelle et centre d'art,166.366370328351,-22.1294955354086,etablissements_publics_nc,91,2101,Paita centre
provinciales_2019,,PS,Province Sud,988,98821,Païta,PAITA,0006,702,430,272,425,4,1,Mairie,MAIRIE,0.98,Mairie de Païta,,ADMINISTRATION ET ORGANISME,Administrations des collectivités,Administration de la commune de Païta,166.361658608639,-22.1291986951984,etablissements_publics_nc,91,2101,Paita centre
provinciales_2019,,PS,Province Sud,988,98821,Païta,PAITA,0007,731,494,237,478,12,4,Ecole Vi Vete,ECOLE VI VETE,0.669,Ecole maternelle Vi-Vete,,ENSEIGNEMENT ET FORMATION,Enseignement du premier degré,Ecole pré-élémentaire,166.356291724406,-22.134484419519,etablissements_publics_nc,91,2101,Paita centre
provinciales_2019,,PS,Province Sud,988,98821,Païta,PAITA,0008,700,476,224,469,7,0,Ecole James Paddon,ECOLE JAMES PADDON,0.8,Ecole James Paddon,,ENSEIGNEMENT ET FORMATION,Enseignement du premier degré,Ecole élémentaire,166.359353160601,-22.1337644237458,etablissements_publics_nc,91,2101,Paita centre
provinciales_2019,,PS,Province Sud,988,98821,Païta,PAITA,0009,698,404,294,383,18,3,Ecole Élémentaire Les Scheffleras - 1,ECOLE ELEMENTAIRE LES SCHEFFLERAS 1,1,Ecole Scheffleras,,ENSEIGNEMENT ET FORMATION,Enseignement du premier degré,Ecole élémentaire,166.36989887391,-22.1257398247667,etablissements_publics_nc,92,2102,Scheffleras
provinciales_2019,,PS,Province Sud,988,98821,Païta,PAITA,0010,734,480,254,461,16,3,Ecole Élémentaire Les Scheffleras - 2,ECOLE ELEMENTAIRE LES SCHEFFLERAS 2,1,Ecole Scheffleras,,ENSEIGNEMENT ET FORMATION,Enseignement du premier degré,Ecole élémentaire,166.36989887391,-22.1257398247667,etablissements_publics_nc,92,2102,Scheffleras
provinciales_2019,,PS,Province Sud,988,98821,Païta,PAITA,0011,721,504,217,494,6,4,Ecole Maternelle Les Scheffleras - 1,ECOLE MATERNELLE LES SCHEFFLERAS 1,0.787,Ecole Scheffleras,,ENSEIGNEMENT ET FORMATION,Enseignement du premier degré,Ecole élémentaire,166.36989887391,-22.1257398247667,etablissements_publics_nc,92,2102,Scheffleras
provinciales_2019,,PS,Province Sud,988,98821,Païta,PAITA,0012,557,392,165,382,8,2,Ecole Maternelle Les Scheffleras - 2,ECOLE MATERNELLE LES SCHEFFLERAS 2,0.787,Ecole Scheffleras,,ENSEIGNEMENT ET FORMATION,Enseignement du premier degré,Ecole élémentaire,166.36989887391,-22.1257398247667,etablissements_publics_nc,92,2102,Scheffleras
provinciales_2019,,PS,Province Sud,988,98821,Païta,PAITA,0013,738,479,259,458,17,4,Ecole primaire Jean Ounou COTTIN 1,ECOLE PRIMAIRE JEAN OUNOU COTTIN 1,0.8,Groupe scolaire Jean Ounou COTTIN,,ENSEIGNEMENT ET FORMATION,Enseignement du premier degré,Groupe scolaire,166.265966445473,-22.0605318544913,etablissements_publics_nc,96,2106,Tamoa Bangou Saint Laurent
provinciales_2019,,PS,Province Sud,988,98821,Païta,PAITA,0014,761,492,269,482,9,1,Ecole primaire Jean Ounou COTTIN 2,ECOLE PRIMAIRE JEAN OUNOU COTTIN 2,0.8,Groupe scolaire Jean Ounou COTTIN,,ENSEIGNEMENT ET FORMATION,Enseignement du premier degré,Groupe scolaire,166.265966445473,-22.0605318544913,etablissements_publics_nc,96,2106,Tamoa Bangou Saint Laurent
provinciales_2019,,PS,Province Sud,988,98821,Païta,PAITA,0015,556,388,168,377,9,2,Tontouta,TONTOUTA,0.83,Mairie annexe de Païta,,ADMINISTRATION ET ORGANISME,Administrations des collectivités,Administration de la commune de Païta,166.22014428712,-22.0130384994051,etablissements_publics_nc,97,2107,Tontouta Tiaré
provinciales_2019,,PS,Province Sud,988,98821,Païta,PAITA,0016,471,389,82,380,8,1,Ecole Robert ABEL 1,ECOLE ROBERT ABEL 1,0.8,Ecole Robert ABEL,,ENSEIGNEMENT ET FORMATION,Enseignement du premier degré,Ecole primaire,166.379189029935,-22.1384982889128,etablissements_publics_nc,93,2103,Nogouta-Les 3 Vallées
provinciales_2019,,PS,Province Sud,988,98821,Païta,PAITA,0017,553,357,196,347,7,3,Ecole Robert ABEL 2,ECOLE ROBERT ABEL 2,0.8,Ecole Robert ABEL,,ENSEIGNEMENT ET FORMATION,Enseignement du premier degré,Ecole primaire,166.379189029935,-22.1384982889128,etablissements_publics_nc,93,2103,Nogouta-Les 3 Vallées
provinciales_2019,,PS,Province Sud,988,98827,Poya Sud,POYA,0005,164,133,31,131,2,0,Mairie 2,MAIRIE 2,0.99,Moindah,Poya,ARRETE_MANUAL,LDH,,165.2454695470807,-21.4084575263513,arrete_manual_tribus,118,2706,Poya Sud
provinciales_2019,,PS,Province Sud,988,98828,Sarraméa,SARRAMEA,0001,502,365,137,358,5,2,Mairie,MAIRIE,0.7,SARRAMEA,Sarraméa,LIEU_DIT_NC,VILLE,Chara Méa,165.85386596919105,-21.642344787633757,tribus_villages_nc,119,2801,Sarraméa
provinciales_2019,,PS,Province Sud,988,98829,Thio,THIO,0001,784,489,295,478,5,6,Mairie 1,MAIRIE 1,0.7,THIO,Thio,LIEU_DIT_NC,VILLE,Cö,166.21553174553168,-21.610374938390603,tribus_villages_nc,120,2901,Thio village
provinciales_2019,,PS,Province Sud,988,98829,Thio,THIO,0002,560,319,241,316,1,2,Mairie 2,MAIRIE 2,0.7,THIO,Thio,LIEU_DIT_NC,VILLE,Cö,166.21553174553168,-21.610374938390603,tribus_villages_nc,120,2901,Thio village
provinciales_2019,,PS,Province Sud,988,98829,Thio,THIO,0003,305,167,138,164,0,3,Grand Borendy,GRAND BORENDY,1,Grand Borindi,Thio,LIEU_DIT_NC,TRIBU,Xöwi,166.45075740277505,-21.738718340168145,tribus_villages_nc,121,2902,Ouindo Borendy
provinciales_2019,,PS,Province Sud,988,98829,Thio,THIO,0004,442,251,191,248,3,0,Saint-Pierre,SAINT PIERRE,1,St Pierre,Thio,LIEU_DIT_NC,TRIBU,Pwimuru,166.14983539215794,-21.67410856554519,tribus_villages_nc,121,2902,Ouindo Borendy
provinciales_2019,,PS,Province Sud,988,98832,Yaté,YATE,0001,274,197,77,195,1,1,Mairie,MAIRIE,0.7,YATE,Yaté,LIEU_DIT_NC,VILLE,,166.94326054599946,-22.16058963447543,tribus_villages_nc,132,3201,Waho Touaourou Goro
provinciales_2019,,PS,Province Sud,988,98832,Yaté,YATE,0002,461,305,156,302,0,3,Touaourou,TOUAOUROU,1,Touaourou,Yaté,LIEU_DIT_NC,TRIBU,,166.97497872151834,-22.190244269832505,tribus_villages_nc,132,3201,Waho Touaourou Goro
provinciales_2019,,PS,Province Sud,988,98832,Yaté,YATE,0003,219,159,60,158,1,0,Goro,GORO,1,Goro,Yaté,LIEU_DIT_NC,TRIBU,Xéré,167.0163659290303,-22.286011229502463,tribus_villages_nc,132,3201,Waho Touaourou Goro
provinciales_2019,,PS,Province Sud,988,98832,Yaté,YATE,0004,750,542,208,538,2,2,Unia,UNIA,1,Unia,Yaté,LIEU_DIT_NC,TRIBU,,166.89998901288348,-22.06107261844911,tribus_villages_nc,133,3202,Unia Ouinné
