status,error,echelle,province,commune,type,valeur,label,scale_mode,score_total_pct,score_province_pct,score_nc_pct,title,subtitle,raster,png_r,qgis_output,qgis_format,qgis_exported,nb_points,resolution_m,classes,min_pct,max_pct
skipped_existing,,commune,Province Sud,Nouméa,parti,AVENIR CONFIANCE,Avenir en Confiance,echelle_adaptee,50.38,40.59,,"Nouméa - Provinciales 2019 - Avenir en Confiance - 50,4 % exprimés","Province Sud : 40,6 % exprimés",compilation_elections_nc/outputs/rfocus/provinciales_2019_scrutin_parti_avenir_confiance_commune_noumea.tif,compilation_elections_nc/outputs/cartes_focus_r/provinciales_2019_scrutin_parti_avenir_confiance_commune_noumea.png,compilation_elections_nc/outputs/cartes_qgis/provinciales_2019_focus/noumea/partis_echelle_adaptee/noumea_avenir_confiance_echelle_adaptee.png,png,TRUE,57,20,6,19.6,73.46
skipped_existing,,commune,Province Sud,Nouméa,parti,CE,Calédonie Ensemble,echelle_adaptee,18.6,18.49,,"Nouméa - Provinciales 2019 - Calédonie Ensemble - 18,6 % exprimés","Province Sud : 18,5 % exprimés",compilation_elections_nc/outputs/rfocus/provinciales_2019_scrutin_parti_ce_commune_noumea.tif,compilation_elections_nc/outputs/cartes_focus_r/provinciales_2019_scrutin_parti_ce_commune_noumea.png,compilation_elections_nc/outputs/cartes_qgis/provinciales_2019_focus/noumea/partis_echelle_adaptee/noumea_ce_echelle_adaptee.png,png,TRUE,57,20,6,13.56,23.49
skipped_existing,,commune,Province Sud,Nouméa,parti,FLNKS,UC-FLNKS et Nationalistes,echelle_adaptee,9.03,15.88,,"Nouméa - Provinciales 2019 - UC-FLNKS et Nationalistes - 9,0 % exprimés","Province Sud : 15,9 % exprimés",compilation_elections_nc/outputs/rfocus/provinciales_2019_scrutin_parti_flnks_commune_noumea.tif,compilation_elections_nc/outputs/cartes_focus_r/provinciales_2019_scrutin_parti_flnks_commune_noumea.png,compilation_elections_nc/outputs/cartes_qgis/provinciales_2019_focus/noumea/partis_echelle_adaptee/noumea_flnks_echelle_adaptee.png,png,TRUE,57,20,6,1.18,29.82
skipped_existing,,commune,Province Sud,Nouméa,parti,LEO,Éveil Océanien,echelle_adaptee,5.49,8.56,,"Nouméa - Provinciales 2019 - Éveil Océanien - 5,5 % exprimés","Province Sud : 8,6 % exprimés",compilation_elections_nc/outputs/rfocus/provinciales_2019_scrutin_parti_leo_commune_noumea.tif,compilation_elections_nc/outputs/cartes_focus_r/provinciales_2019_scrutin_parti_leo_commune_noumea.png,compilation_elections_nc/outputs/cartes_qgis/provinciales_2019_focus/noumea/partis_echelle_adaptee/noumea_leo_echelle_adaptee.png,png,TRUE,57,20,6,0.42,19.09
ok,,commune,Province Sud,Nouméa,parti,RN,RN,echelle_adaptee,3.87,3.81,,"Nouméa - Provinciales 2019 - RN - 3,9 % exprimés","Province Sud : 3,8 % exprimés",compilation_elections_nc/outputs/rfocus/provinciales_2019_scrutin_parti_rn_commune_noumea.tif,compilation_elections_nc/outputs/cartes_focus_r/provinciales_2019_scrutin_parti_rn_commune_noumea.png,compilation_elections_nc/outputs/cartes_qgis/provinciales_2019_focus/noumea/partis_echelle_adaptee/noumea_rn_echelle_adaptee.png,png,TRUE,57,20,6,1.99,7.85
ok,,commune,Province Sud,Nouméa,parti,AVENIR CONFIANCE,Avenir en Confiance,echelle_comparable,50.38,40.59,,"Nouméa - Provinciales 2019 - Avenir en Confiance - 50,4 % exprimés","Province Sud : 40,6 % exprimés",compilation_elections_nc/outputs/rfocus/provinciales_2019_scrutin_parti_avenir_confiance_commune_noumea.tif,compilation_elections_nc/outputs/cartes_focus_r/provinciales_2019_scrutin_parti_avenir_confiance_commune_noumea.png,compilation_elections_nc/outputs/cartes_qgis/provinciales_2019_focus/noumea/partis_echelle_comparable/noumea_avenir_confiance_echelle_comparable.png,png,TRUE,57,20,6,19.6,73.46
ok,,commune,Province Sud,Nouméa,parti,CE,Calédonie Ensemble,echelle_comparable,18.6,18.49,,"Nouméa - Provinciales 2019 - Calédonie Ensemble - 18,6 % exprimés","Province Sud : 18,5 % exprimés",compilation_elections_nc/outputs/rfocus/provinciales_2019_scrutin_parti_ce_commune_noumea.tif,compilation_elections_nc/outputs/cartes_focus_r/provinciales_2019_scrutin_parti_ce_commune_noumea.png,compilation_elections_nc/outputs/cartes_qgis/provinciales_2019_focus/noumea/partis_echelle_comparable/noumea_ce_echelle_comparable.png,png,TRUE,57,20,6,13.56,23.49
ok,,commune,Province Sud,Nouméa,parti,FLNKS,UC-FLNKS et Nationalistes,echelle_comparable,9.03,15.88,,"Nouméa - Provinciales 2019 - UC-FLNKS et Nationalistes - 9,0 % exprimés","Province Sud : 15,9 % exprimés",compilation_elections_nc/outputs/rfocus/provinciales_2019_scrutin_parti_flnks_commune_noumea.tif,compilation_elections_nc/outputs/cartes_focus_r/provinciales_2019_scrutin_parti_flnks_commune_noumea.png,compilation_elections_nc/outputs/cartes_qgis/provinciales_2019_focus/noumea/partis_echelle_comparable/noumea_flnks_echelle_comparable.png,png,TRUE,57,20,6,1.18,29.82
ok,,commune,Province Sud,Nouméa,parti,LEO,Éveil Océanien,echelle_comparable,5.49,8.56,,"Nouméa - Provinciales 2019 - Éveil Océanien - 5,5 % exprimés","Province Sud : 8,6 % exprimés",compilation_elections_nc/outputs/rfocus/provinciales_2019_scrutin_parti_leo_commune_noumea.tif,compilation_elections_nc/outputs/cartes_focus_r/provinciales_2019_scrutin_parti_leo_commune_noumea.png,compilation_elections_nc/outputs/cartes_qgis/provinciales_2019_focus/noumea/partis_echelle_comparable/noumea_leo_echelle_comparable.png,png,TRUE,57,20,6,0.42,19.09
ok,,commune,Province Sud,Nouméa,parti,RN,RN,echelle_comparable,3.87,3.81,,"Nouméa - Provinciales 2019 - RN - 3,9 % exprimés","Province Sud : 3,8 % exprimés",compilation_elections_nc/outputs/rfocus/provinciales_2019_scrutin_parti_rn_commune_noumea.tif,compilation_elections_nc/outputs/cartes_focus_r/provinciales_2019_scrutin_parti_rn_commune_noumea.png,compilation_elections_nc/outputs/cartes_qgis/provinciales_2019_focus/noumea/partis_echelle_comparable/noumea_rn_echelle_comparable.png,png,TRUE,57,20,6,1.99,7.85
ok,,province,Province Nord,,parti,UNI,UNI,echelle_adaptee,38.5,,,"Province Nord - Provinciales 2019 - UNI - 38,5 % exprimés",,compilation_elections_nc/outputs/rfocus/provinciales_2019_scrutin_parti_uni_province_province_nord.tif,compilation_elections_nc/outputs/cartes_focus_r/provinciales_2019_scrutin_parti_uni_province_province_nord.png,compilation_elections_nc/outputs/cartes_qgis/provinciales_2019_focus/province/partis_echelle_adaptee/province_nord_uni_echelle_adaptee.png,png,TRUE,92,250,6,6.12,94.81
ok,,province,Province Nord,,parti,UC-FLNKS,UC-FLNKS et Nationalistes,echelle_adaptee,35.96,,,"Province Nord - Provinciales 2019 - UC-FLNKS et Nationalistes - 36,0 % exprimés",,compilation_elections_nc/outputs/rfocus/provinciales_2019_scrutin_parti_uc_flnks_province_province_nord.tif,compilation_elections_nc/outputs/cartes_focus_r/provinciales_2019_scrutin_parti_uc_flnks_province_province_nord.png,compilation_elections_nc/outputs/cartes_qgis/provinciales_2019_focus/province/partis_echelle_adaptee/province_nord_uc_flnks_echelle_adaptee.png,png,TRUE,92,250,6,5.17,92.59
ok,,province,Province Nord,,parti,AGISSONS NORD,AGISSONS NORD,echelle_adaptee,12.18,,,"Province Nord - Provinciales 2019 - AGISSONS NORD - 12,2 % exprimés",,compilation_elections_nc/outputs/rfocus/provinciales_2019_scrutin_parti_agissons_nord_province_province_nord.tif,compilation_elections_nc/outputs/cartes_focus_r/provinciales_2019_scrutin_parti_agissons_nord_province_province_nord.png,compilation_elections_nc/outputs/cartes_qgis/provinciales_2019_focus/province/partis_echelle_adaptee/province_nord_agissons_nord_echelle_adaptee.png,png,TRUE,92,250,6,0,46.56
ok,,province,Province Nord,,parti,CE,Calédonie Ensemble,echelle_adaptee,7.83,,,"Province Nord - Provinciales 2019 - Calédonie Ensemble - 7,8 % exprimés",,compilation_elections_nc/outputs/rfocus/provinciales_2019_scrutin_parti_ce_province_province_nord.tif,compilation_elections_nc/outputs/cartes_focus_r/provinciales_2019_scrutin_parti_ce_province_province_nord.png,compilation_elections_nc/outputs/cartes_qgis/provinciales_2019_focus/province/partis_echelle_adaptee/province_nord_ce_echelle_adaptee.png,png,TRUE,92,250,6,0,31.65
ok,,province,Province Nord,,parti,PT,Parti Travailliste,echelle_adaptee,3.34,,,"Province Nord - Provinciales 2019 - Parti Travailliste - 3,3 % exprimés",,compilation_elections_nc/outputs/rfocus/provinciales_2019_scrutin_parti_pt_province_province_nord.tif,compilation_elections_nc/outputs/cartes_focus_r/provinciales_2019_scrutin_parti_pt_province_province_nord.png,compilation_elections_nc/outputs/cartes_qgis/provinciales_2019_focus/province/partis_echelle_adaptee/province_nord_pt_echelle_adaptee.png,png,TRUE,92,250,6,0,31.75
ok,,province,Province Nord,,parti,UNI,UNI,echelle_comparable,38.5,,,"Province Nord - Provinciales 2019 - UNI - 38,5 % exprimés",,compilation_elections_nc/outputs/rfocus/provinciales_2019_scrutin_parti_uni_province_province_nord.tif,compilation_elections_nc/outputs/cartes_focus_r/provinciales_2019_scrutin_parti_uni_province_province_nord.png,compilation_elections_nc/outputs/cartes_qgis/provinciales_2019_focus/province/partis_echelle_comparable/province_nord_uni_echelle_comparable.png,png,TRUE,92,250,6,6.12,94.81
ok,,province,Province Nord,,parti,UC-FLNKS,UC-FLNKS et Nationalistes,echelle_comparable,35.96,,,"Province Nord - Provinciales 2019 - UC-FLNKS et Nationalistes - 36,0 % exprimés",,compilation_elections_nc/outputs/rfocus/provinciales_2019_scrutin_parti_uc_flnks_province_province_nord.tif,compilation_elections_nc/outputs/cartes_focus_r/provinciales_2019_scrutin_parti_uc_flnks_province_province_nord.png,compilation_elections_nc/outputs/cartes_qgis/provinciales_2019_focus/province/partis_echelle_comparable/province_nord_uc_flnks_echelle_comparable.png,png,TRUE,92,250,6,5.17,92.59
ok,,province,Province Nord,,parti,AGISSONS NORD,AGISSONS NORD,echelle_comparable,12.18,,,"Province Nord - Provinciales 2019 - AGISSONS NORD - 12,2 % exprimés",,compilation_elections_nc/outputs/rfocus/provinciales_2019_scrutin_parti_agissons_nord_province_province_nord.tif,compilation_elections_nc/outputs/cartes_focus_r/provinciales_2019_scrutin_parti_agissons_nord_province_province_nord.png,compilation_elections_nc/outputs/cartes_qgis/provinciales_2019_focus/province/partis_echelle_comparable/province_nord_agissons_nord_echelle_comparable.png,png,TRUE,92,250,6,0,46.56
ok,,province,Province Nord,,parti,CE,Calédonie Ensemble,echelle_comparable,7.83,,,"Province Nord - Provinciales 2019 - Calédonie Ensemble - 7,8 % exprimés",,compilation_elections_nc/outputs/rfocus/provinciales_2019_scrutin_parti_ce_province_province_nord.tif,compilation_elections_nc/outputs/cartes_focus_r/provinciales_2019_scrutin_parti_ce_province_province_nord.png,compilation_elections_nc/outputs/cartes_qgis/provinciales_2019_focus/province/partis_echelle_comparable/province_nord_ce_echelle_comparable.png,png,TRUE,92,250,6,0,31.65
ok,,province,Province Nord,,parti,PT,Parti Travailliste,echelle_comparable,3.34,,,"Province Nord - Provinciales 2019 - Parti Travailliste - 3,3 % exprimés",,compilation_elections_nc/outputs/rfocus/provinciales_2019_scrutin_parti_pt_province_province_nord.tif,compilation_elections_nc/outputs/cartes_focus_r/provinciales_2019_scrutin_parti_pt_province_province_nord.png,compilation_elections_nc/outputs/cartes_qgis/provinciales_2019_focus/province/partis_echelle_comparable/province_nord_pt_echelle_comparable.png,png,TRUE,92,250,6,0,31.75
ok,,province,Province Sud,,parti,AVENIR CONFIANCE,Avenir en Confiance,echelle_adaptee,40.59,,,"Province Sud - Provinciales 2019 - Avenir en Confiance - 40,6 % exprimés",,compilation_elections_nc/outputs/rfocus/provinciales_2019_scrutin_parti_avenir_confiance_province_province_sud.tif,compilation_elections_nc/outputs/cartes_focus_r/provinciales_2019_scrutin_parti_avenir_confiance_province_province_sud.png,compilation_elections_nc/outputs/cartes_qgis/provinciales_2019_focus/province/partis_echelle_adaptee/province_sud_avenir_confiance_echelle_adaptee.png,png,TRUE,147,250,6,0.01,72.83
ok,,province,Province Sud,,parti,CE,Calédonie Ensemble,echelle_adaptee,18.49,,,"Province Sud - Provinciales 2019 - Calédonie Ensemble - 18,5 % exprimés",,compilation_elections_nc/outputs/rfocus/provinciales_2019_scrutin_parti_ce_province_province_sud.tif,compilation_elections_nc/outputs/cartes_focus_r/provinciales_2019_scrutin_parti_ce_province_province_sud.png,compilation_elections_nc/outputs/cartes_qgis/provinciales_2019_focus/province/partis_echelle_adaptee/province_sud_ce_echelle_adaptee.png,png,TRUE,147,250,6,1.22,42.94
ok,,province,Province Sud,,parti,FLNKS,UC-FLNKS et Nationalistes,echelle_adaptee,15.88,,,"Province Sud - Provinciales 2019 - UC-FLNKS et Nationalistes - 15,9 % exprimés",,compilation_elections_nc/outputs/rfocus/provinciales_2019_scrutin_parti_flnks_province_province_sud.tif,compilation_elections_nc/outputs/cartes_focus_r/provinciales_2019_scrutin_parti_flnks_province_province_sud.png,compilation_elections_nc/outputs/cartes_qgis/provinciales_2019_focus/province/partis_echelle_adaptee/province_sud_flnks_echelle_adaptee.png,png,TRUE,147,250,6,0.77,87.92
ok,,province,Province Sud,,parti,LEO,Éveil Océanien,echelle_adaptee,8.56,,,"Province Sud - Provinciales 2019 - Éveil Océanien - 8,6 % exprimés",,compilation_elections_nc/outputs/rfocus/provinciales_2019_scrutin_parti_leo_province_province_sud.tif,compilation_elections_nc/outputs/cartes_focus_r/provinciales_2019_scrutin_parti_leo_province_province_sud.png,compilation_elections_nc/outputs/cartes_qgis/provinciales_2019_focus/province/partis_echelle_adaptee/province_sud_leo_echelle_adaptee.png,png,TRUE,147,250,6,0,36.13
ok,,province,Province Sud,,parti,RN,RN,echelle_adaptee,3.81,,,"Province Sud - Provinciales 2019 - RN - 3,8 % exprimés",,compilation_elections_nc/outputs/rfocus/provinciales_2019_scrutin_parti_rn_province_province_sud.tif,compilation_elections_nc/outputs/cartes_focus_r/provinciales_2019_scrutin_parti_rn_province_province_sud.png,compilation_elections_nc/outputs/cartes_qgis/provinciales_2019_focus/province/partis_echelle_adaptee/province_sud_rn_echelle_adaptee.png,png,TRUE,147,250,6,0,8.4
ok,,province,Province Sud,,parti,AVENIR CONFIANCE,Avenir en Confiance,echelle_comparable,40.59,,,"Province Sud - Provinciales 2019 - Avenir en Confiance - 40,6 % exprimés",,compilation_elections_nc/outputs/rfocus/provinciales_2019_scrutin_parti_avenir_confiance_province_province_sud.tif,compilation_elections_nc/outputs/cartes_focus_r/provinciales_2019_scrutin_parti_avenir_confiance_province_province_sud.png,compilation_elections_nc/outputs/cartes_qgis/provinciales_2019_focus/province/partis_echelle_comparable/province_sud_avenir_confiance_echelle_comparable.png,png,TRUE,147,250,6,0.01,72.83
ok,,province,Province Sud,,parti,CE,Calédonie Ensemble,echelle_comparable,18.49,,,"Province Sud - Provinciales 2019 - Calédonie Ensemble - 18,5 % exprimés",,compilation_elections_nc/outputs/rfocus/provinciales_2019_scrutin_parti_ce_province_province_sud.tif,compilation_elections_nc/outputs/cartes_focus_r/provinciales_2019_scrutin_parti_ce_province_province_sud.png,compilation_elections_nc/outputs/cartes_qgis/provinciales_2019_focus/province/partis_echelle_comparable/province_sud_ce_echelle_comparable.png,png,TRUE,147,250,6,1.22,42.94
ok,,province,Province Sud,,parti,FLNKS,UC-FLNKS et Nationalistes,echelle_comparable,15.88,,,"Province Sud - Provinciales 2019 - UC-FLNKS et Nationalistes - 15,9 % exprimés",,compilation_elections_nc/outputs/rfocus/provinciales_2019_scrutin_parti_flnks_province_province_sud.tif,compilation_elections_nc/outputs/cartes_focus_r/provinciales_2019_scrutin_parti_flnks_province_province_sud.png,compilation_elections_nc/outputs/cartes_qgis/provinciales_2019_focus/province/partis_echelle_comparable/province_sud_flnks_echelle_comparable.png,png,TRUE,147,250,6,0.77,87.92
ok,,province,Province Sud,,parti,LEO,Éveil Océanien,echelle_comparable,8.56,,,"Province Sud - Provinciales 2019 - Éveil Océanien - 8,6 % exprimés",,compilation_elections_nc/outputs/rfocus/provinciales_2019_scrutin_parti_leo_province_province_sud.tif,compilation_elections_nc/outputs/cartes_focus_r/provinciales_2019_scrutin_parti_leo_province_province_sud.png,compilation_elections_nc/outputs/cartes_qgis/provinciales_2019_focus/province/partis_echelle_comparable/province_sud_leo_echelle_comparable.png,png,TRUE,147,250,6,0,36.13
ok,,province,Province Sud,,parti,RN,RN,echelle_comparable,3.81,,,"Province Sud - Provinciales 2019 - RN - 3,8 % exprimés",,compilation_elections_nc/outputs/rfocus/provinciales_2019_scrutin_parti_rn_province_province_sud.tif,compilation_elections_nc/outputs/cartes_focus_r/provinciales_2019_scrutin_parti_rn_province_province_sud.png,compilation_elections_nc/outputs/cartes_qgis/provinciales_2019_focus/province/partis_echelle_comparable/province_sud_rn_echelle_comparable.png,png,TRUE,147,250,6,0,8.4
ok,,province,Province des Iles,,parti,UC-FLNKS,UC-FLNKS et Nationalistes,echelle_adaptee,37.09,,,"Province des Iles - Provinciales 2019 - UC-FLNKS et Nationalistes - 37,1 % exprimés",,compilation_elections_nc/outputs/rfocus/provinciales_2019_scrutin_parti_uc_flnks_province_province_des_iles.tif,compilation_elections_nc/outputs/cartes_focus_r/provinciales_2019_scrutin_parti_uc_flnks_province_province_des_iles.png,compilation_elections_nc/outputs/cartes_qgis/provinciales_2019_focus/province/partis_echelle_adaptee/province_des_iles_uc_flnks_echelle_adaptee.png,png,TRUE,44,250,6,8.82,89.66
ok,,province,Province des Iles,,parti,UNI-PLK,UNI,echelle_adaptee,21.24,,,"Province des Iles - Provinciales 2019 - UNI - 21,2 % exprimés",,compilation_elections_nc/outputs/rfocus/provinciales_2019_scrutin_parti_uni_plk_province_province_des_iles.tif,compilation_elections_nc/outputs/cartes_focus_r/provinciales_2019_scrutin_parti_uni_plk_province_province_des_iles.png,compilation_elections_nc/outputs/cartes_qgis/provinciales_2019_focus/province/partis_echelle_adaptee/province_des_iles_uni_plk_echelle_adaptee.png,png,TRUE,44,250,6,2.62,62.46
ok,,province,Province des Iles,,parti,PT,Parti Travailliste,echelle_adaptee,14.34,,,"Province des Iles - Provinciales 2019 - Parti Travailliste - 14,3 % exprimés",,compilation_elections_nc/outputs/rfocus/provinciales_2019_scrutin_parti_pt_province_province_des_iles.tif,compilation_elections_nc/outputs/cartes_focus_r/provinciales_2019_scrutin_parti_pt_province_province_des_iles.png,compilation_elections_nc/outputs/cartes_qgis/provinciales_2019_focus/province/partis_echelle_adaptee/province_des_iles_pt_echelle_adaptee.png,png,TRUE,44,250,6,1.51,68.49
ok,,province,Province des Iles,,parti,LKS,LKS,echelle_adaptee,10.98,,,"Province des Iles - Provinciales 2019 - LKS - 11,0 % exprimés",,compilation_elections_nc/outputs/rfocus/provinciales_2019_scrutin_parti_lks_province_province_des_iles.tif,compilation_elections_nc/outputs/cartes_focus_r/provinciales_2019_scrutin_parti_lks_province_province_des_iles.png,compilation_elections_nc/outputs/cartes_qgis/provinciales_2019_focus/province/partis_echelle_adaptee/province_des_iles_lks_echelle_adaptee.png,png,TRUE,44,250,6,0,63.69
ok,,province,Province des Iles,,parti,CE,Calédonie Ensemble,echelle_adaptee,6.09,,,"Province des Iles - Provinciales 2019 - Calédonie Ensemble - 6,1 % exprimés",,compilation_elections_nc/outputs/rfocus/provinciales_2019_scrutin_parti_ce_province_province_des_iles.tif,compilation_elections_nc/outputs/cartes_focus_r/provinciales_2019_scrutin_parti_ce_province_province_des_iles.png,compilation_elections_nc/outputs/cartes_qgis/provinciales_2019_focus/province/partis_echelle_adaptee/province_des_iles_ce_echelle_adaptee.png,png,TRUE,44,250,6,0.01,23.35
ok,,province,Province des Iles,,parti,UC-FLNKS,UC-FLNKS et Nationalistes,echelle_comparable,37.09,,,"Province des Iles - Provinciales 2019 - UC-FLNKS et Nationalistes - 37,1 % exprimés",,compilation_elections_nc/outputs/rfocus/provinciales_2019_scrutin_parti_uc_flnks_province_province_des_iles.tif,compilation_elections_nc/outputs/cartes_focus_r/provinciales_2019_scrutin_parti_uc_flnks_province_province_des_iles.png,compilation_elections_nc/outputs/cartes_qgis/provinciales_2019_focus/province/partis_echelle_comparable/province_des_iles_uc_flnks_echelle_comparable.png,png,TRUE,44,250,6,8.82,89.66
ok,,province,Province des Iles,,parti,UNI-PLK,UNI,echelle_comparable,21.24,,,"Province des Iles - Provinciales 2019 - UNI - 21,2 % exprimés",,compilation_elections_nc/outputs/rfocus/provinciales_2019_scrutin_parti_uni_plk_province_province_des_iles.tif,compilation_elections_nc/outputs/cartes_focus_r/provinciales_2019_scrutin_parti_uni_plk_province_province_des_iles.png,compilation_elections_nc/outputs/cartes_qgis/provinciales_2019_focus/province/partis_echelle_comparable/province_des_iles_uni_plk_echelle_comparable.png,png,TRUE,44,250,6,2.62,62.46
ok,,province,Province des Iles,,parti,PT,Parti Travailliste,echelle_comparable,14.34,,,"Province des Iles - Provinciales 2019 - Parti Travailliste - 14,3 % exprimés",,compilation_elections_nc/outputs/rfocus/provinciales_2019_scrutin_parti_pt_province_province_des_iles.tif,compilation_elections_nc/outputs/cartes_focus_r/provinciales_2019_scrutin_parti_pt_province_province_des_iles.png,compilation_elections_nc/outputs/cartes_qgis/provinciales_2019_focus/province/partis_echelle_comparable/province_des_iles_pt_echelle_comparable.png,png,TRUE,44,250,6,1.51,68.49
ok,,province,Province des Iles,,parti,LKS,LKS,echelle_comparable,10.98,,,"Province des Iles - Provinciales 2019 - LKS - 11,0 % exprimés",,compilation_elections_nc/outputs/rfocus/provinciales_2019_scrutin_parti_lks_province_province_des_iles.tif,compilation_elections_nc/outputs/cartes_focus_r/provinciales_2019_scrutin_parti_lks_province_province_des_iles.png,compilation_elections_nc/outputs/cartes_qgis/provinciales_2019_focus/province/partis_echelle_comparable/province_des_iles_lks_echelle_comparable.png,png,TRUE,44,250,6,0,63.69
ok,,province,Province des Iles,,parti,CE,Calédonie Ensemble,echelle_comparable,6.09,,,"Province des Iles - Provinciales 2019 - Calédonie Ensemble - 6,1 % exprimés",,compilation_elections_nc/outputs/rfocus/provinciales_2019_scrutin_parti_ce_province_province_des_iles.tif,compilation_elections_nc/outputs/cartes_focus_r/provinciales_2019_scrutin_parti_ce_province_province_des_iles.png,compilation_elections_nc/outputs/cartes_qgis/provinciales_2019_focus/province/partis_echelle_comparable/province_des_iles_ce_echelle_comparable.png,png,TRUE,44,250,6,0.01,23.35
ok,,commune,Province Sud,Nouméa,abstention,abstention,Abstention,echelle_adaptee,34.31,32.77,33.5,"Nouméa - Provinciales 2019 - Abstention - 34,3 % inscrits","Province Sud : 32,8 % inscrits | Nouvelle-Calédonie : 33,5 % inscrits",compilation_elections_nc/outputs/rfocus/provinciales_2019_scrutin_abstention_abstention_commune_noumea.tif,compilation_elections_nc/outputs/cartes_focus_r/provinciales_2019_scrutin_abstention_abstention_commune_noumea.png,compilation_elections_nc/outputs/cartes_qgis/provinciales_2019_focus/noumea/participation_abstention/noumea_abstention_echelle_adaptee.png,png,TRUE,57,20,6,22.51,49.74
ok,,commune,Province Sud,Nouméa,participation,participation,Participation,echelle_adaptee,65.69,67.23,66.5,"Nouméa - Provinciales 2019 - Participation - 65,7 % inscrits","Province Sud : 67,2 % inscrits | Nouvelle-Calédonie : 66,5 % inscrits",compilation_elections_nc/outputs/rfocus/provinciales_2019_scrutin_participation_participation_commune_noumea.tif,compilation_elections_nc/outputs/cartes_focus_r/provinciales_2019_scrutin_participation_participation_commune_noumea.png,compilation_elections_nc/outputs/cartes_qgis/provinciales_2019_focus/noumea/participation_abstention/noumea_participation_echelle_adaptee.png,png,TRUE,57,20,6,50.26,77.49
ok,,province,Province Nord,,abstention,abstention,Abstention,echelle_adaptee,35.46,,33.5,"Province Nord - Provinciales 2019 - Abstention - 35,5 % inscrits","Nouvelle-Calédonie : 33,5 % inscrits",compilation_elections_nc/outputs/rfocus/provinciales_2019_scrutin_abstention_abstention_province_province_nord.tif,compilation_elections_nc/outputs/cartes_focus_r/provinciales_2019_scrutin_abstention_abstention_province_province_nord.png,compilation_elections_nc/outputs/cartes_qgis/provinciales_2019_focus/province/participation_abstention/province_nord_abstention_echelle_adaptee.png,png,TRUE,92,250,6,14.79,54.26
ok,,province,Province Nord,,participation,participation,Participation,echelle_adaptee,64.54,,66.5,"Province Nord - Provinciales 2019 - Participation - 64,5 % inscrits","Nouvelle-Calédonie : 66,5 % inscrits",compilation_elections_nc/outputs/rfocus/provinciales_2019_scrutin_participation_participation_province_province_nord.tif,compilation_elections_nc/outputs/cartes_focus_r/provinciales_2019_scrutin_participation_participation_province_province_nord.png,compilation_elections_nc/outputs/cartes_qgis/provinciales_2019_focus/province/participation_abstention/province_nord_participation_echelle_adaptee.png,png,TRUE,92,250,6,45.74,85.21
ok,,province,Province Sud,,abstention,abstention,Abstention,echelle_adaptee,32.77,,33.5,"Province Sud - Provinciales 2019 - Abstention - 32,8 % inscrits","Nouvelle-Calédonie : 33,5 % inscrits",compilation_elections_nc/outputs/rfocus/provinciales_2019_scrutin_abstention_abstention_province_province_sud.tif,compilation_elections_nc/outputs/cartes_focus_r/provinciales_2019_scrutin_abstention_abstention_province_province_sud.png,compilation_elections_nc/outputs/cartes_qgis/provinciales_2019_focus/province/participation_abstention/province_sud_abstention_echelle_adaptee.png,png,TRUE,147,250,6,17.08,49.62
ok,,province,Province Sud,,participation,participation,Participation,echelle_adaptee,67.23,,66.5,"Province Sud - Provinciales 2019 - Participation - 67,2 % inscrits","Nouvelle-Calédonie : 66,5 % inscrits",compilation_elections_nc/outputs/rfocus/provinciales_2019_scrutin_participation_participation_province_province_sud.tif,compilation_elections_nc/outputs/cartes_focus_r/provinciales_2019_scrutin_participation_participation_province_province_sud.png,compilation_elections_nc/outputs/cartes_qgis/provinciales_2019_focus/province/participation_abstention/province_sud_participation_echelle_adaptee.png,png,TRUE,147,250,6,50.38,82.92
ok,,province,Province des Iles,,abstention,abstention,Abstention,echelle_adaptee,33.51,,33.5,"Province des Iles - Provinciales 2019 - Abstention - 33,5 % inscrits","Nouvelle-Calédonie : 33,5 % inscrits",compilation_elections_nc/outputs/rfocus/provinciales_2019_scrutin_abstention_abstention_province_province_des_iles.tif,compilation_elections_nc/outputs/cartes_focus_r/provinciales_2019_scrutin_abstention_abstention_province_province_des_iles.png,compilation_elections_nc/outputs/cartes_qgis/provinciales_2019_focus/province/participation_abstention/province_des_iles_abstention_echelle_adaptee.png,png,TRUE,44,250,6,20.47,49.39
ok,,province,Province des Iles,,participation,participation,Participation,echelle_adaptee,66.49,,66.5,"Province des Iles - Provinciales 2019 - Participation - 66,5 % inscrits","Nouvelle-Calédonie : 66,5 % inscrits",compilation_elections_nc/outputs/rfocus/provinciales_2019_scrutin_participation_participation_province_province_des_iles.tif,compilation_elections_nc/outputs/cartes_focus_r/provinciales_2019_scrutin_participation_participation_province_province_des_iles.png,compilation_elections_nc/outputs/cartes_qgis/provinciales_2019_focus/province/participation_abstention/province_des_iles_participation_echelle_adaptee.png,png,TRUE,44,250,6,50.61,79.53
