code,year,population,population_status,station_count_latest,station_year_latest
AS,1990,46690,E,,
AS,1991,47924,E,,
AS,1992,49082,E,,
AS,1993,50204,E,,
AS,1994,51292,E,,
AS,1995,52358,E,,
AS,1996,53400,E,,
AS,1997,54406,E,,
AS,1998,55379,E,,
AS,1999,56291,E,,
AS,2000,56896,E,,
AS,2001,57097,E,,
AS,2002,57105,E,,
AS,2003,57013,E,,
AS,2004,56866,E,,
AS,2005,56665,E,,
AS,2006,56420,E,,
AS,2007,56159,E,,
AS,2008,55875,E,,
AS,2009,55576,E,,
AS,2010,55275,E,,
AS,2011,54944,E,,
AS,2012,54542,E,,
AS,2013,54058,E,,
AS,2014,53511,E,,
AS,2015,52922,E,,
AS,2016,52292,E,,
AS,2017,51632,E,,
AS,2018,50955,E,,
AS,2019,50253,E,,
AS,2020,49806,E,,
AS,2021,49271,E,,
AS,2022,48386,E,,
AS,2023,47566,E,,
AS,2024,47141,E,,
AS,2025,46389,E,,
CK,1990,17163,E,2.0,2026
CK,1991,17356,E,2.0,2026
CK,1992,17516,E,2.0,2026
CK,1993,17638,E,2.0,2026
CK,1994,17730,E,2.0,2026
CK,1995,17829,E,2.0,2026
CK,1996,17900,E,2.0,2026
CK,1997,17668,E,2.0,2026
CK,1998,17119,E,2.0,2026
CK,1999,16521,E,2.0,2026
CK,2000,15898,E,2.0,2026
CK,2001,15283,E,2.0,2026
CK,2002,15018,E,2.0,2026
CK,2003,15073,E,2.0,2026
CK,2004,15124,E,2.0,2026
CK,2005,15177,E,2.0,2026
CK,2006,15253,E,2.0,2026
CK,2007,15545,E,2.0,2026
CK,2008,16024,E,2.0,2026
CK,2009,16526,E,2.0,2026
CK,2010,17023,E,2.0,2026
CK,2011,17502,E,2.0,2026
CK,2012,17709,E,2.0,2026
CK,2013,17655,E,2.0,2026
CK,2014,17578,E,2.0,2026
CK,2015,17493,E,2.0,2026
CK,2016,17378,E,2.0,2026
CK,2017,17095,E,2.0,2026
CK,2018,16636,E,2.0,2026
CK,2019,16177,E,2.0,2026
CK,2020,15692,E,2.0,2026
CK,2021,15228,E,2.0,2026
CK,2022,14778,E,2.0,2026
CK,2023,14277,E,2.0,2026
CK,2024,13967,E,2.0,2026
CK,2025,13491,E,2.0,2026
FJ,1990,773331,E,8.0,2026
FJ,1991,779673,E,8.0,2026
FJ,1992,785364,E,8.0,2026
FJ,1993,790388,E,8.0,2026
FJ,1994,794788,E,8.0,2026
FJ,1995,798763,E,8.0,2026
FJ,1996,803805,E,8.0,2026
FJ,1997,812154,E,8.0,2026
FJ,1998,822272,E,8.0,2026
FJ,1999,831840,E,8.0,2026
FJ,2000,840927,E,8.0,2026
FJ,2001,849608,E,8.0,2026
FJ,2002,858072,E,8.0,2026
FJ,2003,866300,E,8.0,2026
FJ,2004,874374,E,8.0,2026
FJ,2005,882391,E,8.0,2026
FJ,2006,890374,E,8.0,2026
FJ,2007,897846,E,8.0,2026
FJ,2008,903421,E,8.0,2026
FJ,2009,907250,E,8.0,2026
FJ,2010,910430,E,8.0,2026
FJ,2011,913011,E,8.0,2026
FJ,2012,914934,E,8.0,2026
FJ,2013,916364,E,8.0,2026
FJ,2014,917601,E,8.0,2026
FJ,2015,918594,E,8.0,2026
FJ,2016,919176,E,8.0,2026
FJ,2017,918778,E,8.0,2026
FJ,2018,917190,E,8.0,2026
FJ,2019,914903,E,8.0,2026
FJ,2020,914977,E,8.0,2026
FJ,2021,916724,E,8.0,2026
FJ,2022,919430,E,8.0,2026
FJ,2023,924158,E,8.0,2026
FJ,2024,926544,E,8.0,2026
FJ,2025,931024,E,8.0,2026
FM,1990,100924,E,3.0,2026
FM,1991,102787,E,3.0,2026
FM,1992,104840,E,3.0,2026
FM,1993,107100,E,3.0,2026
FM,1994,109118,E,3.0,2026
FM,1995,110265,E,3.0,2026
FM,1996,110744,E,3.0,2026
FM,1997,111108,E,3.0,2026
FM,1998,111418,E,3.0,2026
FM,1999,111722,E,3.0,2026
FM,2000,112083,E,3.0,2026
FM,2001,112408,E,3.0,2026
FM,2002,112494,E,3.0,2026
FM,2003,112321,E,3.0,2026
FM,2004,111956,E,3.0,2026
FM,2005,111452,E,3.0,2026
FM,2006,110763,E,3.0,2026
FM,2007,109904,E,3.0,2026
FM,2008,108976,E,3.0,2026
FM,2009,107993,E,3.0,2026
FM,2010,107580,E,3.0,2026
FM,2011,107729,E,3.0,2026
FM,2012,107922,E,3.0,2026
FM,2013,108159,E,3.0,2026
FM,2014,108430,E,3.0,2026
FM,2015,108744,E,3.0,2026
FM,2016,109102,E,3.0,2026
FM,2017,109508,E,3.0,2026
FM,2018,109941,E,3.0,2026
FM,2019,110321,E,3.0,2026
FM,2020,110951,E,3.0,2026
FM,2021,111655,E,3.0,2026
FM,2022,112142,E,3.0,2026
FM,2023,112664,E,3.0,2026
FM,2024,112893,E,3.0,2026
FM,2025,113428,E,3.0,2026
GU,1990,138645,E,,
GU,1991,141101,E,,
GU,1992,143424,E,,
GU,1993,145682,E,,
GU,1994,147896,E,,
GU,1995,150082,E,,
GU,1996,152196,E,,
GU,1997,154246,E,,
GU,1998,156266,E,,
GU,1999,158322,E,,
GU,2000,160100,E,,
GU,2001,161365,E,,
GU,2002,162347,E,,
GU,2003,163166,E,,
GU,2004,163840,E,,
GU,2005,164393,E,,
GU,2006,164875,E,,
GU,2007,165301,E,,
GU,2008,165733,E,,
GU,2009,166214,E,,
GU,2010,166559,E,,
GU,2011,166567,E,,
GU,2012,166360,E,,
GU,2013,165990,E,,
GU,2014,165509,E,,
GU,2015,164934,E,,
GU,2016,164259,E,,
GU,2017,163521,E,,
GU,2018,162709,E,,
GU,2019,161839,E,,
GU,2020,162185,E,,
GU,2021,163760,E,,
GU,2022,165205,E,,
GU,2023,166536,E,,
GU,2024,167155,E,,
GU,2025,168399,E,,
KI,1990,74896,E,4.0,2026
KI,1991,76408,E,4.0,2026
KI,1992,77685,E,4.0,2026
KI,1993,78881,E,4.0,2026
KI,1994,80056,E,4.0,2026
KI,1995,81272,E,4.0,2026
KI,1996,82661,E,4.0,2026
KI,1997,84182,E,4.0,2026
KI,1998,85701,E,4.0,2026
KI,1999,87170,E,4.0,2026
KI,2000,88655,E,4.0,2026
KI,2001,90370,E,4.0,2026
KI,2002,92304,E,4.0,2026
KI,2003,94214,E,4.0,2026
KI,2004,96126,E,4.0,2026
KI,2005,98076,E,4.0,2026
KI,2006,100065,E,4.0,2026
KI,2007,102104,E,4.0,2026
KI,2008,104263,E,4.0,2026
KI,2009,106505,E,4.0,2026
KI,2010,108736,E,4.0,2026
KI,2011,110683,E,4.0,2026
KI,2012,112323,E,4.0,2026
KI,2013,113875,E,4.0,2026
KI,2014,115359,E,4.0,2026
KI,2015,116849,E,4.0,2026
KI,2016,118514,E,4.0,2026
KI,2017,120303,E,4.0,2026
KI,2018,122119,E,4.0,2026
KI,2019,123960,E,4.0,2026
KI,2020,126132,E,4.0,2026
KI,2021,128411,E,4.0,2026
KI,2022,130498,E,4.0,2026
KI,2023,132559,E,4.0,2026
KI,2024,133527,E,4.0,2026
KI,2025,135509,E,4.0,2026
MH,1990,44673,E,2.0,2026
MH,1991,45603,E,2.0,2026
MH,1992,46431,E,2.0,2026
MH,1993,47132,E,2.0,2026
MH,1994,47753,E,2.0,2026
MH,1995,48309,E,2.0,2026
MH,1996,48817,E,2.0,2026
MH,1997,49301,E,2.0,2026
MH,1998,49760,E,2.0,2026
MH,1999,50247,E,2.0,2026
MH,2000,50749,E,2.0,2026
MH,2001,51168,E,2.0,2026
MH,2002,51469,E,2.0,2026
MH,2003,51687,E,2.0,2026
MH,2004,51837,E,2.0,2026
MH,2005,51955,E,2.0,2026
MH,2006,52037,E,2.0,2026
MH,2007,52077,E,2.0,2026
MH,2008,52068,E,2.0,2026
MH,2009,52059,E,2.0,2026
MH,2010,52090,E,2.0,2026
MH,2011,51947,E,2.0,2026
MH,2012,51459,E,2.0,2026
MH,2013,50726,E,2.0,2026
MH,2014,49834,E,2.0,2026
MH,2015,48843,E,2.0,2026
MH,2016,47753,E,2.0,2026
MH,2017,46574,E,2.0,2026
MH,2018,45325,E,2.0,2026
MH,2019,44049,E,2.0,2026
MH,2020,42745,E,2.0,2026
MH,2021,41418,E,2.0,2026
MH,2022,40123,E,2.0,2026
MH,2023,38873,E,2.0,2026
MH,2024,38182,E,2.0,2026
MH,2025,36914,E,2.0,2026
MP,1990,43387,E,,
MP,1991,44444,E,,
MP,1992,45222,E,,
MP,1993,45997,E,,
MP,1994,46774,E,,
MP,1995,48220,E,,
MP,1996,51748,E,,
MP,1997,56639,E,,
MP,1998,61378,E,,
MP,1999,65956,E,,
MP,2000,68395,E,,
MP,2001,68025,E,,
MP,2002,66825,E,,
MP,2003,65464,E,,
MP,2004,63980,E,,
MP,2005,62398,E,,
MP,2006,60731,E,,
MP,2007,58989,E,,
MP,2008,57189,E,,
MP,2009,55373,E,,
MP,2010,54142,E,,
MP,2011,53658,E,,
MP,2012,53277,E,,
MP,2013,52801,E,,
MP,2014,52219,E,,
MP,2015,51558,E,,
MP,2016,50817,E,,
MP,2017,50007,E,,
MP,2018,49123,E,,
MP,2019,48178,E,,
MP,2020,47573,E,,
MP,2021,47032,E,,
MP,2022,46130,E,,
MP,2023,45193,E,,
MP,2024,44668,E,,
MP,2025,43887,E,,
NC,1990,176492,E,4.0,2026
NC,1991,181269,E,4.0,2026
NC,1992,186110,E,4.0,2026
NC,1993,190890,E,4.0,2026
NC,1994,195653,E,4.0,2026
NC,1995,200410,E,4.0,2026
NC,1996,205072,E,4.0,2026
NC,1997,209591,E,4.0,2026
NC,1998,214074,E,4.0,2026
NC,1999,218553,E,4.0,2026
NC,2000,223126,E,4.0,2026
NC,2001,227730,E,4.0,2026
NC,2002,232266,E,4.0,2026
NC,2003,236695,E,4.0,2026
NC,2004,240872,E,4.0,2026
NC,2005,244413,E,4.0,2026
NC,2006,247565,E,4.0,2026
NC,2007,250744,E,4.0,2026
NC,2008,253853,E,4.0,2026
NC,2009,257271,E,4.0,2026
NC,2010,261598,E,4.0,2026
NC,2011,266561,E,4.0,2026
NC,2012,271657,E,4.0,2026
NC,2013,276850,E,4.0,2026
NC,2014,281250,E,4.0,2026
NC,2015,283193,E,4.0,2026
NC,2016,283442,E,4.0,2026
NC,2017,283569,E,4.0,2026
NC,2018,283565,E,4.0,2026
NC,2019,283619,E,4.0,2026
NC,2020,284200,E,4.0,2026
NC,2021,285233,E,4.0,2026
NC,2022,287138,E,4.0,2026
NC,2023,289892,E,4.0,2026
NC,2024,291269,E,4.0,2026
NC,2025,294010,E,4.0,2026
NR,1990,9672,E,0.0,2026
NR,1991,9900,E,0.0,2026
NR,1992,10070,E,0.0,2026
NR,1993,10148,E,0.0,2026
NR,1994,10181,E,0.0,2026
NR,1995,10211,E,0.0,2026
NR,1996,10230,E,0.0,2026
NR,1997,10238,E,0.0,2026
NR,1998,10242,E,0.0,2026
NR,1999,10232,E,0.0,2026
NR,2000,10210,E,0.0,2026
NR,2001,10173,E,0.0,2026
NR,2002,10127,E,0.0,2026
NR,2003,10106,E,0.0,2026
NR,2004,10105,E,0.0,2026
NR,2005,10094,E,0.0,2026
NR,2006,10082,E,0.0,2026
NR,2007,10064,E,0.0,2026
NR,2008,10056,E,0.0,2026
NR,2009,10065,E,0.0,2026
NR,2010,10088,E,0.0,2026
NR,2011,10149,E,0.0,2026
NR,2012,10309,E,0.0,2026
NR,2013,10565,E,0.0,2026
NR,2014,10789,E,0.0,2026
NR,2015,11003,E,0.0,2026
NR,2016,11190,E,0.0,2026
NR,2017,11372,E,0.0,2026
NR,2018,11522,E,0.0,2026
NR,2019,11637,E,0.0,2026
NR,2020,11684,E,0.0,2026
NR,2021,11753,E,0.0,2026
NR,2022,11847,E,0.0,2026
NR,2023,11919,E,0.0,2026
NR,2024,11905,E,0.0,2026
NR,2025,11988,E,0.0,2026
NU,1990,2525,E,0.0,2026
NU,1991,2494,E,0.0,2026
NU,1992,2462,E,0.0,2026
NU,1993,2418,E,0.0,2026
NU,1994,2382,E,0.0,2026
NU,1995,2341,E,0.0,2026
NU,1996,2305,E,0.0,2026
NU,1997,2265,E,0.0,2026
NU,1998,2215,E,0.0,2026
NU,1999,2149,E,0.0,2026
NU,2000,2087,E,0.0,2026
NU,2001,2033,E,0.0,2026
NU,2002,1986,E,0.0,2026
NU,2003,1949,E,0.0,2026
NU,2004,1911,E,0.0,2026
NU,2005,1872,E,0.0,2026
NU,2006,1844,E,0.0,2026
NU,2007,1828,E,0.0,2026
NU,2008,1821,E,0.0,2026
NU,2009,1818,E,0.0,2026
NU,2010,1809,E,0.0,2026
NU,2011,1797,E,0.0,2026
NU,2012,1797,E,0.0,2026
NU,2013,1801,E,0.0,2026
NU,2014,1811,E,0.0,2026
NU,2015,1825,E,0.0,2026
NU,2016,1822,E,0.0,2026
NU,2017,1825,E,0.0,2026
NU,2018,1830,E,0.0,2026
NU,2019,1835,E,0.0,2026
NU,2020,1841,E,0.0,2026
NU,2021,1857,E,0.0,2026
NU,2022,1869,E,0.0,2026
NU,2023,1865,E,0.0,2026
NU,2024,1815,E,0.0,2026
NU,2025,1822,E,0.0,2026
PF,1990,203799,E,7.0,2026
PF,1991,207779,E,7.0,2026
PF,1992,211589,E,7.0,2026
PF,1993,215248,E,7.0,2026
PF,1994,218770,E,7.0,2026
PF,1995,222150,E,7.0,2026
PF,1996,225516,E,7.0,2026
PF,1997,229152,E,7.0,2026
PF,1998,232918,E,7.0,2026
PF,1999,236632,E,7.0,2026
PF,2000,240366,E,7.0,2026
PF,2001,244124,E,7.0,2026
PF,2002,247801,E,7.0,2026
PF,2003,251672,E,7.0,2026
PF,2004,255685,E,7.0,2026
PF,2005,259528,E,7.0,2026
PF,2006,263240,E,7.0,2026
PF,2007,266458,E,7.0,2026
PF,2008,268403,E,7.0,2026
PF,2009,269508,E,7.0,2026
PF,2010,270605,E,7.0,2026
PF,2011,271752,E,7.0,2026
PF,2012,273106,E,7.0,2026
PF,2013,274750,E,7.0,2026
PF,2014,276405,E,7.0,2026
PF,2015,277894,E,7.0,2026
PF,2016,279202,E,7.0,2026
PF,2017,280109,E,7.0,2026
PF,2018,279838,E,7.0,2026
PF,2019,279063,E,7.0,2026
PF,2020,279228,E,7.0,2026
PF,2021,279827,E,7.0,2026
PF,2022,280406,E,7.0,2026
PF,2023,281144,E,7.0,2026
PF,2024,281466,E,7.0,2026
PF,2025,282147,E,7.0,2026
PG,1990,3896496,E,6.0,2026
PG,1991,4021849,E,6.0,2026
PG,1992,4166711,E,6.0,2026
PG,1993,4320883,E,6.0,2026
PG,1994,4480221,E,6.0,2026
PG,1995,4644283,E,6.0,2026
PG,1996,4813363,E,6.0,2026
PG,1997,4987896,E,6.0,2026
PG,1998,5166406,E,6.0,2026
PG,1999,5349346,E,6.0,2026
PG,2000,5537072,E,6.0,2026
PG,2001,5728451,E,6.0,2026
PG,2002,5924010,E,6.0,2026
PG,2003,6124014,E,6.0,2026
PG,2004,6328053,E,6.0,2026
PG,2005,6535917,E,6.0,2026
PG,2006,6747730,E,6.0,2026
PG,2007,6963353,E,6.0,2026
PG,2008,7183008,E,6.0,2026
PG,2009,7406451,E,6.0,2026
PG,2010,7633526,E,6.0,2026
PG,2011,7859351,E,6.0,2026
PG,2012,8081399,E,6.0,2026
PG,2013,8302710,E,6.0,2026
PG,2014,8523447,E,6.0,2026
PG,2015,8743260,E,6.0,2026
PG,2016,8961730,E,6.0,2026
PG,2017,9178719,E,6.0,2026
PG,2018,9394523,E,6.0,2026
PG,2019,9609025,E,6.0,2026
PG,2020,9815754,E,6.0,2026
PG,2021,10012911,E,6.0,2026
PG,2022,10203180,E,6.0,2026
PG,2023,10389650,E,6.0,2026
PG,2024,10483061,E,6.0,2026
PG,2025,10669942,E,6.0,2026
PN,1990,59,E,0.0,2026
PN,1991,66,E,0.0,2026
PN,1992,54,E,0.0,2026
PN,1993,57,E,0.0,2026
PN,1994,54,E,0.0,2026
PN,1995,55,E,0.0,2026
PN,1996,43,E,0.0,2026
PN,1997,40,E,0.0,2026
PN,1998,66,E,0.0,2026
PN,1999,46,E,0.0,2026
PN,2000,51,E,0.0,2026
PN,2001,44,E,0.0,2026
PN,2002,48,E,0.0,2026
PN,2003,59,E,0.0,2026
PN,2004,61,E,0.0,2026
PN,2005,63,E,0.0,2026
PN,2006,65,E,0.0,2026
PN,2007,64,E,0.0,2026
PN,2008,66,E,0.0,2026
PN,2009,64,E,0.0,2026
PN,2010,62,E,0.0,2026
PN,2011,60,E,0.0,2026
PN,2012,57,E,0.0,2026
PN,2013,54,E,0.0,2026
PN,2014,51,E,0.0,2026
PN,2015,51,E,0.0,2026
PN,2016,51,E,0.0,2026
PN,2017,51,E,0.0,2026
PN,2018,51,E,0.0,2026
PN,2019,51,E,0.0,2026
PN,2020,51,E,0.0,2026
PN,2021,50,E,0.0,2026
PN,2022,50,E,0.0,2026
PN,2023,50,E,0.0,2026
PN,2024,50,E,0.0,2026
PN,2025,50,E,0.0,2026
PW,1990,15306,E,1.0,2026
PW,1991,15660,E,1.0,2026
PW,1992,16031,E,1.0,2026
PW,1993,16416,E,1.0,2026
PW,1994,16816,E,1.0,2026
PW,1995,17240,E,1.0,2026
PW,1996,17702,E,1.0,2026
PW,1997,18157,E,1.0,2026
PW,1998,18572,E,1.0,2026
PW,1999,18952,E,1.0,2026
PW,2000,19225,E,1.0,2026
PW,2001,19396,E,1.0,2026
PW,2002,19549,E,1.0,2026
PW,2003,19703,E,1.0,2026
PW,2004,19864,E,1.0,2026
PW,2005,19862,E,1.0,2026
PW,2006,19638,E,1.0,2026
PW,2007,19350,E,1.0,2026
PW,2008,19051,E,1.0,2026
PW,2009,18763,E,1.0,2026
PW,2010,18445,E,1.0,2026
PW,2011,18124,E,1.0,2026
PW,2012,17812,E,1.0,2026
PW,2013,17685,E,1.0,2026
PW,2014,17757,E,1.0,2026
PW,2015,17817,E,1.0,2026
PW,2016,17835,E,1.0,2026
PW,2017,17858,E,1.0,2026
PW,2018,17856,E,1.0,2026
PW,2019,17835,E,1.0,2026
PW,2020,17838,E,1.0,2026
PW,2021,17829,E,1.0,2026
PW,2022,17805,E,1.0,2026
PW,2023,17772,E,1.0,2026
PW,2024,17707,E,1.0,2026
PW,2025,17684,E,1.0,2026
SB,1990,331463,E,3.0,2026
SB,1991,341757,E,3.0,2026
SB,1992,352234,E,3.0,2026
SB,1993,362858,E,3.0,2026
SB,1994,373705,E,3.0,2026
SB,1995,384753,E,3.0,2026
SB,1996,396036,E,3.0,2026
SB,1997,407508,E,3.0,2026
SB,1998,419096,E,3.0,2026
SB,1999,430534,E,3.0,2026
SB,2000,440492,E,3.0,2026
SB,2001,449153,E,3.0,2026
SB,2002,457694,E,3.0,2026
SB,2003,466177,E,3.0,2026
SB,2004,474638,E,3.0,2026
SB,2005,483114,E,3.0,2026
SB,2006,491620,E,3.0,2026
SB,2007,500177,E,3.0,2026
SB,2008,508820,E,3.0,2026
SB,2009,518166,E,3.0,2026
SB,2010,532996,E,3.0,2026
SB,2011,552977,E,3.0,2026
SB,2012,573625,E,3.0,2026
SB,2013,594972,E,3.0,2026
SB,2014,616925,E,3.0,2026
SB,2015,639437,E,3.0,2026
SB,2016,662402,E,3.0,2026
SB,2017,685698,E,3.0,2026
SB,2018,709126,E,3.0,2026
SB,2019,728169,E,3.0,2026
SB,2020,744514,E,3.0,2026
SB,2021,762616,E,3.0,2026
SB,2022,781093,E,3.0,2026
SB,2023,800025,E,3.0,2026
SB,2024,809539,E,3.0,2026
SB,2025,828857,E,3.0,2026
TK,1990,1809,E,1.0,2026
TK,1991,1810,E,1.0,2026
TK,1992,1819,E,1.0,2026
TK,1993,1814,E,1.0,2026
TK,1994,1812,E,1.0,2026
TK,1995,1811,E,1.0,2026
TK,1996,1811,E,1.0,2026
TK,1997,1830,E,1.0,2026
TK,1998,1846,E,1.0,2026
TK,1999,1872,E,1.0,2026
TK,2000,1894,E,1.0,2026
TK,2001,1913,E,1.0,2026
TK,2002,1886,E,1.0,2026
TK,2003,1820,E,1.0,2026
TK,2004,1748,E,1.0,2026
TK,2005,1670,E,1.0,2026
TK,2006,1607,E,1.0,2026
TK,2007,1596,E,1.0,2026
TK,2008,1603,E,1.0,2026
TK,2009,1614,E,1.0,2026
TK,2010,1625,E,1.0,2026
TK,2011,1642,E,1.0,2026
TK,2012,1698,E,1.0,2026
TK,2013,1769,E,1.0,2026
TK,2014,1772,E,1.0,2026
TK,2015,1740,E,1.0,2026
TK,2016,1719,E,1.0,2026
TK,2017,1780,E,1.0,2026
TK,2018,1914,E,1.0,2026
TK,2019,2055,E,1.0,2026
TK,2020,2170,E,1.0,2026
TK,2021,2252,E,1.0,2026
TK,2022,2330,E,1.0,2026
TK,2023,2442,E,1.0,2026
TK,2024,2453,E,1.0,2026
TK,2025,2560,E,1.0,2026
TO,1990,99733,E,4.0,2026
TO,1991,99936,E,4.0,2026
TO,1992,100057,E,4.0,2026
TO,1993,100143,E,4.0,2026
TO,1994,100209,E,4.0,2026
TO,1995,100264,E,4.0,2026
TO,1996,100314,E,4.0,2026
TO,1997,100709,E,4.0,2026
TO,1998,101431,E,4.0,2026
TO,1999,102077,E,4.0,2026
TO,2000,102713,E,4.0,2026
TO,2001,103325,E,4.0,2026
TO,2002,103913,E,4.0,2026
TO,2003,104502,E,4.0,2026
TO,2004,105109,E,4.0,2026
TO,2005,105707,E,4.0,2026
TO,2006,106296,E,4.0,2026
TO,2007,106768,E,4.0,2026
TO,2008,107060,E,4.0,2026
TO,2009,107248,E,4.0,2026
TO,2010,107439,E,4.0,2026
TO,2011,107611,E,4.0,2026
TO,2012,107504,E,4.0,2026
TO,2013,107116,E,4.0,2026
TO,2014,106652,E,4.0,2026
TO,2015,106133,E,4.0,2026
TO,2016,105565,E,4.0,2026
TO,2017,105391,E,4.0,2026
TO,2018,105609,E,4.0,2026
TO,2019,105709,E,4.0,2026
TO,2020,105742,E,4.0,2026
TO,2021,105525,E,4.0,2026
TO,2022,105081,E,4.0,2026
TO,2023,104635,E,4.0,2026
TO,2024,104379,E,4.0,2026
TO,2025,103972,E,4.0,2026
TV,1990,8842,E,3.0,2026
TV,1991,8973,E,3.0,2026
TV,1992,9077,E,3.0,2026
TV,1993,9166,E,3.0,2026
TV,1994,9251,E,3.0,2026
TV,1995,9322,E,3.0,2026
TV,1996,9382,E,3.0,2026
TV,1997,9444,E,3.0,2026
TV,1998,9491,E,3.0,2026
TV,1999,9537,E,3.0,2026
TV,2000,9586,E,3.0,2026
TV,2001,9622,E,3.0,2026
TV,2002,9664,E,3.0,2026
TV,2003,9736,E,3.0,2026
TV,2004,9865,E,3.0,2026
TV,2005,9983,E,3.0,2026
TV,2006,10100,E,3.0,2026
TV,2007,10224,E,3.0,2026
TV,2008,10362,E,3.0,2026
TV,2009,10508,E,3.0,2026
TV,2010,10656,E,3.0,2026
TV,2011,10825,E,3.0,2026
TV,2012,10974,E,3.0,2026
TV,2013,11041,E,3.0,2026
TV,2014,11027,E,3.0,2026
TV,2015,11002,E,3.0,2026
TV,2016,10973,E,3.0,2026
TV,2017,10913,E,3.0,2026
TV,2018,10793,E,3.0,2026
TV,2019,10626,E,3.0,2026
TV,2020,10446,E,3.0,2026
TV,2021,10242,E,3.0,2026
TV,2022,10042,E,3.0,2026
TV,2023,9861,E,3.0,2026
TV,2024,9727,E,3.0,2026
TV,2025,9564,E,3.0,2026
VU,1990,148095,E,6.0,2026
VU,1991,151824,E,6.0,2026
VU,1992,155641,E,6.0,2026
VU,1993,159495,E,6.0,2026
VU,1994,163347,E,6.0,2026
VU,1995,167167,E,6.0,2026
VU,1996,170944,E,6.0,2026
VU,1997,174657,E,6.0,2026
VU,1998,178346,E,6.0,2026
VU,1999,182080,E,6.0,2026
VU,2000,186327,E,6.0,2026
VU,2001,191063,E,6.0,2026
VU,2002,195898,E,6.0,2026
VU,2003,200774,E,6.0,2026
VU,2004,205742,E,6.0,2026
VU,2005,210789,E,6.0,2026
VU,2006,215952,E,6.0,2026
VU,2007,221310,E,6.0,2026
VU,2008,226928,E,6.0,2026
VU,2009,232764,E,6.0,2026
VU,2010,238279,E,6.0,2026
VU,2011,243502,E,6.0,2026
VU,2012,248922,E,6.0,2026
VU,2013,254504,E,6.0,2026
VU,2014,260262,E,6.0,2026
VU,2015,266126,E,6.0,2026
VU,2016,272115,E,6.0,2026
VU,2017,278540,E,6.0,2026
VU,2018,285296,E,6.0,2026
VU,2019,292007,E,6.0,2026
VU,2020,298880,E,6.0,2026
VU,2021,305897,E,6.0,2026
VU,2022,313075,E,6.0,2026
VU,2023,320438,E,6.0,2026
VU,2024,324085,E,6.0,2026
VU,2025,331470,E,6.0,2026
WF,1990,13524,E,,
WF,1991,13675,E,,
WF,1992,13823,E,,
WF,1993,13960,E,,
WF,1994,14107,E,,
WF,1995,14239,E,,
WF,1996,14360,E,,
WF,1997,14464,E,,
WF,1998,14575,E,,
WF,1999,14702,E,,
WF,2000,14833,E,,
WF,2001,14951,E,,
WF,2002,15073,E,,
WF,2003,15095,E,,
WF,2004,14937,E,,
WF,2005,14663,E,,
WF,2006,14358,E,,
WF,2007,14051,E,,
WF,2008,13729,E,,
WF,2009,13456,E,,
WF,2010,13212,E,,
WF,2011,12970,E,,
WF,2012,12730,E,,
WF,2013,12525,E,,
WF,2014,12351,E,,
WF,2015,12208,E,,
WF,2016,12084,E,,
WF,2017,11970,E,,
WF,2018,11849,E,,
WF,2019,11733,E,,
WF,2020,11664,E,,
WF,2021,11624,E,,
WF,2022,11525,E,,
WF,2023,11421,E,,
WF,2024,11320,E,,
WF,2025,11235,E,,
WS,1990,169073,E,2.0,2026
WS,1991,169395,E,2.0,2026
WS,1992,170356,E,2.0,2026
WS,1993,171805,E,2.0,2026
WS,1994,173193,E,2.0,2026
WS,1995,174613,E,2.0,2026
WS,1996,176103,E,2.0,2026
WS,1997,177585,E,2.0,2026
WS,1998,178939,E,2.0,2026
WS,1999,180310,E,2.0,2026
WS,2000,181717,E,2.0,2026
WS,2001,183200,E,2.0,2026
WS,2002,184496,E,2.0,2026
WS,2003,185469,E,2.0,2026
WS,2004,186281,E,2.0,2026
WS,2005,187016,E,2.0,2026
WS,2006,187742,E,2.0,2026
WS,2007,188777,E,2.0,2026
WS,2008,190139,E,2.0,2026
WS,2009,191544,E,2.0,2026
WS,2010,193058,E,2.0,2026
WS,2011,194745,E,2.0,2026
WS,2012,196534,E,2.0,2026
WS,2013,198302,E,2.0,2026
WS,2014,200073,E,2.0,2026
WS,2015,201818,E,2.0,2026
WS,2016,203531,E,2.0,2026
WS,2017,205440,E,2.0,2026
WS,2018,207617,E,2.0,2026
WS,2019,209812,E,2.0,2026
WS,2020,211975,E,2.0,2026
WS,2021,213808,E,2.0,2026
WS,2022,215295,E,2.0,2026
WS,2023,216699,E,2.0,2026
WS,2024,217342,E,2.0,2026
WS,2025,218697,E,2.0,2026
