province,commune,numero_liste,inscrits,votants,participation,abstentions,abstention,nuls,blancs,exprimes,voix,pct_exprimes,code_pdf,liste,etiquette,bloc_historique,nuance,couleur,source
Province Sud,Boulouparis,1,3072,2256,73.44000000000001,816,26.56,26,33,2197,87,3.96,LDVC,Un autre monde est possible !,Éveil océanien,anti_independantiste,Océanien / transversal,#55a6b8,https://www.nouvelle-caledonie.gouv.fr/contenu/telechargement/13485/112061/file/PROVINCIALES_2026_R%C3%A9sultats_provisoires.pdf
Province Sud,Boulouparis,2,3072,2256,73.44000000000001,816,26.56,26,33,2197,425,19.34,FLNKS,Kanaky pour tous,FLNKS,independantiste,FLNKS / UC-CCAT-DUS-RDO-DA-PT,#2f925d,https://www.nouvelle-caledonie.gouv.fr/contenu/telechargement/13485/112061/file/PROVINCIALES_2026_R%C3%A9sultats_provisoires.pdf
Province Sud,Boulouparis,3,3072,2256,73.44000000000001,816,26.56,26,33,2197,34,1.55,RN-MCFNC,"France Calédonie, une patrie",RN-MCFNC,anti_independantiste,Droite nationale,#7a4a28,https://www.nouvelle-caledonie.gouv.fr/contenu/telechargement/13485/112061/file/PROVINCIALES_2026_R%C3%A9sultats_provisoires.pdf
Province Sud,Boulouparis,5,3072,2256,73.44000000000001,816,26.56,26,33,2197,91,4.14,AUTRES,Une Province pour tous,DVC-Calédonie ensemble,anti_independantiste,Centre non-indépendantiste,#67a9cf,https://www.nouvelle-caledonie.gouv.fr/contenu/telechargement/13485/112061/file/PROVINCIALES_2026_R%C3%A9sultats_provisoires.pdf
Province Sud,Boulouparis,6,3072,2256,73.44000000000001,816,26.56,26,33,2197,23,1.05,IND,Souveraineté Kanaky Nouvelle-Calédonie,SKNC,independantiste,Indépendantiste / souverainiste,#b6483b,https://www.nouvelle-caledonie.gouv.fr/contenu/telechargement/13485/112061/file/PROVINCIALES_2026_R%C3%A9sultats_provisoires.pdf
Province Sud,Boulouparis,7,3072,2256,73.44000000000001,816,26.56,26,33,2197,57,2.59,AUTRES,Faire Pays,Faire Pays,autres_listes,Souverainiste / pro-pays,#4f8f6a,https://www.nouvelle-caledonie.gouv.fr/contenu/telechargement/13485/112061/file/PROVINCIALES_2026_R%C3%A9sultats_provisoires.pdf
Province Sud,Bourail,1,4461,3106,69.63,1355,30.37,31,32,3043,84,2.7600000000000002,LDVC,Un autre monde est possible !,Éveil océanien,anti_independantiste,Océanien / transversal,#55a6b8,https://www.nouvelle-caledonie.gouv.fr/contenu/telechargement/13485/112061/file/PROVINCIALES_2026_R%C3%A9sultats_provisoires.pdf
Province Sud,Bourail,2,4461,3106,69.63,1355,30.37,31,32,3043,491,16.14,FLNKS,Kanaky pour tous,FLNKS,independantiste,FLNKS / UC-CCAT-DUS-RDO-DA-PT,#2f925d,https://www.nouvelle-caledonie.gouv.fr/contenu/telechargement/13485/112061/file/PROVINCIALES_2026_R%C3%A9sultats_provisoires.pdf
Province Sud,Bourail,3,4461,3106,69.63,1355,30.37,31,32,3043,27,0.89,RN-MCFNC,"France Calédonie, une patrie",RN-MCFNC,anti_independantiste,Droite nationale,#7a4a28,https://www.nouvelle-caledonie.gouv.fr/contenu/telechargement/13485/112061/file/PROVINCIALES_2026_R%C3%A9sultats_provisoires.pdf
Province Sud,Bourail,5,4461,3106,69.63,1355,30.37,31,32,3043,135,4.44,AUTRES,Une Province pour tous,DVC-Calédonie ensemble,anti_independantiste,Centre non-indépendantiste,#67a9cf,https://www.nouvelle-caledonie.gouv.fr/contenu/telechargement/13485/112061/file/PROVINCIALES_2026_R%C3%A9sultats_provisoires.pdf
Province Sud,Bourail,6,4461,3106,69.63,1355,30.37,31,32,3043,81,2.66,IND,Souveraineté Kanaky Nouvelle-Calédonie,SKNC,independantiste,Indépendantiste / souverainiste,#b6483b,https://www.nouvelle-caledonie.gouv.fr/contenu/telechargement/13485/112061/file/PROVINCIALES_2026_R%C3%A9sultats_provisoires.pdf
Province Sud,Bourail,7,4461,3106,69.63,1355,30.37,31,32,3043,176,5.78,AUTRES,Faire Pays,Faire Pays,autres_listes,Souverainiste / pro-pays,#4f8f6a,https://www.nouvelle-caledonie.gouv.fr/contenu/telechargement/13485/112061/file/PROVINCIALES_2026_R%C3%A9sultats_provisoires.pdf
Province Sud,Dumbéa,1,20910,13354,63.86,7556,36.14,98,189,13067,1935,14.81,LDVC,Un autre monde est possible !,Éveil océanien,anti_independantiste,Océanien / transversal,#55a6b8,https://www.nouvelle-caledonie.gouv.fr/contenu/telechargement/13485/112061/file/PROVINCIALES_2026_R%C3%A9sultats_provisoires.pdf
Province Sud,Dumbéa,2,20910,13354,63.86,7556,36.14,98,189,13067,1951,14.93,FLNKS,Kanaky pour tous,FLNKS,independantiste,FLNKS / UC-CCAT-DUS-RDO-DA-PT,#2f925d,https://www.nouvelle-caledonie.gouv.fr/contenu/telechargement/13485/112061/file/PROVINCIALES_2026_R%C3%A9sultats_provisoires.pdf
Province Sud,Dumbéa,3,20910,13354,63.86,7556,36.14,98,189,13067,124,0.9500000000000001,RN-MCFNC,"France Calédonie, une patrie",RN-MCFNC,anti_independantiste,Droite nationale,#7a4a28,https://www.nouvelle-caledonie.gouv.fr/contenu/telechargement/13485/112061/file/PROVINCIALES_2026_R%C3%A9sultats_provisoires.pdf
Province Sud,Dumbéa,5,20910,13354,63.86,7556,36.14,98,189,13067,810,6.2,AUTRES,Une Province pour tous,DVC-Calédonie ensemble,anti_independantiste,Centre non-indépendantiste,#67a9cf,https://www.nouvelle-caledonie.gouv.fr/contenu/telechargement/13485/112061/file/PROVINCIALES_2026_R%C3%A9sultats_provisoires.pdf
Province Sud,Dumbéa,6,20910,13354,63.86,7556,36.14,98,189,13067,134,1.03,IND,Souveraineté Kanaky Nouvelle-Calédonie,SKNC,independantiste,Indépendantiste / souverainiste,#b6483b,https://www.nouvelle-caledonie.gouv.fr/contenu/telechargement/13485/112061/file/PROVINCIALES_2026_R%C3%A9sultats_provisoires.pdf
Province Sud,Dumbéa,7,20910,13354,63.86,7556,36.14,98,189,13067,563,4.31,AUTRES,Faire Pays,Faire Pays,autres_listes,Souverainiste / pro-pays,#4f8f6a,https://www.nouvelle-caledonie.gouv.fr/contenu/telechargement/13485/112061/file/PROVINCIALES_2026_R%C3%A9sultats_provisoires.pdf
Province Sud,Farino,1,635,500,78.74000000000001,135,21.259999999999998,9,10,481,11,2.29,LDVC,Un autre monde est possible !,Éveil océanien,anti_independantiste,Océanien / transversal,#55a6b8,https://www.nouvelle-caledonie.gouv.fr/contenu/telechargement/13485/112061/file/PROVINCIALES_2026_R%C3%A9sultats_provisoires.pdf
Province Sud,Farino,2,635,500,78.74000000000001,135,21.259999999999998,9,10,481,39,8.11,FLNKS,Kanaky pour tous,FLNKS,independantiste,FLNKS / UC-CCAT-DUS-RDO-DA-PT,#2f925d,https://www.nouvelle-caledonie.gouv.fr/contenu/telechargement/13485/112061/file/PROVINCIALES_2026_R%C3%A9sultats_provisoires.pdf
Province Sud,Farino,3,635,500,78.74000000000001,135,21.259999999999998,9,10,481,2,0.42000000000000004,RN-MCFNC,"France Calédonie, une patrie",RN-MCFNC,anti_independantiste,Droite nationale,#7a4a28,https://www.nouvelle-caledonie.gouv.fr/contenu/telechargement/13485/112061/file/PROVINCIALES_2026_R%C3%A9sultats_provisoires.pdf
Province Sud,Farino,5,635,500,78.74000000000001,135,21.259999999999998,9,10,481,39,8.11,AUTRES,Une Province pour tous,DVC-Calédonie ensemble,anti_independantiste,Centre non-indépendantiste,#67a9cf,https://www.nouvelle-caledonie.gouv.fr/contenu/telechargement/13485/112061/file/PROVINCIALES_2026_R%C3%A9sultats_provisoires.pdf
Province Sud,Farino,6,635,500,78.74000000000001,135,21.259999999999998,9,10,481,4,0.8300000000000001,IND,Souveraineté Kanaky Nouvelle-Calédonie,SKNC,independantiste,Indépendantiste / souverainiste,#b6483b,https://www.nouvelle-caledonie.gouv.fr/contenu/telechargement/13485/112061/file/PROVINCIALES_2026_R%C3%A9sultats_provisoires.pdf
Province Sud,Farino,7,635,500,78.74000000000001,135,21.259999999999998,9,10,481,17,3.53,AUTRES,Faire Pays,Faire Pays,autres_listes,Souverainiste / pro-pays,#4f8f6a,https://www.nouvelle-caledonie.gouv.fr/contenu/telechargement/13485/112061/file/PROVINCIALES_2026_R%C3%A9sultats_provisoires.pdf
Province Sud,Ile des Pins,1,1855,1088,58.65,767,41.349999999999994,3,3,1082,17,1.57,LDVC,Un autre monde est possible !,Éveil océanien,anti_independantiste,Océanien / transversal,#55a6b8,https://www.nouvelle-caledonie.gouv.fr/contenu/telechargement/13485/112061/file/PROVINCIALES_2026_R%C3%A9sultats_provisoires.pdf
Province Sud,Ile des Pins,2,1855,1088,58.65,767,41.349999999999994,3,3,1082,355,32.809999999999995,FLNKS,Kanaky pour tous,FLNKS,independantiste,FLNKS / UC-CCAT-DUS-RDO-DA-PT,#2f925d,https://www.nouvelle-caledonie.gouv.fr/contenu/telechargement/13485/112061/file/PROVINCIALES_2026_R%C3%A9sultats_provisoires.pdf
Province Sud,Ile des Pins,3,1855,1088,58.65,767,41.349999999999994,3,3,1082,12,1.11,RN-MCFNC,"France Calédonie, une patrie",RN-MCFNC,anti_independantiste,Droite nationale,#7a4a28,https://www.nouvelle-caledonie.gouv.fr/contenu/telechargement/13485/112061/file/PROVINCIALES_2026_R%C3%A9sultats_provisoires.pdf
Province Sud,Ile des Pins,5,1855,1088,58.65,767,41.349999999999994,3,3,1082,81,7.49,AUTRES,Une Province pour tous,DVC-Calédonie ensemble,anti_independantiste,Centre non-indépendantiste,#67a9cf,https://www.nouvelle-caledonie.gouv.fr/contenu/telechargement/13485/112061/file/PROVINCIALES_2026_R%C3%A9sultats_provisoires.pdf
Province Sud,Ile des Pins,6,1855,1088,58.65,767,41.349999999999994,3,3,1082,64,5.91,IND,Souveraineté Kanaky Nouvelle-Calédonie,SKNC,independantiste,Indépendantiste / souverainiste,#b6483b,https://www.nouvelle-caledonie.gouv.fr/contenu/telechargement/13485/112061/file/PROVINCIALES_2026_R%C3%A9sultats_provisoires.pdf
Province Sud,Ile des Pins,7,1855,1088,58.65,767,41.349999999999994,3,3,1082,20,1.85,AUTRES,Faire Pays,Faire Pays,autres_listes,Souverainiste / pro-pays,#4f8f6a,https://www.nouvelle-caledonie.gouv.fr/contenu/telechargement/13485/112061/file/PROVINCIALES_2026_R%C3%A9sultats_provisoires.pdf
Province Sud,La Foa,1,3161,2332,73.77,829,26.23,13,28,2291,244,10.65,LDVC,Un autre monde est possible !,Éveil océanien,anti_independantiste,Océanien / transversal,#55a6b8,https://www.nouvelle-caledonie.gouv.fr/contenu/telechargement/13485/112061/file/PROVINCIALES_2026_R%C3%A9sultats_provisoires.pdf
Province Sud,La Foa,2,3161,2332,73.77,829,26.23,13,28,2291,251,10.96,FLNKS,Kanaky pour tous,FLNKS,independantiste,FLNKS / UC-CCAT-DUS-RDO-DA-PT,#2f925d,https://www.nouvelle-caledonie.gouv.fr/contenu/telechargement/13485/112061/file/PROVINCIALES_2026_R%C3%A9sultats_provisoires.pdf
Province Sud,La Foa,3,3161,2332,73.77,829,26.23,13,28,2291,14,0.61,RN-MCFNC,"France Calédonie, une patrie",RN-MCFNC,anti_independantiste,Droite nationale,#7a4a28,https://www.nouvelle-caledonie.gouv.fr/contenu/telechargement/13485/112061/file/PROVINCIALES_2026_R%C3%A9sultats_provisoires.pdf
Province Sud,La Foa,5,3161,2332,73.77,829,26.23,13,28,2291,372,16.24,AUTRES,Une Province pour tous,DVC-Calédonie ensemble,anti_independantiste,Centre non-indépendantiste,#67a9cf,https://www.nouvelle-caledonie.gouv.fr/contenu/telechargement/13485/112061/file/PROVINCIALES_2026_R%C3%A9sultats_provisoires.pdf
Province Sud,La Foa,6,3161,2332,73.77,829,26.23,13,28,2291,30,1.31,IND,Souveraineté Kanaky Nouvelle-Calédonie,SKNC,independantiste,Indépendantiste / souverainiste,#b6483b,https://www.nouvelle-caledonie.gouv.fr/contenu/telechargement/13485/112061/file/PROVINCIALES_2026_R%C3%A9sultats_provisoires.pdf
Province Sud,La Foa,7,3161,2332,73.77,829,26.23,13,28,2291,77,3.36,AUTRES,Faire Pays,Faire Pays,autres_listes,Souverainiste / pro-pays,#4f8f6a,https://www.nouvelle-caledonie.gouv.fr/contenu/telechargement/13485/112061/file/PROVINCIALES_2026_R%C3%A9sultats_provisoires.pdf
Province Sud,Moindou,1,819,614,74.97,205,25.03,5,5,604,17,2.8099999999999996,LDVC,Un autre monde est possible !,Éveil océanien,anti_independantiste,Océanien / transversal,#55a6b8,https://www.nouvelle-caledonie.gouv.fr/contenu/telechargement/13485/112061/file/PROVINCIALES_2026_R%C3%A9sultats_provisoires.pdf
Province Sud,Moindou,2,819,614,74.97,205,25.03,5,5,604,141,23.34,FLNKS,Kanaky pour tous,FLNKS,independantiste,FLNKS / UC-CCAT-DUS-RDO-DA-PT,#2f925d,https://www.nouvelle-caledonie.gouv.fr/contenu/telechargement/13485/112061/file/PROVINCIALES_2026_R%C3%A9sultats_provisoires.pdf
Province Sud,Moindou,3,819,614,74.97,205,25.03,5,5,604,1,0.17,RN-MCFNC,"France Calédonie, une patrie",RN-MCFNC,anti_independantiste,Droite nationale,#7a4a28,https://www.nouvelle-caledonie.gouv.fr/contenu/telechargement/13485/112061/file/PROVINCIALES_2026_R%C3%A9sultats_provisoires.pdf
Province Sud,Moindou,5,819,614,74.97,205,25.03,5,5,604,34,5.63,AUTRES,Une Province pour tous,DVC-Calédonie ensemble,anti_independantiste,Centre non-indépendantiste,#67a9cf,https://www.nouvelle-caledonie.gouv.fr/contenu/telechargement/13485/112061/file/PROVINCIALES_2026_R%C3%A9sultats_provisoires.pdf
Province Sud,Moindou,6,819,614,74.97,205,25.03,5,5,604,11,1.82,IND,Souveraineté Kanaky Nouvelle-Calédonie,SKNC,independantiste,Indépendantiste / souverainiste,#b6483b,https://www.nouvelle-caledonie.gouv.fr/contenu/telechargement/13485/112061/file/PROVINCIALES_2026_R%C3%A9sultats_provisoires.pdf
Province Sud,Moindou,7,819,614,74.97,205,25.03,5,5,604,18,2.98,AUTRES,Faire Pays,Faire Pays,autres_listes,Souverainiste / pro-pays,#4f8f6a,https://www.nouvelle-caledonie.gouv.fr/contenu/telechargement/13485/112061/file/PROVINCIALES_2026_R%C3%A9sultats_provisoires.pdf
Province Sud,Mont-Dore,1,19241,12525,65.1,6716,34.9,141,247,12137,1451,11.96,LDVC,Un autre monde est possible !,Éveil océanien,anti_independantiste,Océanien / transversal,#55a6b8,https://www.nouvelle-caledonie.gouv.fr/contenu/telechargement/13485/112061/file/PROVINCIALES_2026_R%C3%A9sultats_provisoires.pdf
Province Sud,Mont-Dore,2,19241,12525,65.1,6716,34.9,141,247,12137,2230,18.37,FLNKS,Kanaky pour tous,FLNKS,independantiste,FLNKS / UC-CCAT-DUS-RDO-DA-PT,#2f925d,https://www.nouvelle-caledonie.gouv.fr/contenu/telechargement/13485/112061/file/PROVINCIALES_2026_R%C3%A9sultats_provisoires.pdf
Province Sud,Mont-Dore,3,19241,12525,65.1,6716,34.9,141,247,12137,121,1,RN-MCFNC,"France Calédonie, une patrie",RN-MCFNC,anti_independantiste,Droite nationale,#7a4a28,https://www.nouvelle-caledonie.gouv.fr/contenu/telechargement/13485/112061/file/PROVINCIALES_2026_R%C3%A9sultats_provisoires.pdf
Province Sud,Mont-Dore,5,19241,12525,65.1,6716,34.9,141,247,12137,531,4.38,AUTRES,Une Province pour tous,DVC-Calédonie ensemble,anti_independantiste,Centre non-indépendantiste,#67a9cf,https://www.nouvelle-caledonie.gouv.fr/contenu/telechargement/13485/112061/file/PROVINCIALES_2026_R%C3%A9sultats_provisoires.pdf
Province Sud,Mont-Dore,6,19241,12525,65.1,6716,34.9,141,247,12137,122,1.01,IND,Souveraineté Kanaky Nouvelle-Calédonie,SKNC,independantiste,Indépendantiste / souverainiste,#b6483b,https://www.nouvelle-caledonie.gouv.fr/contenu/telechargement/13485/112061/file/PROVINCIALES_2026_R%C3%A9sultats_provisoires.pdf
Province Sud,Mont-Dore,7,19241,12525,65.1,6716,34.9,141,247,12137,607,5,AUTRES,Faire Pays,Faire Pays,autres_listes,Souverainiste / pro-pays,#4f8f6a,https://www.nouvelle-caledonie.gouv.fr/contenu/telechargement/13485/112061/file/PROVINCIALES_2026_R%C3%A9sultats_provisoires.pdf
Province Sud,Nouméa,1,53677,35326,65.81,18351,34.190000000000005,169,383,34774,2047,5.89,LDVC,Un autre monde est possible !,Éveil océanien,anti_independantiste,Océanien / transversal,#55a6b8,https://www.nouvelle-caledonie.gouv.fr/contenu/telechargement/13485/112061/file/PROVINCIALES_2026_R%C3%A9sultats_provisoires.pdf
Province Sud,Nouméa,2,53677,35326,65.81,18351,34.190000000000005,169,383,34774,4099,11.79,FLNKS,Kanaky pour tous,FLNKS,independantiste,FLNKS / UC-CCAT-DUS-RDO-DA-PT,#2f925d,https://www.nouvelle-caledonie.gouv.fr/contenu/telechargement/13485/112061/file/PROVINCIALES_2026_R%C3%A9sultats_provisoires.pdf
Province Sud,Nouméa,3,53677,35326,65.81,18351,34.190000000000005,169,383,34774,299,0.8600000000000001,RN-MCFNC,"France Calédonie, une patrie",RN-MCFNC,anti_independantiste,Droite nationale,#7a4a28,https://www.nouvelle-caledonie.gouv.fr/contenu/telechargement/13485/112061/file/PROVINCIALES_2026_R%C3%A9sultats_provisoires.pdf
Province Sud,Nouméa,5,53677,35326,65.81,18351,34.190000000000005,169,383,34774,1405,4.04,AUTRES,Une Province pour tous,DVC-Calédonie ensemble,anti_independantiste,Centre non-indépendantiste,#67a9cf,https://www.nouvelle-caledonie.gouv.fr/contenu/telechargement/13485/112061/file/PROVINCIALES_2026_R%C3%A9sultats_provisoires.pdf
Province Sud,Nouméa,6,53677,35326,65.81,18351,34.190000000000005,169,383,34774,291,0.8400000000000001,IND,Souveraineté Kanaky Nouvelle-Calédonie,SKNC,independantiste,Indépendantiste / souverainiste,#b6483b,https://www.nouvelle-caledonie.gouv.fr/contenu/telechargement/13485/112061/file/PROVINCIALES_2026_R%C3%A9sultats_provisoires.pdf
Province Sud,Nouméa,7,53677,35326,65.81,18351,34.190000000000005,169,383,34774,1570,4.51,AUTRES,Faire Pays,Faire Pays,autres_listes,Souverainiste / pro-pays,#4f8f6a,https://www.nouvelle-caledonie.gouv.fr/contenu/telechargement/13485/112061/file/PROVINCIALES_2026_R%C3%A9sultats_provisoires.pdf
Province Sud,Païta,1,14755,9661,65.48,5094,34.52,66,145,9450,2139,22.630000000000003,LDVC,Un autre monde est possible !,Éveil océanien,anti_independantiste,Océanien / transversal,#55a6b8,https://www.nouvelle-caledonie.gouv.fr/contenu/telechargement/13485/112061/file/PROVINCIALES_2026_R%C3%A9sultats_provisoires.pdf
Province Sud,Païta,2,14755,9661,65.48,5094,34.52,66,145,9450,1292,13.67,FLNKS,Kanaky pour tous,FLNKS,independantiste,FLNKS / UC-CCAT-DUS-RDO-DA-PT,#2f925d,https://www.nouvelle-caledonie.gouv.fr/contenu/telechargement/13485/112061/file/PROVINCIALES_2026_R%C3%A9sultats_provisoires.pdf
Province Sud,Païta,3,14755,9661,65.48,5094,34.52,66,145,9450,83,0.88,RN-MCFNC,"France Calédonie, une patrie",RN-MCFNC,anti_independantiste,Droite nationale,#7a4a28,https://www.nouvelle-caledonie.gouv.fr/contenu/telechargement/13485/112061/file/PROVINCIALES_2026_R%C3%A9sultats_provisoires.pdf
Province Sud,Païta,5,14755,9661,65.48,5094,34.52,66,145,9450,324,3.4299999999999997,AUTRES,Une Province pour tous,DVC-Calédonie ensemble,anti_independantiste,Centre non-indépendantiste,#67a9cf,https://www.nouvelle-caledonie.gouv.fr/contenu/telechargement/13485/112061/file/PROVINCIALES_2026_R%C3%A9sultats_provisoires.pdf
Province Sud,Païta,6,14755,9661,65.48,5094,34.52,66,145,9450,185,1.96,IND,Souveraineté Kanaky Nouvelle-Calédonie,SKNC,independantiste,Indépendantiste / souverainiste,#b6483b,https://www.nouvelle-caledonie.gouv.fr/contenu/telechargement/13485/112061/file/PROVINCIALES_2026_R%C3%A9sultats_provisoires.pdf
Province Sud,Païta,7,14755,9661,65.48,5094,34.52,66,145,9450,377,3.9899999999999998,AUTRES,Faire Pays,Faire Pays,autres_listes,Souverainiste / pro-pays,#4f8f6a,https://www.nouvelle-caledonie.gouv.fr/contenu/telechargement/13485/112061/file/PROVINCIALES_2026_R%C3%A9sultats_provisoires.pdf
Province Sud,Poya Sud,1,202,163,80.69,39,19.310000000000002,0,1,162,1,0.62,LDVC,Un autre monde est possible !,Éveil océanien,anti_independantiste,Océanien / transversal,#55a6b8,https://www.nouvelle-caledonie.gouv.fr/contenu/telechargement/13485/112061/file/PROVINCIALES_2026_R%C3%A9sultats_provisoires.pdf
Province Sud,Poya Sud,2,202,163,80.69,39,19.310000000000002,0,1,162,2,1.23,FLNKS,Kanaky pour tous,FLNKS,independantiste,FLNKS / UC-CCAT-DUS-RDO-DA-PT,#2f925d,https://www.nouvelle-caledonie.gouv.fr/contenu/telechargement/13485/112061/file/PROVINCIALES_2026_R%C3%A9sultats_provisoires.pdf
Province Sud,Poya Sud,3,202,163,80.69,39,19.310000000000002,0,1,162,7,4.319999999999999,RN-MCFNC,"France Calédonie, une patrie",RN-MCFNC,anti_independantiste,Droite nationale,#7a4a28,https://www.nouvelle-caledonie.gouv.fr/contenu/telechargement/13485/112061/file/PROVINCIALES_2026_R%C3%A9sultats_provisoires.pdf
Province Sud,Poya Sud,5,202,163,80.69,39,19.310000000000002,0,1,162,5,3.09,AUTRES,Une Province pour tous,DVC-Calédonie ensemble,anti_independantiste,Centre non-indépendantiste,#67a9cf,https://www.nouvelle-caledonie.gouv.fr/contenu/telechargement/13485/112061/file/PROVINCIALES_2026_R%C3%A9sultats_provisoires.pdf
Province Sud,Poya Sud,6,202,163,80.69,39,19.310000000000002,0,1,162,2,1.23,IND,Souveraineté Kanaky Nouvelle-Calédonie,SKNC,independantiste,Indépendantiste / souverainiste,#b6483b,https://www.nouvelle-caledonie.gouv.fr/contenu/telechargement/13485/112061/file/PROVINCIALES_2026_R%C3%A9sultats_provisoires.pdf
Province Sud,Poya Sud,7,202,163,80.69,39,19.310000000000002,0,1,162,3,1.85,AUTRES,Faire Pays,Faire Pays,autres_listes,Souverainiste / pro-pays,#4f8f6a,https://www.nouvelle-caledonie.gouv.fr/contenu/telechargement/13485/112061/file/PROVINCIALES_2026_R%C3%A9sultats_provisoires.pdf
Province Sud,Sarraméa,1,533,364,68.29,169,31.71,5,3,356,19,5.34,LDVC,Un autre monde est possible !,Éveil océanien,anti_independantiste,Océanien / transversal,#55a6b8,https://www.nouvelle-caledonie.gouv.fr/contenu/telechargement/13485/112061/file/PROVINCIALES_2026_R%C3%A9sultats_provisoires.pdf
Province Sud,Sarraméa,2,533,364,68.29,169,31.71,5,3,356,179,50.28,FLNKS,Kanaky pour tous,FLNKS,independantiste,FLNKS / UC-CCAT-DUS-RDO-DA-PT,#2f925d,https://www.nouvelle-caledonie.gouv.fr/contenu/telechargement/13485/112061/file/PROVINCIALES_2026_R%C3%A9sultats_provisoires.pdf
Province Sud,Sarraméa,3,533,364,68.29,169,31.71,5,3,356,0,0,RN-MCFNC,"France Calédonie, une patrie",RN-MCFNC,anti_independantiste,Droite nationale,#7a4a28,https://www.nouvelle-caledonie.gouv.fr/contenu/telechargement/13485/112061/file/PROVINCIALES_2026_R%C3%A9sultats_provisoires.pdf
Province Sud,Sarraméa,5,533,364,68.29,169,31.71,5,3,356,25,7.02,AUTRES,Une Province pour tous,DVC-Calédonie ensemble,anti_independantiste,Centre non-indépendantiste,#67a9cf,https://www.nouvelle-caledonie.gouv.fr/contenu/telechargement/13485/112061/file/PROVINCIALES_2026_R%C3%A9sultats_provisoires.pdf
Province Sud,Sarraméa,6,533,364,68.29,169,31.71,5,3,356,10,2.8099999999999996,IND,Souveraineté Kanaky Nouvelle-Calédonie,SKNC,independantiste,Indépendantiste / souverainiste,#b6483b,https://www.nouvelle-caledonie.gouv.fr/contenu/telechargement/13485/112061/file/PROVINCIALES_2026_R%C3%A9sultats_provisoires.pdf
Province Sud,Sarraméa,7,533,364,68.29,169,31.71,5,3,356,19,5.34,AUTRES,Faire Pays,Faire Pays,autres_listes,Souverainiste / pro-pays,#4f8f6a,https://www.nouvelle-caledonie.gouv.fr/contenu/telechargement/13485/112061/file/PROVINCIALES_2026_R%C3%A9sultats_provisoires.pdf
Province Sud,Thio,1,2278,1431,62.82,847,37.18,9,7,1415,271,19.150000000000002,LDVC,Un autre monde est possible !,Éveil océanien,anti_independantiste,Océanien / transversal,#55a6b8,https://www.nouvelle-caledonie.gouv.fr/contenu/telechargement/13485/112061/file/PROVINCIALES_2026_R%C3%A9sultats_provisoires.pdf
Province Sud,Thio,2,2278,1431,62.82,847,37.18,9,7,1415,589,41.63,FLNKS,Kanaky pour tous,FLNKS,independantiste,FLNKS / UC-CCAT-DUS-RDO-DA-PT,#2f925d,https://www.nouvelle-caledonie.gouv.fr/contenu/telechargement/13485/112061/file/PROVINCIALES_2026_R%C3%A9sultats_provisoires.pdf
Province Sud,Thio,3,2278,1431,62.82,847,37.18,9,7,1415,3,0.21000000000000002,RN-MCFNC,"France Calédonie, une patrie",RN-MCFNC,anti_independantiste,Droite nationale,#7a4a28,https://www.nouvelle-caledonie.gouv.fr/contenu/telechargement/13485/112061/file/PROVINCIALES_2026_R%C3%A9sultats_provisoires.pdf
Province Sud,Thio,5,2278,1431,62.82,847,37.18,9,7,1415,19,1.34,AUTRES,Une Province pour tous,DVC-Calédonie ensemble,anti_independantiste,Centre non-indépendantiste,#67a9cf,https://www.nouvelle-caledonie.gouv.fr/contenu/telechargement/13485/112061/file/PROVINCIALES_2026_R%C3%A9sultats_provisoires.pdf
Province Sud,Thio,6,2278,1431,62.82,847,37.18,9,7,1415,37,2.61,IND,Souveraineté Kanaky Nouvelle-Calédonie,SKNC,independantiste,Indépendantiste / souverainiste,#b6483b,https://www.nouvelle-caledonie.gouv.fr/contenu/telechargement/13485/112061/file/PROVINCIALES_2026_R%C3%A9sultats_provisoires.pdf
Province Sud,Thio,7,2278,1431,62.82,847,37.18,9,7,1415,33,2.3299999999999996,AUTRES,Faire Pays,Faire Pays,autres_listes,Souverainiste / pro-pays,#4f8f6a,https://www.nouvelle-caledonie.gouv.fr/contenu/telechargement/13485/112061/file/PROVINCIALES_2026_R%C3%A9sultats_provisoires.pdf
Province Sud,Yaté,1,1822,1308,71.79,514,28.21,3,3,1302,76,5.84,LDVC,Un autre monde est possible !,Éveil océanien,anti_independantiste,Océanien / transversal,#55a6b8,https://www.nouvelle-caledonie.gouv.fr/contenu/telechargement/13485/112061/file/PROVINCIALES_2026_R%C3%A9sultats_provisoires.pdf
Province Sud,Yaté,2,1822,1308,71.79,514,28.21,3,3,1302,798,61.290000000000006,FLNKS,Kanaky pour tous,FLNKS,independantiste,FLNKS / UC-CCAT-DUS-RDO-DA-PT,#2f925d,https://www.nouvelle-caledonie.gouv.fr/contenu/telechargement/13485/112061/file/PROVINCIALES_2026_R%C3%A9sultats_provisoires.pdf
Province Sud,Yaté,3,1822,1308,71.79,514,28.21,3,3,1302,0,0,RN-MCFNC,"France Calédonie, une patrie",RN-MCFNC,anti_independantiste,Droite nationale,#7a4a28,https://www.nouvelle-caledonie.gouv.fr/contenu/telechargement/13485/112061/file/PROVINCIALES_2026_R%C3%A9sultats_provisoires.pdf
Province Sud,Yaté,5,1822,1308,71.79,514,28.21,3,3,1302,16,1.23,AUTRES,Une Province pour tous,DVC-Calédonie ensemble,anti_independantiste,Centre non-indépendantiste,#67a9cf,https://www.nouvelle-caledonie.gouv.fr/contenu/telechargement/13485/112061/file/PROVINCIALES_2026_R%C3%A9sultats_provisoires.pdf
Province Sud,Yaté,6,1822,1308,71.79,514,28.21,3,3,1302,9,0.69,IND,Souveraineté Kanaky Nouvelle-Calédonie,SKNC,independantiste,Indépendantiste / souverainiste,#b6483b,https://www.nouvelle-caledonie.gouv.fr/contenu/telechargement/13485/112061/file/PROVINCIALES_2026_R%C3%A9sultats_provisoires.pdf
Province Sud,Yaté,7,1822,1308,71.79,514,28.21,3,3,1302,38,2.92,AUTRES,Faire Pays,Faire Pays,autres_listes,Souverainiste / pro-pays,#4f8f6a,https://www.nouvelle-caledonie.gouv.fr/contenu/telechargement/13485/112061/file/PROVINCIALES_2026_R%C3%A9sultats_provisoires.pdf
Province Sud,Boulouparis,8,3072,2256,73.44000000000001,816,26.56,26,33,2197,69,3.14,AUTRES,Pour une Calédonie française,Pour une Calédonie française,anti_independantiste,Droite nationale,#244e78,https://www.nouvelle-caledonie.gouv.fr/contenu/telechargement/13485/112061/file/PROVINCIALES_2026_R%C3%A9sultats_provisoires.pdf
Province Sud,Boulouparis,9,3072,2256,73.44000000000001,816,26.56,26,33,2197,72,3.2800000000000002,AUTRES,"Nous, réunis !","Nous, réunis",anti_independantiste,Centre non-indépendantiste,#8db8d1,https://www.nouvelle-caledonie.gouv.fr/contenu/telechargement/13485/112061/file/PROVINCIALES_2026_R%C3%A9sultats_provisoires.pdf
Province Sud,Boulouparis,10,3072,2256,73.44000000000001,816,26.56,26,33,2197,1239,56.4,LL-LR,Les Loyalistes et Le Rassemblement - Forts et unis,LL-LR,anti_independantiste,Loyaliste droite,#305f9f,https://www.nouvelle-caledonie.gouv.fr/contenu/telechargement/13485/112061/file/PROVINCIALES_2026_R%C3%A9sultats_provisoires.pdf
Province Sud,Boulouparis,11,3072,2256,73.44000000000001,816,26.56,26,33,2197,60,2.73,UNI,Unis pour le Pays,UNI,independantiste,UNI / Palika,#f0c52f,https://www.nouvelle-caledonie.gouv.fr/contenu/telechargement/13485/112061/file/PROVINCIALES_2026_R%C3%A9sultats_provisoires.pdf
Province Sud,Boulouparis,12,3072,2256,73.44000000000001,816,26.56,26,33,2197,40,1.82,Autres,Un espoir pour demain,Un espoir pour demain,anti_independantiste,Centre droit non-indépendantiste,#829dbd,https://www.nouvelle-caledonie.gouv.fr/contenu/telechargement/13485/112061/file/PROVINCIALES_2026_R%C3%A9sultats_provisoires.pdf
Province Sud,Bourail,8,4461,3106,69.63,1355,30.37,31,32,3043,41,1.35,AUTRES,Pour une Calédonie française,Pour une Calédonie française,anti_independantiste,Droite nationale,#244e78,https://www.nouvelle-caledonie.gouv.fr/contenu/telechargement/13485/112061/file/PROVINCIALES_2026_R%C3%A9sultats_provisoires.pdf
Province Sud,Bourail,9,4461,3106,69.63,1355,30.37,31,32,3043,173,5.6899999999999995,AUTRES,"Nous, réunis !","Nous, réunis",anti_independantiste,Centre non-indépendantiste,#8db8d1,https://www.nouvelle-caledonie.gouv.fr/contenu/telechargement/13485/112061/file/PROVINCIALES_2026_R%C3%A9sultats_provisoires.pdf
Province Sud,Bourail,10,4461,3106,69.63,1355,30.37,31,32,3043,1533,50.379999999999995,LL-LR,Les Loyalistes et Le Rassemblement - Forts et unis,LL-LR,anti_independantiste,Loyaliste droite,#305f9f,https://www.nouvelle-caledonie.gouv.fr/contenu/telechargement/13485/112061/file/PROVINCIALES_2026_R%C3%A9sultats_provisoires.pdf
Province Sud,Bourail,11,4461,3106,69.63,1355,30.37,31,32,3043,252,8.28,UNI,Unis pour le Pays,UNI,independantiste,UNI / Palika,#f0c52f,https://www.nouvelle-caledonie.gouv.fr/contenu/telechargement/13485/112061/file/PROVINCIALES_2026_R%C3%A9sultats_provisoires.pdf
Province Sud,Bourail,12,4461,3106,69.63,1355,30.37,31,32,3043,50,1.6400000000000001,Autres,Un espoir pour demain,Un espoir pour demain,anti_independantiste,Centre droit non-indépendantiste,#829dbd,https://www.nouvelle-caledonie.gouv.fr/contenu/telechargement/13485/112061/file/PROVINCIALES_2026_R%C3%A9sultats_provisoires.pdf
Province Sud,Dumbéa,8,20910,13354,63.86,7556,36.14,98,189,13067,193,1.48,AUTRES,Pour une Calédonie française,Pour une Calédonie française,anti_independantiste,Droite nationale,#244e78,https://www.nouvelle-caledonie.gouv.fr/contenu/telechargement/13485/112061/file/PROVINCIALES_2026_R%C3%A9sultats_provisoires.pdf
Province Sud,Dumbéa,9,20910,13354,63.86,7556,36.14,98,189,13067,784,6,AUTRES,"Nous, réunis !","Nous, réunis",anti_independantiste,Centre non-indépendantiste,#8db8d1,https://www.nouvelle-caledonie.gouv.fr/contenu/telechargement/13485/112061/file/PROVINCIALES_2026_R%C3%A9sultats_provisoires.pdf
Province Sud,Dumbéa,10,20910,13354,63.86,7556,36.14,98,189,13067,6104,46.71,LL-LR,Les Loyalistes et Le Rassemblement - Forts et unis,LL-LR,anti_independantiste,Loyaliste droite,#305f9f,https://www.nouvelle-caledonie.gouv.fr/contenu/telechargement/13485/112061/file/PROVINCIALES_2026_R%C3%A9sultats_provisoires.pdf
Province Sud,Dumbéa,11,20910,13354,63.86,7556,36.14,98,189,13067,300,2.3,UNI,Unis pour le Pays,UNI,independantiste,UNI / Palika,#f0c52f,https://www.nouvelle-caledonie.gouv.fr/contenu/telechargement/13485/112061/file/PROVINCIALES_2026_R%C3%A9sultats_provisoires.pdf
Province Sud,Dumbéa,12,20910,13354,63.86,7556,36.14,98,189,13067,169,1.29,Autres,Un espoir pour demain,Un espoir pour demain,anti_independantiste,Centre droit non-indépendantiste,#829dbd,https://www.nouvelle-caledonie.gouv.fr/contenu/telechargement/13485/112061/file/PROVINCIALES_2026_R%C3%A9sultats_provisoires.pdf
Province Sud,Farino,8,635,500,78.74000000000001,135,21.259999999999998,9,10,481,16,3.3299999999999996,AUTRES,Pour une Calédonie française,Pour une Calédonie française,anti_independantiste,Droite nationale,#244e78,https://www.nouvelle-caledonie.gouv.fr/contenu/telechargement/13485/112061/file/PROVINCIALES_2026_R%C3%A9sultats_provisoires.pdf
Province Sud,Farino,9,635,500,78.74000000000001,135,21.259999999999998,9,10,481,37,7.6899999999999995,AUTRES,"Nous, réunis !","Nous, réunis",anti_independantiste,Centre non-indépendantiste,#8db8d1,https://www.nouvelle-caledonie.gouv.fr/contenu/telechargement/13485/112061/file/PROVINCIALES_2026_R%C3%A9sultats_provisoires.pdf
Province Sud,Farino,10,635,500,78.74000000000001,135,21.259999999999998,9,10,481,293,60.91,LL-LR,Les Loyalistes et Le Rassemblement - Forts et unis,LL-LR,anti_independantiste,Loyaliste droite,#305f9f,https://www.nouvelle-caledonie.gouv.fr/contenu/telechargement/13485/112061/file/PROVINCIALES_2026_R%C3%A9sultats_provisoires.pdf
Province Sud,Farino,11,635,500,78.74000000000001,135,21.259999999999998,9,10,481,20,4.159999999999999,UNI,Unis pour le Pays,UNI,independantiste,UNI / Palika,#f0c52f,https://www.nouvelle-caledonie.gouv.fr/contenu/telechargement/13485/112061/file/PROVINCIALES_2026_R%C3%A9sultats_provisoires.pdf
Province Sud,Farino,12,635,500,78.74000000000001,135,21.259999999999998,9,10,481,3,0.62,Autres,Un espoir pour demain,Un espoir pour demain,anti_independantiste,Centre droit non-indépendantiste,#829dbd,https://www.nouvelle-caledonie.gouv.fr/contenu/telechargement/13485/112061/file/PROVINCIALES_2026_R%C3%A9sultats_provisoires.pdf
Province Sud,Ile des Pins,8,1855,1088,58.65,767,41.349999999999994,3,3,1082,4,0.37,AUTRES,Pour une Calédonie française,Pour une Calédonie française,anti_independantiste,Droite nationale,#244e78,https://www.nouvelle-caledonie.gouv.fr/contenu/telechargement/13485/112061/file/PROVINCIALES_2026_R%C3%A9sultats_provisoires.pdf
Province Sud,Ile des Pins,9,1855,1088,58.65,767,41.349999999999994,3,3,1082,16,1.48,AUTRES,"Nous, réunis !","Nous, réunis",anti_independantiste,Centre non-indépendantiste,#8db8d1,https://www.nouvelle-caledonie.gouv.fr/contenu/telechargement/13485/112061/file/PROVINCIALES_2026_R%C3%A9sultats_provisoires.pdf
Province Sud,Ile des Pins,10,1855,1088,58.65,767,41.349999999999994,3,3,1082,113,10.44,LL-LR,Les Loyalistes et Le Rassemblement - Forts et unis,LL-LR,anti_independantiste,Loyaliste droite,#305f9f,https://www.nouvelle-caledonie.gouv.fr/contenu/telechargement/13485/112061/file/PROVINCIALES_2026_R%C3%A9sultats_provisoires.pdf
Province Sud,Ile des Pins,11,1855,1088,58.65,767,41.349999999999994,3,3,1082,391,36.14,UNI,Unis pour le Pays,UNI,independantiste,UNI / Palika,#f0c52f,https://www.nouvelle-caledonie.gouv.fr/contenu/telechargement/13485/112061/file/PROVINCIALES_2026_R%C3%A9sultats_provisoires.pdf
Province Sud,Ile des Pins,12,1855,1088,58.65,767,41.349999999999994,3,3,1082,9,0.8300000000000001,Autres,Un espoir pour demain,Un espoir pour demain,anti_independantiste,Centre droit non-indépendantiste,#829dbd,https://www.nouvelle-caledonie.gouv.fr/contenu/telechargement/13485/112061/file/PROVINCIALES_2026_R%C3%A9sultats_provisoires.pdf
Province Sud,La Foa,8,3161,2332,73.77,829,26.23,13,28,2291,40,1.75,AUTRES,Pour une Calédonie française,Pour une Calédonie française,anti_independantiste,Droite nationale,#244e78,https://www.nouvelle-caledonie.gouv.fr/contenu/telechargement/13485/112061/file/PROVINCIALES_2026_R%C3%A9sultats_provisoires.pdf
Province Sud,La Foa,9,3161,2332,73.77,829,26.23,13,28,2291,112,4.89,AUTRES,"Nous, réunis !","Nous, réunis",anti_independantiste,Centre non-indépendantiste,#8db8d1,https://www.nouvelle-caledonie.gouv.fr/contenu/telechargement/13485/112061/file/PROVINCIALES_2026_R%C3%A9sultats_provisoires.pdf
Province Sud,La Foa,10,3161,2332,73.77,829,26.23,13,28,2291,954,41.64,LL-LR,Les Loyalistes et Le Rassemblement - Forts et unis,LL-LR,anti_independantiste,Loyaliste droite,#305f9f,https://www.nouvelle-caledonie.gouv.fr/contenu/telechargement/13485/112061/file/PROVINCIALES_2026_R%C3%A9sultats_provisoires.pdf
Province Sud,La Foa,11,3161,2332,73.77,829,26.23,13,28,2291,178,7.7700000000000005,UNI,Unis pour le Pays,UNI,independantiste,UNI / Palika,#f0c52f,https://www.nouvelle-caledonie.gouv.fr/contenu/telechargement/13485/112061/file/PROVINCIALES_2026_R%C3%A9sultats_provisoires.pdf
Province Sud,La Foa,12,3161,2332,73.77,829,26.23,13,28,2291,19,0.8300000000000001,Autres,Un espoir pour demain,Un espoir pour demain,anti_independantiste,Centre droit non-indépendantiste,#829dbd,https://www.nouvelle-caledonie.gouv.fr/contenu/telechargement/13485/112061/file/PROVINCIALES_2026_R%C3%A9sultats_provisoires.pdf
Province Sud,Moindou,8,819,614,74.97,205,25.03,5,5,604,2,0.32999999999999996,AUTRES,Pour une Calédonie française,Pour une Calédonie française,anti_independantiste,Droite nationale,#244e78,https://www.nouvelle-caledonie.gouv.fr/contenu/telechargement/13485/112061/file/PROVINCIALES_2026_R%C3%A9sultats_provisoires.pdf
Province Sud,Moindou,9,819,614,74.97,205,25.03,5,5,604,12,1.99,AUTRES,"Nous, réunis !","Nous, réunis",anti_independantiste,Centre non-indépendantiste,#8db8d1,https://www.nouvelle-caledonie.gouv.fr/contenu/telechargement/13485/112061/file/PROVINCIALES_2026_R%C3%A9sultats_provisoires.pdf
Province Sud,Moindou,10,819,614,74.97,205,25.03,5,5,604,264,43.71,LL-LR,Les Loyalistes et Le Rassemblement - Forts et unis,LL-LR,anti_independantiste,Loyaliste droite,#305f9f,https://www.nouvelle-caledonie.gouv.fr/contenu/telechargement/13485/112061/file/PROVINCIALES_2026_R%C3%A9sultats_provisoires.pdf
Province Sud,Moindou,11,819,614,74.97,205,25.03,5,5,604,90,14.9,UNI,Unis pour le Pays,UNI,independantiste,UNI / Palika,#f0c52f,https://www.nouvelle-caledonie.gouv.fr/contenu/telechargement/13485/112061/file/PROVINCIALES_2026_R%C3%A9sultats_provisoires.pdf
Province Sud,Moindou,12,819,614,74.97,205,25.03,5,5,604,14,2.32,Autres,Un espoir pour demain,Un espoir pour demain,anti_independantiste,Centre droit non-indépendantiste,#829dbd,https://www.nouvelle-caledonie.gouv.fr/contenu/telechargement/13485/112061/file/PROVINCIALES_2026_R%C3%A9sultats_provisoires.pdf
Province Sud,Mont-Dore,8,19241,12525,65.1,6716,34.9,141,247,12137,159,1.31,AUTRES,Pour une Calédonie française,Pour une Calédonie française,anti_independantiste,Droite nationale,#244e78,https://www.nouvelle-caledonie.gouv.fr/contenu/telechargement/13485/112061/file/PROVINCIALES_2026_R%C3%A9sultats_provisoires.pdf
Province Sud,Mont-Dore,9,19241,12525,65.1,6716,34.9,141,247,12137,774,6.38,AUTRES,"Nous, réunis !","Nous, réunis",anti_independantiste,Centre non-indépendantiste,#8db8d1,https://www.nouvelle-caledonie.gouv.fr/contenu/telechargement/13485/112061/file/PROVINCIALES_2026_R%C3%A9sultats_provisoires.pdf
Province Sud,Mont-Dore,10,19241,12525,65.1,6716,34.9,141,247,12137,5552,45.74,LL-LR,Les Loyalistes et Le Rassemblement - Forts et unis,LL-LR,anti_independantiste,Loyaliste droite,#305f9f,https://www.nouvelle-caledonie.gouv.fr/contenu/telechargement/13485/112061/file/PROVINCIALES_2026_R%C3%A9sultats_provisoires.pdf
Province Sud,Mont-Dore,11,19241,12525,65.1,6716,34.9,141,247,12137,342,2.82,UNI,Unis pour le Pays,UNI,independantiste,UNI / Palika,#f0c52f,https://www.nouvelle-caledonie.gouv.fr/contenu/telechargement/13485/112061/file/PROVINCIALES_2026_R%C3%A9sultats_provisoires.pdf
Province Sud,Mont-Dore,12,19241,12525,65.1,6716,34.9,141,247,12137,248,2.04,Autres,Un espoir pour demain,Un espoir pour demain,anti_independantiste,Centre droit non-indépendantiste,#829dbd,https://www.nouvelle-caledonie.gouv.fr/contenu/telechargement/13485/112061/file/PROVINCIALES_2026_R%C3%A9sultats_provisoires.pdf
Province Sud,Nouméa,8,53677,35326,65.81,18351,34.190000000000005,169,383,34774,494,1.42,AUTRES,Pour une Calédonie française,Pour une Calédonie française,anti_independantiste,Droite nationale,#244e78,https://www.nouvelle-caledonie.gouv.fr/contenu/telechargement/13485/112061/file/PROVINCIALES_2026_R%C3%A9sultats_provisoires.pdf
Province Sud,Nouméa,9,53677,35326,65.81,18351,34.190000000000005,169,383,34774,2076,5.970000000000001,AUTRES,"Nous, réunis !","Nous, réunis",anti_independantiste,Centre non-indépendantiste,#8db8d1,https://www.nouvelle-caledonie.gouv.fr/contenu/telechargement/13485/112061/file/PROVINCIALES_2026_R%C3%A9sultats_provisoires.pdf
Province Sud,Nouméa,10,53677,35326,65.81,18351,34.190000000000005,169,383,34774,21025,60.46,LL-LR,Les Loyalistes et Le Rassemblement - Forts et unis,LL-LR,anti_independantiste,Loyaliste droite,#305f9f,https://www.nouvelle-caledonie.gouv.fr/contenu/telechargement/13485/112061/file/PROVINCIALES_2026_R%C3%A9sultats_provisoires.pdf
Province Sud,Nouméa,11,53677,35326,65.81,18351,34.190000000000005,169,383,34774,671,1.93,UNI,Unis pour le Pays,UNI,independantiste,UNI / Palika,#f0c52f,https://www.nouvelle-caledonie.gouv.fr/contenu/telechargement/13485/112061/file/PROVINCIALES_2026_R%C3%A9sultats_provisoires.pdf
Province Sud,Nouméa,12,53677,35326,65.81,18351,34.190000000000005,169,383,34774,797,2.29,Autres,Un espoir pour demain,Un espoir pour demain,anti_independantiste,Centre droit non-indépendantiste,#829dbd,https://www.nouvelle-caledonie.gouv.fr/contenu/telechargement/13485/112061/file/PROVINCIALES_2026_R%C3%A9sultats_provisoires.pdf
Province Sud,Païta,8,14755,9661,65.48,5094,34.52,66,145,9450,133,1.41,AUTRES,Pour une Calédonie française,Pour une Calédonie française,anti_independantiste,Droite nationale,#244e78,https://www.nouvelle-caledonie.gouv.fr/contenu/telechargement/13485/112061/file/PROVINCIALES_2026_R%C3%A9sultats_provisoires.pdf
Province Sud,Païta,9,14755,9661,65.48,5094,34.52,66,145,9450,451,4.7700000000000005,AUTRES,"Nous, réunis !","Nous, réunis",anti_independantiste,Centre non-indépendantiste,#8db8d1,https://www.nouvelle-caledonie.gouv.fr/contenu/telechargement/13485/112061/file/PROVINCIALES_2026_R%C3%A9sultats_provisoires.pdf
Province Sud,Païta,10,14755,9661,65.48,5094,34.52,66,145,9450,3988,42.2,LL-LR,Les Loyalistes et Le Rassemblement - Forts et unis,LL-LR,anti_independantiste,Loyaliste droite,#305f9f,https://www.nouvelle-caledonie.gouv.fr/contenu/telechargement/13485/112061/file/PROVINCIALES_2026_R%C3%A9sultats_provisoires.pdf
Province Sud,Païta,11,14755,9661,65.48,5094,34.52,66,145,9450,324,3.4299999999999997,UNI,Unis pour le Pays,UNI,independantiste,UNI / Palika,#f0c52f,https://www.nouvelle-caledonie.gouv.fr/contenu/telechargement/13485/112061/file/PROVINCIALES_2026_R%C3%A9sultats_provisoires.pdf
Province Sud,Païta,12,14755,9661,65.48,5094,34.52,66,145,9450,153,1.62,Autres,Un espoir pour demain,Un espoir pour demain,anti_independantiste,Centre droit non-indépendantiste,#829dbd,https://www.nouvelle-caledonie.gouv.fr/contenu/telechargement/13485/112061/file/PROVINCIALES_2026_R%C3%A9sultats_provisoires.pdf
Province Sud,Poya Sud,8,202,163,80.69,39,19.310000000000002,0,1,162,0,0,AUTRES,Pour une Calédonie française,Pour une Calédonie française,anti_independantiste,Droite nationale,#244e78,https://www.nouvelle-caledonie.gouv.fr/contenu/telechargement/13485/112061/file/PROVINCIALES_2026_R%C3%A9sultats_provisoires.pdf
Province Sud,Poya Sud,9,202,163,80.69,39,19.310000000000002,0,1,162,5,3.09,AUTRES,"Nous, réunis !","Nous, réunis",anti_independantiste,Centre non-indépendantiste,#8db8d1,https://www.nouvelle-caledonie.gouv.fr/contenu/telechargement/13485/112061/file/PROVINCIALES_2026_R%C3%A9sultats_provisoires.pdf
Province Sud,Poya Sud,10,202,163,80.69,39,19.310000000000002,0,1,162,134,82.72,LL-LR,Les Loyalistes et Le Rassemblement - Forts et unis,LL-LR,anti_independantiste,Loyaliste droite,#305f9f,https://www.nouvelle-caledonie.gouv.fr/contenu/telechargement/13485/112061/file/PROVINCIALES_2026_R%C3%A9sultats_provisoires.pdf
Province Sud,Poya Sud,11,202,163,80.69,39,19.310000000000002,0,1,162,2,1.23,UNI,Unis pour le Pays,UNI,independantiste,UNI / Palika,#f0c52f,https://www.nouvelle-caledonie.gouv.fr/contenu/telechargement/13485/112061/file/PROVINCIALES_2026_R%C3%A9sultats_provisoires.pdf
Province Sud,Poya Sud,12,202,163,80.69,39,19.310000000000002,0,1,162,1,0.62,Autres,Un espoir pour demain,Un espoir pour demain,anti_independantiste,Centre droit non-indépendantiste,#829dbd,https://www.nouvelle-caledonie.gouv.fr/contenu/telechargement/13485/112061/file/PROVINCIALES_2026_R%C3%A9sultats_provisoires.pdf
Province Sud,Sarraméa,8,533,364,68.29,169,31.71,5,3,356,5,1.4,AUTRES,Pour une Calédonie française,Pour une Calédonie française,anti_independantiste,Droite nationale,#244e78,https://www.nouvelle-caledonie.gouv.fr/contenu/telechargement/13485/112061/file/PROVINCIALES_2026_R%C3%A9sultats_provisoires.pdf
Province Sud,Sarraméa,9,533,364,68.29,169,31.71,5,3,356,20,5.619999999999999,AUTRES,"Nous, réunis !","Nous, réunis",anti_independantiste,Centre non-indépendantiste,#8db8d1,https://www.nouvelle-caledonie.gouv.fr/contenu/telechargement/13485/112061/file/PROVINCIALES_2026_R%C3%A9sultats_provisoires.pdf
Province Sud,Sarraméa,10,533,364,68.29,169,31.71,5,3,356,31,8.709999999999999,LL-LR,Les Loyalistes et Le Rassemblement - Forts et unis,LL-LR,anti_independantiste,Loyaliste droite,#305f9f,https://www.nouvelle-caledonie.gouv.fr/contenu/telechargement/13485/112061/file/PROVINCIALES_2026_R%C3%A9sultats_provisoires.pdf
Province Sud,Sarraméa,11,533,364,68.29,169,31.71,5,3,356,45,12.639999999999999,UNI,Unis pour le Pays,UNI,independantiste,UNI / Palika,#f0c52f,https://www.nouvelle-caledonie.gouv.fr/contenu/telechargement/13485/112061/file/PROVINCIALES_2026_R%C3%A9sultats_provisoires.pdf
Province Sud,Sarraméa,12,533,364,68.29,169,31.71,5,3,356,3,0.8400000000000001,Autres,Un espoir pour demain,Un espoir pour demain,anti_independantiste,Centre droit non-indépendantiste,#829dbd,https://www.nouvelle-caledonie.gouv.fr/contenu/telechargement/13485/112061/file/PROVINCIALES_2026_R%C3%A9sultats_provisoires.pdf
Province Sud,Thio,8,2278,1431,62.82,847,37.18,9,7,1415,1,0.07,AUTRES,Pour une Calédonie française,Pour une Calédonie française,anti_independantiste,Droite nationale,#244e78,https://www.nouvelle-caledonie.gouv.fr/contenu/telechargement/13485/112061/file/PROVINCIALES_2026_R%C3%A9sultats_provisoires.pdf
Province Sud,Thio,9,2278,1431,62.82,847,37.18,9,7,1415,12,0.8500000000000001,AUTRES,"Nous, réunis !","Nous, réunis",anti_independantiste,Centre non-indépendantiste,#8db8d1,https://www.nouvelle-caledonie.gouv.fr/contenu/telechargement/13485/112061/file/PROVINCIALES_2026_R%C3%A9sultats_provisoires.pdf
Province Sud,Thio,10,2278,1431,62.82,847,37.18,9,7,1415,52,3.67,LL-LR,Les Loyalistes et Le Rassemblement - Forts et unis,LL-LR,anti_independantiste,Loyaliste droite,#305f9f,https://www.nouvelle-caledonie.gouv.fr/contenu/telechargement/13485/112061/file/PROVINCIALES_2026_R%C3%A9sultats_provisoires.pdf
Province Sud,Thio,11,2278,1431,62.82,847,37.18,9,7,1415,389,27.49,UNI,Unis pour le Pays,UNI,independantiste,UNI / Palika,#f0c52f,https://www.nouvelle-caledonie.gouv.fr/contenu/telechargement/13485/112061/file/PROVINCIALES_2026_R%C3%A9sultats_provisoires.pdf
Province Sud,Thio,12,2278,1431,62.82,847,37.18,9,7,1415,9,0.64,Autres,Un espoir pour demain,Un espoir pour demain,anti_independantiste,Centre droit non-indépendantiste,#829dbd,https://www.nouvelle-caledonie.gouv.fr/contenu/telechargement/13485/112061/file/PROVINCIALES_2026_R%C3%A9sultats_provisoires.pdf
Province Sud,Yaté,8,1822,1308,71.79,514,28.21,3,3,1302,1,0.08,AUTRES,Pour une Calédonie française,Pour une Calédonie française,anti_independantiste,Droite nationale,#244e78,https://www.nouvelle-caledonie.gouv.fr/contenu/telechargement/13485/112061/file/PROVINCIALES_2026_R%C3%A9sultats_provisoires.pdf
Province Sud,Yaté,9,1822,1308,71.79,514,28.21,3,3,1302,10,0.77,AUTRES,"Nous, réunis !","Nous, réunis",anti_independantiste,Centre non-indépendantiste,#8db8d1,https://www.nouvelle-caledonie.gouv.fr/contenu/telechargement/13485/112061/file/PROVINCIALES_2026_R%C3%A9sultats_provisoires.pdf
Province Sud,Yaté,10,1822,1308,71.79,514,28.21,3,3,1302,12,0.92,LL-LR,Les Loyalistes et Le Rassemblement - Forts et unis,LL-LR,anti_independantiste,Loyaliste droite,#305f9f,https://www.nouvelle-caledonie.gouv.fr/contenu/telechargement/13485/112061/file/PROVINCIALES_2026_R%C3%A9sultats_provisoires.pdf
Province Sud,Yaté,11,1822,1308,71.79,514,28.21,3,3,1302,337,25.88,UNI,Unis pour le Pays,UNI,independantiste,UNI / Palika,#f0c52f,https://www.nouvelle-caledonie.gouv.fr/contenu/telechargement/13485/112061/file/PROVINCIALES_2026_R%C3%A9sultats_provisoires.pdf
Province Sud,Yaté,12,1822,1308,71.79,514,28.21,3,3,1302,5,0.38,Autres,Un espoir pour demain,Un espoir pour demain,anti_independantiste,Centre droit non-indépendantiste,#829dbd,https://www.nouvelle-caledonie.gouv.fr/contenu/telechargement/13485/112061/file/PROVINCIALES_2026_R%C3%A9sultats_provisoires.pdf
Province Nord,Bélep,1,941,417,44.309999999999995,524,55.690000000000005,0,0,417,0,0,LL - LR,Agissons ensemble pour le Nord,LL-LR Nord,anti_independantiste,Loyaliste droite,#305f9f,https://www.nouvelle-caledonie.gouv.fr/contenu/telechargement/13485/112061/file/PROVINCIALES_2026_R%C3%A9sultats_provisoires.pdf
Province Nord,Bélep,2,941,417,44.309999999999995,524,55.690000000000005,0,0,417,8,1.92,NAT,Alternative Nord pour un pays souverain,Alternative Nord,independantiste,UPK / Parti travailliste,#b6483b,https://www.nouvelle-caledonie.gouv.fr/contenu/telechargement/13485/112061/file/PROVINCIALES_2026_R%C3%A9sultats_provisoires.pdf
Province Nord,Bélep,3,941,417,44.309999999999995,524,55.690000000000005,0,0,417,266,63.790000000000006,UC FLNKS,UC-FLNKS,UC-FLNKS,independantiste,UC-FLNKS,#2f925d,https://www.nouvelle-caledonie.gouv.fr/contenu/telechargement/13485/112061/file/PROVINCIALES_2026_R%C3%A9sultats_provisoires.pdf
Province Nord,Bélep,4,941,417,44.309999999999995,524,55.690000000000005,0,0,417,6,1.44,AUTRES,Faire Pays,Faire Pays,autres_listes,Souverainiste / pro-pays,#4f8f6a,https://www.nouvelle-caledonie.gouv.fr/contenu/telechargement/13485/112061/file/PROVINCIALES_2026_R%C3%A9sultats_provisoires.pdf
Province Nord,Bélep,5,941,417,44.309999999999995,524,55.690000000000005,0,0,417,137,32.849999999999994,UNI,Union nationale pour l'indépendance,UNI,independantiste,UNI / Palika,#f0c52f,https://www.nouvelle-caledonie.gouv.fr/contenu/telechargement/13485/112061/file/PROVINCIALES_2026_R%C3%A9sultats_provisoires.pdf
Province Nord,Canala,1,3609,2427,67.25,1182,32.75,18,13,2396,35,1.46,LL - LR,Agissons ensemble pour le Nord,LL-LR Nord,anti_independantiste,Loyaliste droite,#305f9f,https://www.nouvelle-caledonie.gouv.fr/contenu/telechargement/13485/112061/file/PROVINCIALES_2026_R%C3%A9sultats_provisoires.pdf
Province Nord,Canala,2,3609,2427,67.25,1182,32.75,18,13,2396,60,2.5,NAT,Alternative Nord pour un pays souverain,Alternative Nord,independantiste,UPK / Parti travailliste,#b6483b,https://www.nouvelle-caledonie.gouv.fr/contenu/telechargement/13485/112061/file/PROVINCIALES_2026_R%C3%A9sultats_provisoires.pdf
Province Nord,Canala,3,3609,2427,67.25,1182,32.75,18,13,2396,1325,55.3,UC FLNKS,UC-FLNKS,UC-FLNKS,independantiste,UC-FLNKS,#2f925d,https://www.nouvelle-caledonie.gouv.fr/contenu/telechargement/13485/112061/file/PROVINCIALES_2026_R%C3%A9sultats_provisoires.pdf
Province Nord,Canala,4,3609,2427,67.25,1182,32.75,18,13,2396,96,4.01,AUTRES,Faire Pays,Faire Pays,autres_listes,Souverainiste / pro-pays,#4f8f6a,https://www.nouvelle-caledonie.gouv.fr/contenu/telechargement/13485/112061/file/PROVINCIALES_2026_R%C3%A9sultats_provisoires.pdf
Province Nord,Canala,5,3609,2427,67.25,1182,32.75,18,13,2396,880,36.730000000000004,UNI,Union nationale pour l'indépendance,UNI,independantiste,UNI / Palika,#f0c52f,https://www.nouvelle-caledonie.gouv.fr/contenu/telechargement/13485/112061/file/PROVINCIALES_2026_R%C3%A9sultats_provisoires.pdf
Province Nord,Hienghène,1,2480,1463,58.99,1017,41.01,13,8,1442,28,1.94,LL - LR,Agissons ensemble pour le Nord,LL-LR Nord,anti_independantiste,Loyaliste droite,#305f9f,https://www.nouvelle-caledonie.gouv.fr/contenu/telechargement/13485/112061/file/PROVINCIALES_2026_R%C3%A9sultats_provisoires.pdf
Province Nord,Hienghène,2,2480,1463,58.99,1017,41.01,13,8,1442,42,2.9099999999999997,NAT,Alternative Nord pour un pays souverain,Alternative Nord,independantiste,UPK / Parti travailliste,#b6483b,https://www.nouvelle-caledonie.gouv.fr/contenu/telechargement/13485/112061/file/PROVINCIALES_2026_R%C3%A9sultats_provisoires.pdf
Province Nord,Hienghène,3,2480,1463,58.99,1017,41.01,13,8,1442,1007,69.83,UC FLNKS,UC-FLNKS,UC-FLNKS,independantiste,UC-FLNKS,#2f925d,https://www.nouvelle-caledonie.gouv.fr/contenu/telechargement/13485/112061/file/PROVINCIALES_2026_R%C3%A9sultats_provisoires.pdf
Province Nord,Hienghène,4,2480,1463,58.99,1017,41.01,13,8,1442,45,3.12,AUTRES,Faire Pays,Faire Pays,autres_listes,Souverainiste / pro-pays,#4f8f6a,https://www.nouvelle-caledonie.gouv.fr/contenu/telechargement/13485/112061/file/PROVINCIALES_2026_R%C3%A9sultats_provisoires.pdf
Province Nord,Hienghène,5,2480,1463,58.99,1017,41.01,13,8,1442,320,22.19,UNI,Union nationale pour l'indépendance,UNI,independantiste,UNI / Palika,#f0c52f,https://www.nouvelle-caledonie.gouv.fr/contenu/telechargement/13485/112061/file/PROVINCIALES_2026_R%C3%A9sultats_provisoires.pdf
Province Nord,Houailou,1,3694,2084,56.42,1610,43.58,24,15,2045,98,4.79,LL - LR,Agissons ensemble pour le Nord,LL-LR Nord,anti_independantiste,Loyaliste droite,#305f9f,https://www.nouvelle-caledonie.gouv.fr/contenu/telechargement/13485/112061/file/PROVINCIALES_2026_R%C3%A9sultats_provisoires.pdf
Province Nord,Houailou,2,3694,2084,56.42,1610,43.58,24,15,2045,95,4.6499999999999995,NAT,Alternative Nord pour un pays souverain,Alternative Nord,independantiste,UPK / Parti travailliste,#b6483b,https://www.nouvelle-caledonie.gouv.fr/contenu/telechargement/13485/112061/file/PROVINCIALES_2026_R%C3%A9sultats_provisoires.pdf
Province Nord,Houailou,3,3694,2084,56.42,1610,43.58,24,15,2045,1212,59.27,UC FLNKS,UC-FLNKS,UC-FLNKS,independantiste,UC-FLNKS,#2f925d,https://www.nouvelle-caledonie.gouv.fr/contenu/telechargement/13485/112061/file/PROVINCIALES_2026_R%C3%A9sultats_provisoires.pdf
Province Nord,Houailou,4,3694,2084,56.42,1610,43.58,24,15,2045,55,2.69,AUTRES,Faire Pays,Faire Pays,autres_listes,Souverainiste / pro-pays,#4f8f6a,https://www.nouvelle-caledonie.gouv.fr/contenu/telechargement/13485/112061/file/PROVINCIALES_2026_R%C3%A9sultats_provisoires.pdf
Province Nord,Houailou,5,3694,2084,56.42,1610,43.58,24,15,2045,585,28.610000000000003,UNI,Union nationale pour l'indépendance,UNI,independantiste,UNI / Palika,#f0c52f,https://www.nouvelle-caledonie.gouv.fr/contenu/telechargement/13485/112061/file/PROVINCIALES_2026_R%C3%A9sultats_provisoires.pdf
Province Nord,Kaala Gomen,1,1791,1153,64.38,638,35.620000000000005,6,10,1137,151,13.28,LL - LR,Agissons ensemble pour le Nord,LL-LR Nord,anti_independantiste,Loyaliste droite,#305f9f,https://www.nouvelle-caledonie.gouv.fr/contenu/telechargement/13485/112061/file/PROVINCIALES_2026_R%C3%A9sultats_provisoires.pdf
Province Nord,Kaala Gomen,2,1791,1153,64.38,638,35.620000000000005,6,10,1137,37,3.25,NAT,Alternative Nord pour un pays souverain,Alternative Nord,independantiste,UPK / Parti travailliste,#b6483b,https://www.nouvelle-caledonie.gouv.fr/contenu/telechargement/13485/112061/file/PROVINCIALES_2026_R%C3%A9sultats_provisoires.pdf
Province Nord,Kaala Gomen,3,1791,1153,64.38,638,35.620000000000005,6,10,1137,517,45.47,UC FLNKS,UC-FLNKS,UC-FLNKS,independantiste,UC-FLNKS,#2f925d,https://www.nouvelle-caledonie.gouv.fr/contenu/telechargement/13485/112061/file/PROVINCIALES_2026_R%C3%A9sultats_provisoires.pdf
Province Nord,Kaala Gomen,4,1791,1153,64.38,638,35.620000000000005,6,10,1137,26,2.29,AUTRES,Faire Pays,Faire Pays,autres_listes,Souverainiste / pro-pays,#4f8f6a,https://www.nouvelle-caledonie.gouv.fr/contenu/telechargement/13485/112061/file/PROVINCIALES_2026_R%C3%A9sultats_provisoires.pdf
Province Nord,Kaala Gomen,5,1791,1153,64.38,638,35.620000000000005,6,10,1137,406,35.71,UNI,Union nationale pour l'indépendance,UNI,independantiste,UNI / Palika,#f0c52f,https://www.nouvelle-caledonie.gouv.fr/contenu/telechargement/13485/112061/file/PROVINCIALES_2026_R%C3%A9sultats_provisoires.pdf
Province Nord,Koné,1,4865,3230,66.39,1635,33.61,22,30,3178,812,25.55,LL - LR,Agissons ensemble pour le Nord,LL-LR Nord,anti_independantiste,Loyaliste droite,#305f9f,https://www.nouvelle-caledonie.gouv.fr/contenu/telechargement/13485/112061/file/PROVINCIALES_2026_R%C3%A9sultats_provisoires.pdf
Province Nord,Koné,2,4865,3230,66.39,1635,33.61,22,30,3178,65,2.05,NAT,Alternative Nord pour un pays souverain,Alternative Nord,independantiste,UPK / Parti travailliste,#b6483b,https://www.nouvelle-caledonie.gouv.fr/contenu/telechargement/13485/112061/file/PROVINCIALES_2026_R%C3%A9sultats_provisoires.pdf
Province Nord,Koné,3,4865,3230,66.39,1635,33.61,22,30,3178,1000,31.47,UC FLNKS,UC-FLNKS,UC-FLNKS,independantiste,UC-FLNKS,#2f925d,https://www.nouvelle-caledonie.gouv.fr/contenu/telechargement/13485/112061/file/PROVINCIALES_2026_R%C3%A9sultats_provisoires.pdf
Province Nord,Koné,4,4865,3230,66.39,1635,33.61,22,30,3178,79,2.4899999999999998,AUTRES,Faire Pays,Faire Pays,autres_listes,Souverainiste / pro-pays,#4f8f6a,https://www.nouvelle-caledonie.gouv.fr/contenu/telechargement/13485/112061/file/PROVINCIALES_2026_R%C3%A9sultats_provisoires.pdf
Province Nord,Koné,5,4865,3230,66.39,1635,33.61,22,30,3178,1222,38.449999999999996,UNI,Union nationale pour l'indépendance,UNI,independantiste,UNI / Palika,#f0c52f,https://www.nouvelle-caledonie.gouv.fr/contenu/telechargement/13485/112061/file/PROVINCIALES_2026_R%C3%A9sultats_provisoires.pdf
Province Nord,Kouaoua,1,1195,701,58.660000000000004,494,41.339999999999996,7,3,691,144,20.84,LL - LR,Agissons ensemble pour le Nord,LL-LR Nord,anti_independantiste,Loyaliste droite,#305f9f,https://www.nouvelle-caledonie.gouv.fr/contenu/telechargement/13485/112061/file/PROVINCIALES_2026_R%C3%A9sultats_provisoires.pdf
Province Nord,Kouaoua,2,1195,701,58.660000000000004,494,41.339999999999996,7,3,691,7,1.01,NAT,Alternative Nord pour un pays souverain,Alternative Nord,independantiste,UPK / Parti travailliste,#b6483b,https://www.nouvelle-caledonie.gouv.fr/contenu/telechargement/13485/112061/file/PROVINCIALES_2026_R%C3%A9sultats_provisoires.pdf
Province Nord,Kouaoua,3,1195,701,58.660000000000004,494,41.339999999999996,7,3,691,386,55.86,UC FLNKS,UC-FLNKS,UC-FLNKS,independantiste,UC-FLNKS,#2f925d,https://www.nouvelle-caledonie.gouv.fr/contenu/telechargement/13485/112061/file/PROVINCIALES_2026_R%C3%A9sultats_provisoires.pdf
Province Nord,Kouaoua,4,1195,701,58.660000000000004,494,41.339999999999996,7,3,691,4,0.58,AUTRES,Faire Pays,Faire Pays,autres_listes,Souverainiste / pro-pays,#4f8f6a,https://www.nouvelle-caledonie.gouv.fr/contenu/telechargement/13485/112061/file/PROVINCIALES_2026_R%C3%A9sultats_provisoires.pdf
Province Nord,Kouaoua,5,1195,701,58.660000000000004,494,41.339999999999996,7,3,691,150,21.71,UNI,Union nationale pour l'indépendance,UNI,independantiste,UNI / Palika,#f0c52f,https://www.nouvelle-caledonie.gouv.fr/contenu/telechargement/13485/112061/file/PROVINCIALES_2026_R%C3%A9sultats_provisoires.pdf
Province Nord,Koumac,1,2898,1742,60.11,1156,39.89,18,16,1708,886,51.87,LL - LR,Agissons ensemble pour le Nord,LL-LR Nord,anti_independantiste,Loyaliste droite,#305f9f,https://www.nouvelle-caledonie.gouv.fr/contenu/telechargement/13485/112061/file/PROVINCIALES_2026_R%C3%A9sultats_provisoires.pdf
Province Nord,Koumac,2,2898,1742,60.11,1156,39.89,18,16,1708,24,1.41,NAT,Alternative Nord pour un pays souverain,Alternative Nord,independantiste,UPK / Parti travailliste,#b6483b,https://www.nouvelle-caledonie.gouv.fr/contenu/telechargement/13485/112061/file/PROVINCIALES_2026_R%C3%A9sultats_provisoires.pdf
Province Nord,Koumac,3,2898,1742,60.11,1156,39.89,18,16,1708,352,20.610000000000003,UC FLNKS,UC-FLNKS,UC-FLNKS,independantiste,UC-FLNKS,#2f925d,https://www.nouvelle-caledonie.gouv.fr/contenu/telechargement/13485/112061/file/PROVINCIALES_2026_R%C3%A9sultats_provisoires.pdf
Province Nord,Koumac,4,2898,1742,60.11,1156,39.89,18,16,1708,59,3.4499999999999997,AUTRES,Faire Pays,Faire Pays,autres_listes,Souverainiste / pro-pays,#4f8f6a,https://www.nouvelle-caledonie.gouv.fr/contenu/telechargement/13485/112061/file/PROVINCIALES_2026_R%C3%A9sultats_provisoires.pdf
Province Nord,Koumac,5,2898,1742,60.11,1156,39.89,18,16,1708,387,22.66,UNI,Union nationale pour l'indépendance,UNI,independantiste,UNI / Palika,#f0c52f,https://www.nouvelle-caledonie.gouv.fr/contenu/telechargement/13485/112061/file/PROVINCIALES_2026_R%C3%A9sultats_provisoires.pdf
Province Nord,Ouégoa,1,2226,1350,60.65,876,39.349999999999994,8,7,1335,363,27.19,LL - LR,Agissons ensemble pour le Nord,LL-LR Nord,anti_independantiste,Loyaliste droite,#305f9f,https://www.nouvelle-caledonie.gouv.fr/contenu/telechargement/13485/112061/file/PROVINCIALES_2026_R%C3%A9sultats_provisoires.pdf
Province Nord,Ouégoa,2,2226,1350,60.65,876,39.349999999999994,8,7,1335,19,1.42,NAT,Alternative Nord pour un pays souverain,Alternative Nord,independantiste,UPK / Parti travailliste,#b6483b,https://www.nouvelle-caledonie.gouv.fr/contenu/telechargement/13485/112061/file/PROVINCIALES_2026_R%C3%A9sultats_provisoires.pdf
Province Nord,Ouégoa,3,2226,1350,60.65,876,39.349999999999994,8,7,1335,453,33.93,UC FLNKS,UC-FLNKS,UC-FLNKS,independantiste,UC-FLNKS,#2f925d,https://www.nouvelle-caledonie.gouv.fr/contenu/telechargement/13485/112061/file/PROVINCIALES_2026_R%C3%A9sultats_provisoires.pdf
Province Nord,Ouégoa,4,2226,1350,60.65,876,39.349999999999994,8,7,1335,13,0.97,AUTRES,Faire Pays,Faire Pays,autres_listes,Souverainiste / pro-pays,#4f8f6a,https://www.nouvelle-caledonie.gouv.fr/contenu/telechargement/13485/112061/file/PROVINCIALES_2026_R%C3%A9sultats_provisoires.pdf
Province Nord,Ouégoa,5,2226,1350,60.65,876,39.349999999999994,8,7,1335,487,36.48,UNI,Union nationale pour l'indépendance,UNI,independantiste,UNI / Palika,#f0c52f,https://www.nouvelle-caledonie.gouv.fr/contenu/telechargement/13485/112061/file/PROVINCIALES_2026_R%C3%A9sultats_provisoires.pdf
Province Nord,Poindimié,1,4283,2651,61.9,1632,38.1,25,22,2604,296,11.370000000000001,LL - LR,Agissons ensemble pour le Nord,LL-LR Nord,anti_independantiste,Loyaliste droite,#305f9f,https://www.nouvelle-caledonie.gouv.fr/contenu/telechargement/13485/112061/file/PROVINCIALES_2026_R%C3%A9sultats_provisoires.pdf
Province Nord,Poindimié,2,4283,2651,61.9,1632,38.1,25,22,2604,86,3.3,NAT,Alternative Nord pour un pays souverain,Alternative Nord,independantiste,UPK / Parti travailliste,#b6483b,https://www.nouvelle-caledonie.gouv.fr/contenu/telechargement/13485/112061/file/PROVINCIALES_2026_R%C3%A9sultats_provisoires.pdf
Province Nord,Poindimié,3,4283,2651,61.9,1632,38.1,25,22,2604,581,22.310000000000002,UC FLNKS,UC-FLNKS,UC-FLNKS,independantiste,UC-FLNKS,#2f925d,https://www.nouvelle-caledonie.gouv.fr/contenu/telechargement/13485/112061/file/PROVINCIALES_2026_R%C3%A9sultats_provisoires.pdf
Province Nord,Poindimié,4,4283,2651,61.9,1632,38.1,25,22,2604,206,7.91,AUTRES,Faire Pays,Faire Pays,autres_listes,Souverainiste / pro-pays,#4f8f6a,https://www.nouvelle-caledonie.gouv.fr/contenu/telechargement/13485/112061/file/PROVINCIALES_2026_R%C3%A9sultats_provisoires.pdf
Province Nord,Poindimié,5,4283,2651,61.9,1632,38.1,25,22,2604,1435,55.11,UNI,Union nationale pour l'indépendance,UNI,independantiste,UNI / Palika,#f0c52f,https://www.nouvelle-caledonie.gouv.fr/contenu/telechargement/13485/112061/file/PROVINCIALES_2026_R%C3%A9sultats_provisoires.pdf
Province Nord,Ponérihouen,1,2683,1664,62.02,1019,37.98,14,8,1642,97,5.91,LL - LR,Agissons ensemble pour le Nord,LL-LR Nord,anti_independantiste,Loyaliste droite,#305f9f,https://www.nouvelle-caledonie.gouv.fr/contenu/telechargement/13485/112061/file/PROVINCIALES_2026_R%C3%A9sultats_provisoires.pdf
Province Nord,Ponérihouen,2,2683,1664,62.02,1019,37.98,14,8,1642,374,22.779999999999998,NAT,Alternative Nord pour un pays souverain,Alternative Nord,independantiste,UPK / Parti travailliste,#b6483b,https://www.nouvelle-caledonie.gouv.fr/contenu/telechargement/13485/112061/file/PROVINCIALES_2026_R%C3%A9sultats_provisoires.pdf
Province Nord,Ponérihouen,3,2683,1664,62.02,1019,37.98,14,8,1642,635,38.67,UC FLNKS,UC-FLNKS,UC-FLNKS,independantiste,UC-FLNKS,#2f925d,https://www.nouvelle-caledonie.gouv.fr/contenu/telechargement/13485/112061/file/PROVINCIALES_2026_R%C3%A9sultats_provisoires.pdf
Province Nord,Ponérihouen,4,2683,1664,62.02,1019,37.98,14,8,1642,37,2.25,AUTRES,Faire Pays,Faire Pays,autres_listes,Souverainiste / pro-pays,#4f8f6a,https://www.nouvelle-caledonie.gouv.fr/contenu/telechargement/13485/112061/file/PROVINCIALES_2026_R%C3%A9sultats_provisoires.pdf
Province Nord,Ponérihouen,5,2683,1664,62.02,1019,37.98,14,8,1642,499,30.39,UNI,Union nationale pour l'indépendance,UNI,independantiste,UNI / Palika,#f0c52f,https://www.nouvelle-caledonie.gouv.fr/contenu/telechargement/13485/112061/file/PROVINCIALES_2026_R%C3%A9sultats_provisoires.pdf
Province Nord,Pouembout,1,1738,1147,66,591,34,4,15,1128,506,44.86,LL - LR,Agissons ensemble pour le Nord,LL-LR Nord,anti_independantiste,Loyaliste droite,#305f9f,https://www.nouvelle-caledonie.gouv.fr/contenu/telechargement/13485/112061/file/PROVINCIALES_2026_R%C3%A9sultats_provisoires.pdf
Province Nord,Pouembout,2,1738,1147,66,591,34,4,15,1128,14,1.24,NAT,Alternative Nord pour un pays souverain,Alternative Nord,independantiste,UPK / Parti travailliste,#b6483b,https://www.nouvelle-caledonie.gouv.fr/contenu/telechargement/13485/112061/file/PROVINCIALES_2026_R%C3%A9sultats_provisoires.pdf
Province Nord,Pouembout,3,1738,1147,66,591,34,4,15,1128,308,27.3,UC FLNKS,UC-FLNKS,UC-FLNKS,independantiste,UC-FLNKS,#2f925d,https://www.nouvelle-caledonie.gouv.fr/contenu/telechargement/13485/112061/file/PROVINCIALES_2026_R%C3%A9sultats_provisoires.pdf
Province Nord,Pouembout,4,1738,1147,66,591,34,4,15,1128,48,4.26,AUTRES,Faire Pays,Faire Pays,autres_listes,Souverainiste / pro-pays,#4f8f6a,https://www.nouvelle-caledonie.gouv.fr/contenu/telechargement/13485/112061/file/PROVINCIALES_2026_R%C3%A9sultats_provisoires.pdf
Province Nord,Pouembout,5,1738,1147,66,591,34,4,15,1128,252,22.34,UNI,Union nationale pour l'indépendance,UNI,independantiste,UNI / Palika,#f0c52f,https://www.nouvelle-caledonie.gouv.fr/contenu/telechargement/13485/112061/file/PROVINCIALES_2026_R%C3%A9sultats_provisoires.pdf
Province Nord,Poum,1,1519,936,61.620000000000005,583,38.379999999999995,8,3,925,88,9.51,LL - LR,Agissons ensemble pour le Nord,LL-LR Nord,anti_independantiste,Loyaliste droite,#305f9f,https://www.nouvelle-caledonie.gouv.fr/contenu/telechargement/13485/112061/file/PROVINCIALES_2026_R%C3%A9sultats_provisoires.pdf
Province Nord,Poum,2,1519,936,61.620000000000005,583,38.379999999999995,8,3,925,53,5.73,NAT,Alternative Nord pour un pays souverain,Alternative Nord,independantiste,UPK / Parti travailliste,#b6483b,https://www.nouvelle-caledonie.gouv.fr/contenu/telechargement/13485/112061/file/PROVINCIALES_2026_R%C3%A9sultats_provisoires.pdf
Province Nord,Poum,3,1519,936,61.620000000000005,583,38.379999999999995,8,3,925,388,41.949999999999996,UC FLNKS,UC-FLNKS,UC-FLNKS,independantiste,UC-FLNKS,#2f925d,https://www.nouvelle-caledonie.gouv.fr/contenu/telechargement/13485/112061/file/PROVINCIALES_2026_R%C3%A9sultats_provisoires.pdf
Province Nord,Poum,4,1519,936,61.620000000000005,583,38.379999999999995,8,3,925,20,2.16,AUTRES,Faire Pays,Faire Pays,autres_listes,Souverainiste / pro-pays,#4f8f6a,https://www.nouvelle-caledonie.gouv.fr/contenu/telechargement/13485/112061/file/PROVINCIALES_2026_R%C3%A9sultats_provisoires.pdf
Province Nord,Poum,5,1519,936,61.620000000000005,583,38.379999999999995,8,3,925,376,40.65,UNI,Union nationale pour l'indépendance,UNI,independantiste,UNI / Palika,#f0c52f,https://www.nouvelle-caledonie.gouv.fr/contenu/telechargement/13485/112061/file/PROVINCIALES_2026_R%C3%A9sultats_provisoires.pdf
Province Nord,Pouébo,1,2403,1232,51.27,1171,48.730000000000004,7,3,1222,26,2.13,LL - LR,Agissons ensemble pour le Nord,LL-LR Nord,anti_independantiste,Loyaliste droite,#305f9f,https://www.nouvelle-caledonie.gouv.fr/contenu/telechargement/13485/112061/file/PROVINCIALES_2026_R%C3%A9sultats_provisoires.pdf
Province Nord,Pouébo,2,2403,1232,51.27,1171,48.730000000000004,7,3,1222,126,10.31,NAT,Alternative Nord pour un pays souverain,Alternative Nord,independantiste,UPK / Parti travailliste,#b6483b,https://www.nouvelle-caledonie.gouv.fr/contenu/telechargement/13485/112061/file/PROVINCIALES_2026_R%C3%A9sultats_provisoires.pdf
Province Nord,Pouébo,3,2403,1232,51.27,1171,48.730000000000004,7,3,1222,561,45.91,UC FLNKS,UC-FLNKS,UC-FLNKS,independantiste,UC-FLNKS,#2f925d,https://www.nouvelle-caledonie.gouv.fr/contenu/telechargement/13485/112061/file/PROVINCIALES_2026_R%C3%A9sultats_provisoires.pdf
Province Nord,Pouébo,4,2403,1232,51.27,1171,48.730000000000004,7,3,1222,19,1.55,AUTRES,Faire Pays,Faire Pays,autres_listes,Souverainiste / pro-pays,#4f8f6a,https://www.nouvelle-caledonie.gouv.fr/contenu/telechargement/13485/112061/file/PROVINCIALES_2026_R%C3%A9sultats_provisoires.pdf
Province Nord,Pouébo,5,2403,1232,51.27,1171,48.730000000000004,7,3,1222,490,40.1,UNI,Union nationale pour l'indépendance,UNI,independantiste,UNI / Palika,#f0c52f,https://www.nouvelle-caledonie.gouv.fr/contenu/telechargement/13485/112061/file/PROVINCIALES_2026_R%C3%A9sultats_provisoires.pdf
Province Nord,Poya Nord,1,2295,1512,65.88,783,34.120000000000005,15,19,1478,291,19.69,LL - LR,Agissons ensemble pour le Nord,LL-LR Nord,anti_independantiste,Loyaliste droite,#305f9f,https://www.nouvelle-caledonie.gouv.fr/contenu/telechargement/13485/112061/file/PROVINCIALES_2026_R%C3%A9sultats_provisoires.pdf
Province Nord,Poya Nord,2,2295,1512,65.88,783,34.120000000000005,15,19,1478,139,9.4,NAT,Alternative Nord pour un pays souverain,Alternative Nord,independantiste,UPK / Parti travailliste,#b6483b,https://www.nouvelle-caledonie.gouv.fr/contenu/telechargement/13485/112061/file/PROVINCIALES_2026_R%C3%A9sultats_provisoires.pdf
Province Nord,Poya Nord,3,2295,1512,65.88,783,34.120000000000005,15,19,1478,695,47.02,UC FLNKS,UC-FLNKS,UC-FLNKS,independantiste,UC-FLNKS,#2f925d,https://www.nouvelle-caledonie.gouv.fr/contenu/telechargement/13485/112061/file/PROVINCIALES_2026_R%C3%A9sultats_provisoires.pdf
Province Nord,Poya Nord,4,2295,1512,65.88,783,34.120000000000005,15,19,1478,54,3.65,AUTRES,Faire Pays,Faire Pays,autres_listes,Souverainiste / pro-pays,#4f8f6a,https://www.nouvelle-caledonie.gouv.fr/contenu/telechargement/13485/112061/file/PROVINCIALES_2026_R%C3%A9sultats_provisoires.pdf
Province Nord,Poya Nord,5,2295,1512,65.88,783,34.120000000000005,15,19,1478,299,20.23,UNI,Union nationale pour l'indépendance,UNI,independantiste,UNI / Palika,#f0c52f,https://www.nouvelle-caledonie.gouv.fr/contenu/telechargement/13485/112061/file/PROVINCIALES_2026_R%C3%A9sultats_provisoires.pdf
Province Nord,Touho,1,1971,1185,60.120000000000005,786,39.879999999999995,9,9,1167,107,9.17,LL - LR,Agissons ensemble pour le Nord,LL-LR Nord,anti_independantiste,Loyaliste droite,#305f9f,https://www.nouvelle-caledonie.gouv.fr/contenu/telechargement/13485/112061/file/PROVINCIALES_2026_R%C3%A9sultats_provisoires.pdf
Province Nord,Touho,2,1971,1185,60.120000000000005,786,39.879999999999995,9,9,1167,30,2.57,NAT,Alternative Nord pour un pays souverain,Alternative Nord,independantiste,UPK / Parti travailliste,#b6483b,https://www.nouvelle-caledonie.gouv.fr/contenu/telechargement/13485/112061/file/PROVINCIALES_2026_R%C3%A9sultats_provisoires.pdf
Province Nord,Touho,3,1971,1185,60.120000000000005,786,39.879999999999995,9,9,1167,414,35.48,UC FLNKS,UC-FLNKS,UC-FLNKS,independantiste,UC-FLNKS,#2f925d,https://www.nouvelle-caledonie.gouv.fr/contenu/telechargement/13485/112061/file/PROVINCIALES_2026_R%C3%A9sultats_provisoires.pdf
Province Nord,Touho,4,1971,1185,60.120000000000005,786,39.879999999999995,9,9,1167,24,2.06,AUTRES,Faire Pays,Faire Pays,autres_listes,Souverainiste / pro-pays,#4f8f6a,https://www.nouvelle-caledonie.gouv.fr/contenu/telechargement/13485/112061/file/PROVINCIALES_2026_R%C3%A9sultats_provisoires.pdf
Province Nord,Touho,5,1971,1185,60.120000000000005,786,39.879999999999995,9,9,1167,591,50.64,UNI,Union nationale pour l'indépendance,UNI,independantiste,UNI / Palika,#f0c52f,https://www.nouvelle-caledonie.gouv.fr/contenu/telechargement/13485/112061/file/PROVINCIALES_2026_R%C3%A9sultats_provisoires.pdf
Province Nord,Voh,1,2432,1610,66.2,822,33.8,9,25,1576,333,21.130000000000003,LL - LR,Agissons ensemble pour le Nord,LL-LR Nord,anti_independantiste,Loyaliste droite,#305f9f,https://www.nouvelle-caledonie.gouv.fr/contenu/telechargement/13485/112061/file/PROVINCIALES_2026_R%C3%A9sultats_provisoires.pdf
Province Nord,Voh,2,2432,1610,66.2,822,33.8,9,25,1576,60,3.8099999999999996,NAT,Alternative Nord pour un pays souverain,Alternative Nord,independantiste,UPK / Parti travailliste,#b6483b,https://www.nouvelle-caledonie.gouv.fr/contenu/telechargement/13485/112061/file/PROVINCIALES_2026_R%C3%A9sultats_provisoires.pdf
Province Nord,Voh,3,2432,1610,66.2,822,33.8,9,25,1576,318,20.18,UC FLNKS,UC-FLNKS,UC-FLNKS,independantiste,UC-FLNKS,#2f925d,https://www.nouvelle-caledonie.gouv.fr/contenu/telechargement/13485/112061/file/PROVINCIALES_2026_R%C3%A9sultats_provisoires.pdf
Province Nord,Voh,4,2432,1610,66.2,822,33.8,9,25,1576,62,3.9299999999999997,AUTRES,Faire Pays,Faire Pays,autres_listes,Souverainiste / pro-pays,#4f8f6a,https://www.nouvelle-caledonie.gouv.fr/contenu/telechargement/13485/112061/file/PROVINCIALES_2026_R%C3%A9sultats_provisoires.pdf
Province Nord,Voh,5,2432,1610,66.2,822,33.8,9,25,1576,803,50.949999999999996,UNI,Union nationale pour l'indépendance,UNI,independantiste,UNI / Palika,#f0c52f,https://www.nouvelle-caledonie.gouv.fr/contenu/telechargement/13485/112061/file/PROVINCIALES_2026_R%C3%A9sultats_provisoires.pdf
Province des Iles,Lifou,1,10792,5841,54.120000000000005,4951,45.879999999999995,40,52,5749,1493,25.97,PALIKA,Palika Îles,Palika Îles,independantiste,UNI / Palika,#f0c52f,https://www.nouvelle-caledonie.gouv.fr/contenu/telechargement/13485/112061/file/PROVINCIALES_2026_R%C3%A9sultats_provisoires.pdf
Province des Iles,Lifou,2,10792,5841,54.120000000000005,4951,45.879999999999995,40,52,5749,119,2.07,NS,Un nouveau souffle,Un nouveau souffle,anti_independantiste,Loyaliste droite,#305f9f,https://www.nouvelle-caledonie.gouv.fr/contenu/telechargement/13485/112061/file/PROVINCIALES_2026_R%C3%A9sultats_provisoires.pdf
Province des Iles,Lifou,3,10792,5841,54.120000000000005,4951,45.879999999999995,40,52,5749,109,1.9,AUTRES,Baselaia,Baselaia,independantiste,UC dissidente,#7aa874,https://www.nouvelle-caledonie.gouv.fr/contenu/telechargement/13485/112061/file/PROVINCIALES_2026_R%C3%A9sultats_provisoires.pdf
Province des Iles,Lifou,4,10792,5841,54.120000000000005,4951,45.879999999999995,40,52,5749,676,11.76,DA,Nation autochtone,Nation autochtone / DA,independantiste,Dynamique autochtone,#88a96d,https://www.nouvelle-caledonie.gouv.fr/contenu/telechargement/13485/112061/file/PROVINCIALES_2026_R%C3%A9sultats_provisoires.pdf
Province des Iles,Lifou,5,10792,5841,54.120000000000005,4951,45.879999999999995,40,52,5749,2373,41.28,UC FLNKS,UC-FLNKS Îles,UC-FLNKS Îles,independantiste,UC-FLNKS,#2f925d,https://www.nouvelle-caledonie.gouv.fr/contenu/telechargement/13485/112061/file/PROVINCIALES_2026_R%C3%A9sultats_provisoires.pdf
Province des Iles,Lifou,6,10792,5841,54.120000000000005,4951,45.879999999999995,40,52,5749,105,1.83,AUTRES,S'engager et œuvrer,UPK,independantiste,UPK,#b6483b,https://www.nouvelle-caledonie.gouv.fr/contenu/telechargement/13485/112061/file/PROVINCIALES_2026_R%C3%A9sultats_provisoires.pdf
Province des Iles,Maré,1,6973,4352,62.41,2621,37.59,15,9,4328,580,13.4,PALIKA,Palika Îles,Palika Îles,independantiste,UNI / Palika,#f0c52f,https://www.nouvelle-caledonie.gouv.fr/contenu/telechargement/13485/112061/file/PROVINCIALES_2026_R%C3%A9sultats_provisoires.pdf
Province des Iles,Maré,2,6973,4352,62.41,2621,37.59,15,9,4328,7,0.16,NS,Un nouveau souffle,Un nouveau souffle,anti_independantiste,Loyaliste droite,#305f9f,https://www.nouvelle-caledonie.gouv.fr/contenu/telechargement/13485/112061/file/PROVINCIALES_2026_R%C3%A9sultats_provisoires.pdf
Province des Iles,Maré,3,6973,4352,62.41,2621,37.59,15,9,4328,4,0.09,AUTRES,Baselaia,Baselaia,independantiste,UC dissidente,#7aa874,https://www.nouvelle-caledonie.gouv.fr/contenu/telechargement/13485/112061/file/PROVINCIALES_2026_R%C3%A9sultats_provisoires.pdf
Province des Iles,Maré,4,6973,4352,62.41,2621,37.59,15,9,4328,2719,62.82,DA,Nation autochtone,Nation autochtone / DA,independantiste,Dynamique autochtone,#88a96d,https://www.nouvelle-caledonie.gouv.fr/contenu/telechargement/13485/112061/file/PROVINCIALES_2026_R%C3%A9sultats_provisoires.pdf
Province des Iles,Maré,5,6973,4352,62.41,2621,37.59,15,9,4328,757,17.49,UC FLNKS,UC-FLNKS Îles,UC-FLNKS Îles,independantiste,UC-FLNKS,#2f925d,https://www.nouvelle-caledonie.gouv.fr/contenu/telechargement/13485/112061/file/PROVINCIALES_2026_R%C3%A9sultats_provisoires.pdf
Province des Iles,Maré,6,6973,4352,62.41,2621,37.59,15,9,4328,14,0.32,AUTRES,S'engager et œuvrer,UPK,independantiste,UPK,#b6483b,https://www.nouvelle-caledonie.gouv.fr/contenu/telechargement/13485/112061/file/PROVINCIALES_2026_R%C3%A9sultats_provisoires.pdf
Province des Iles,Ouvéa,1,4328,1941,44.849999999999994,2387,55.15,20,19,1902,408,21.45,PALIKA,Palika Îles,Palika Îles,independantiste,UNI / Palika,#f0c52f,https://www.nouvelle-caledonie.gouv.fr/contenu/telechargement/13485/112061/file/PROVINCIALES_2026_R%C3%A9sultats_provisoires.pdf
Province des Iles,Ouvéa,2,4328,1941,44.849999999999994,2387,55.15,20,19,1902,144,7.57,NS,Un nouveau souffle,Un nouveau souffle,anti_independantiste,Loyaliste droite,#305f9f,https://www.nouvelle-caledonie.gouv.fr/contenu/telechargement/13485/112061/file/PROVINCIALES_2026_R%C3%A9sultats_provisoires.pdf
Province des Iles,Ouvéa,3,4328,1941,44.849999999999994,2387,55.15,20,19,1902,24,1.26,AUTRES,Baselaia,Baselaia,independantiste,UC dissidente,#7aa874,https://www.nouvelle-caledonie.gouv.fr/contenu/telechargement/13485/112061/file/PROVINCIALES_2026_R%C3%A9sultats_provisoires.pdf
Province des Iles,Ouvéa,4,4328,1941,44.849999999999994,2387,55.15,20,19,1902,460,24.19,DA,Nation autochtone,Nation autochtone / DA,independantiste,Dynamique autochtone,#88a96d,https://www.nouvelle-caledonie.gouv.fr/contenu/telechargement/13485/112061/file/PROVINCIALES_2026_R%C3%A9sultats_provisoires.pdf
Province des Iles,Ouvéa,5,4328,1941,44.849999999999994,2387,55.15,20,19,1902,816,42.9,UC FLNKS,UC-FLNKS Îles,UC-FLNKS Îles,independantiste,UC-FLNKS,#2f925d,https://www.nouvelle-caledonie.gouv.fr/contenu/telechargement/13485/112061/file/PROVINCIALES_2026_R%C3%A9sultats_provisoires.pdf
Province des Iles,Ouvéa,6,4328,1941,44.849999999999994,2387,55.15,20,19,1902,6,0.32,AUTRES,S'engager et œuvrer,UPK,independantiste,UPK,#b6483b,https://www.nouvelle-caledonie.gouv.fr/contenu/telechargement/13485/112061/file/PROVINCIALES_2026_R%C3%A9sultats_provisoires.pdf
Province des Iles,Lifou,7,10792,5841,54.120000000000005,4951,45.879999999999995,40,52,5749,874,15.2,UCC,Union pour construire dans le consensus,UCC,independantiste,UC dissidente / PT,#7aa874,https://www.nouvelle-caledonie.gouv.fr/contenu/telechargement/13485/112061/file/PROVINCIALES_2026_R%C3%A9sultats_provisoires.pdf
Province des Iles,Maré,7,6973,4352,62.41,2621,37.59,15,9,4328,247,5.71,UCC,Union pour construire dans le consensus,UCC,independantiste,UC dissidente / PT,#7aa874,https://www.nouvelle-caledonie.gouv.fr/contenu/telechargement/13485/112061/file/PROVINCIALES_2026_R%C3%A9sultats_provisoires.pdf
Province des Iles,Ouvéa,7,4328,1941,44.849999999999994,2387,55.15,20,19,1902,44,2.3099999999999996,UCC,Union pour construire dans le consensus,UCC,independantiste,UC dissidente / PT,#7aa874,https://www.nouvelle-caledonie.gouv.fr/contenu/telechargement/13485/112061/file/PROVINCIALES_2026_R%C3%A9sultats_provisoires.pdf
