code_departement,code_commune,commune,commune_norm,code_bv,bureau_nom,bureau_nom_norm,match_score,etablissement_nom,etablissement_adresse,etablissement_theme1,etablissement_theme2,etablissement_theme3,longitude,latitude,geo_source,iris_id,iris_codgeo,iris_libgeo
988,98801,Belep,BELEP,0001,Mairie,MAIRIE,0.7,Waala,Belep,LIEU_DIT_NC,VILLE,,163.6480110596638,-19.71203277091468,tribus_villages_nc,3,101,Bélep
988,98802,Bouloupari,BOULOUPARI,0001,Mairie,MAIRIE,0.98,Mairie de Boulouparis,,ADMINISTRATION ET ORGANISME,Administrations des collectivités,Administration de la commune de Boulouparis,166.047711423762,-21.8654175541592,etablissements_publics_nc,88,201,Boulouparis village
988,98802,Bouloupari,BOULOUPARI,0002,Centre Culturel,CENTRE CULTUREL,0.833,Centre Socioculturel,,CULTUREL ET SOCIO EDUCATIF,Equipements socio-éducatifs et socio-culturels,Foyer socio culturel,166.049037015845,-21.8654352350015,etablissements_publics_nc,88,201,Boulouparis village
988,98802,Bouloupari,BOULOUPARI,0003,Mairie (Maison des associations),MAIRIE MAISON ASSOCIATIONS,0.93,Maison des Associations,,CULTUREL ET SOCIO EDUCATIF,Equipements socio-éducatifs et socio-culturels,Autre équipement socio-éducatif et socio-culturel,166.047082551458,-21.8655893376649,etablissements_publics_nc,88,201,Boulouparis village
988,98802,Bouloupari,BOULOUPARI,0004,Centre culturel,CENTRE CULTUREL,0.833,Centre Socioculturel,,CULTUREL ET SOCIO EDUCATIF,Equipements socio-éducatifs et socio-culturels,Foyer socio culturel,166.049037015845,-21.8654352350015,etablissements_publics_nc,88,201,Boulouparis village
988,98803,Bourail,BOURAIL,0001,Mairie,MAIRIE,0.98,Mairie de Bourail,,ADMINISTRATION ET ORGANISME,Administrations des collectivités,Administration de la commune de Bourail,165.497503614793,-21.5680444203004,etablissements_publics_nc,125,301,Bourail village
988,98803,Bourail,BOURAIL,0002,Pothé,POTHE,0.93,Ecole de Pothé,,ENSEIGNEMENT ET FORMATION,Enseignement du premier degré,Ecole pré-élémentaire,165.491900847299,-21.4547330481005,etablissements_publics_nc,128,305,Ny
988,98803,Bourail,BOURAIL,0003,Colisée,COLISEE,0.93,Le Colisée - Salle de spectacle,,CULTUREL ET SOCIO EDUCATIF,Equipements culturels,Salle de concert,165.49385205691,-21.5656940047007,etablissements_publics_nc,125,301,Bourail village
988,98803,Bourail,BOURAIL,0004,École Les Lys d’Eau,ECOLE LYS D EAU,0.85,Ecole primaire Les Lys d'Eau,,ENSEIGNEMENT ET FORMATION,Enseignement du premier degré,Ecole primaire,165.49748641875,-21.5730483252455,etablissements_publics_nc,125,301,Bourail village
988,98803,Bourail,BOURAIL,0005,École Louise Michel,ECOLE LOUISE MICHEL,0.859,Ecole primaire Louise Michel,,ENSEIGNEMENT ET FORMATION,Enseignement du premier degré,Ecole primaire,165.497379452405,-21.57045570157,etablissements_publics_nc,125,301,Bourail village
988,98804,Canala,CANALA,0001,Mairie,MAIRIE,0.7,CANALA,Canala,LIEU_DIT_NC,VILLE,Xârâcùù,165.96392757417755,-21.522084905801098,tribus_villages_nc,136,401,Canala village
988,98804,Canala,CANALA,0002,Nakéty,NAKETY,1,Nakéty,Canala,LIEU_DIT_NC,TRIBU,Nèkètè,166.04631481753384,-21.54222544058342,tribus_villages_nc,137,403,Gélima - Nakéty
988,98804,Canala,CANALA,0003,Nanon,NANON,0.95,Nanon-Kénérou,Canala,LIEU_DIT_NC,TRIBU,Nèno - Kénéru,165.88480729759476,-21.546697208816735,tribus_villages_nc,136,401,Canala village
988,98804,Canala,CANALA,0004,Méhoué,MEHOUE,1,Méhoué,Canala,LIEU_DIT_NC,TRIBU,Mèèwéé,165.9494172177474,-21.51958486452521,tribus_villages_nc,136,401,Canala village
988,98804,Canala,CANALA,0005,Gélima,GELIMA,1,Gélima,Canala,LIEU_DIT_NC,TRIBU,Jari Mwâ,165.98151543430086,-21.534392845846163,tribus_villages_nc,137,403,Gélima - Nakéty
988,98804,Canala,CANALA,0006,Mérénémé,MERENEME,1,Mérénémé,Canala,LIEU_DIT_NC,TRIBU,,165.92818615112122,-21.514857403632252,tribus_villages_nc,136,401,Canala village
988,98804,Canala,CANALA,0007,Tenda Koumendi,TENDA KOUMENDI,1,Tenda,Canala,LIEU_DIT_NC,TRIBU,Tèda Nèxinyi,166.03563428874068,-21.545648677139223,tribus_villages_nc,137,403,Gélima - Nakéty
988,98805,Dumbéa,DUMBEA,0001,Hôtel de Ville 1,MAIRIE,0.93,Mairie du Nord de Dumbéa,777 ROUTE TERRITORIALE N°1,ADMINISTRATION ET ORGANISME,Administrations des collectivités,Administration de la commune de Dumbéa,166.457501065839,-22.1675460417822,etablissements_publics_nc,149,512,Plaine de Koé
988,98805,Dumbéa,DUMBEA,0002,Hôtel de ville 2,MAIRIE,0.93,Mairie du Nord de Dumbéa,777 ROUTE TERRITORIALE N°1,ADMINISTRATION ET ORGANISME,Administrations des collectivités,Administration de la commune de Dumbéa,166.457501065839,-22.1675460417822,etablissements_publics_nc,149,512,Plaine de Koé
988,98805,Dumbéa,DUMBEA,0003,Hôtel de ville 3,MAIRIE,0.93,Mairie du Nord de Dumbéa,777 ROUTE TERRITORIALE N°1,ADMINISTRATION ET ORGANISME,Administrations des collectivités,Administration de la commune de Dumbéa,166.457501065839,-22.1675460417822,etablissements_publics_nc,149,512,Plaine de Koé
988,98805,Dumbéa,DUMBEA,0004,Ecole primaire Mainguet 1,ECOLE PRIMAIRE MAINGUET,0.952,Ecole primaire Jack Mainguet,73 RUE JEAN FRANCOIS LAPEROUSE,ENSEIGNEMENT ET FORMATION,Enseignement du premier degré,Ecole primaire,166.474584305922,-22.2148395317313,etablissements_publics_nc,138,501,Coeur de ville urbain
988,98805,Dumbéa,DUMBEA,0005,Ecole primaire Mainguet 2,ECOLE PRIMAIRE MAINGUET,0.952,Ecole primaire Jack Mainguet,73 RUE JEAN FRANCOIS LAPEROUSE,ENSEIGNEMENT ET FORMATION,Enseignement du premier degré,Ecole primaire,166.474584305922,-22.2148395317313,etablissements_publics_nc,138,501,Coeur de ville urbain
988,98805,Dumbéa,DUMBEA,0006,Maison de la jeunesse 1,MAISON JEUNESSE,1,Maison de la jeunesse,26 AVENUE D'AUTEUIL,CULTUREL ET SOCIO EDUCATIF,Equipements culturels,Centre culturel maison culturelle et centre d'art,166.474913290828,-22.2056811434969,etablissements_publics_nc,144,507,Jacarandas II
988,98805,Dumbéa,DUMBEA,0007,Maison de la jeunesse 2,MAISON JEUNESSE,1,Maison de la jeunesse,26 AVENUE D'AUTEUIL,CULTUREL ET SOCIO EDUCATIF,Equipements culturels,Centre culturel maison culturelle et centre d'art,166.474913290828,-22.2056811434969,etablissements_publics_nc,144,507,Jacarandas II
988,98805,Dumbéa,DUMBEA,0008,Centre culturel de Dumbéa 1,CENTRE CULTUREL DUMBEA,1,Centre culturel de Dumbéa,56 AVENUE D'AUTEUIL,CULTUREL ET SOCIO EDUCATIF,Equipements culturels,Centre culturel maison culturelle et centre d'art,166.474126141924,-22.2081759337081,etablissements_publics_nc,140,503,Koutio Secal
988,98805,Dumbéa,DUMBEA,0009,Centre culturel de Dumbéa 2,CENTRE CULTUREL DUMBEA,1,Centre culturel de Dumbéa,56 AVENUE D'AUTEUIL,CULTUREL ET SOCIO EDUCATIF,Equipements culturels,Centre culturel maison culturelle et centre d'art,166.474126141924,-22.2081759337081,etablissements_publics_nc,140,503,Koutio Secal
988,98805,Dumbéa,DUMBEA,0010,Centre culturel de Dumbéa 3,CENTRE CULTUREL DUMBEA,1,Centre culturel de Dumbéa,56 AVENUE D'AUTEUIL,CULTUREL ET SOCIO EDUCATIF,Equipements culturels,Centre culturel maison culturelle et centre d'art,166.474126141924,-22.2081759337081,etablissements_publics_nc,140,503,Koutio Secal
988,98805,Dumbéa,DUMBEA,0011,Ecole primaire Gustave Clain 1,ECOLE PRIMAIRE GUSTAVE CLAIN,0.897,Ecole élémentaire Gustave Clain,49 RUE JACQUES MONOD,ENSEIGNEMENT ET FORMATION,Enseignement du premier degré,Ecole élémentaire,166.460870510376,-22.2089353285944,etablissements_publics_nc,141,504,Koutio érudits
988,98805,Dumbéa,DUMBEA,0012,Ecole primaire Gustave Clain 2,ECOLE PRIMAIRE GUSTAVE CLAIN,0.897,Ecole élémentaire Gustave Clain,49 RUE JACQUES MONOD,ENSEIGNEMENT ET FORMATION,Enseignement du premier degré,Ecole élémentaire,166.460870510376,-22.2089353285944,etablissements_publics_nc,141,504,Koutio érudits
988,98805,Dumbéa,DUMBEA,0013,Ecole maternelle l'Oasis 1,ECOLE MATERNELLE L OASIS,0.729,Ecole maternelle L'Oasis,39 RUE JACQUES MONOD,ENSEIGNEMENT ET FORMATION,Enseignement du premier degré,Ecole pré-élémentaire,166.461460951246,-22.2085634346196,etablissements_publics_nc,141,504,Koutio érudits
988,98805,Dumbéa,DUMBEA,0014,Ecole maternelle l'Oasis 2,ECOLE MATERNELLE L OASIS,0.729,Ecole maternelle L'Oasis,39 RUE JACQUES MONOD,ENSEIGNEMENT ET FORMATION,Enseignement du premier degré,Ecole pré-élémentaire,166.461460951246,-22.2085634346196,etablissements_publics_nc,141,504,Koutio érudits
988,98805,Dumbéa,DUMBEA,0015,Groupe scolaire Michelle Delacharlerie-Rolly 1,GROUPE SCOLAIRE MICHELLE DELACHARLERIE ROLLY,1,Groupe scolaire Michelle Delacharlerie-Rolly,103 BOULEVARD DU RAIL CALEDONIEN,ENSEIGNEMENT ET FORMATION,Enseignement du premier degré,Groupe scolaire,166.445998676866,-22.2013803961715,etablissements_publics_nc,147,510,Dumbéa/mer Ouest
988,98805,Dumbéa,DUMBEA,0016,Groupe scolaire Michelle Delacharlerie-Rolly 2,GROUPE SCOLAIRE MICHELLE DELACHARLERIE ROLLY,1,Groupe scolaire Michelle Delacharlerie-Rolly,103 BOULEVARD DU RAIL CALEDONIEN,ENSEIGNEMENT ET FORMATION,Enseignement du premier degré,Groupe scolaire,166.445998676866,-22.2013803961715,etablissements_publics_nc,147,510,Dumbéa/mer Ouest
988,98805,Dumbéa,DUMBEA,0017,Groupe scolaire Renée Fong 1,GROUPE SCOLAIRE RENEE FONG,1,Groupe scolaire Renée FONG,2 BIS ALLEE JEAN-LOUIS MARIE,ENSEIGNEMENT ET FORMATION,Enseignement du premier degré,Groupe scolaire,166.44418672502,-22.192372203396,etablissements_publics_nc,148,511,Dumbea/mer Est - Plaine Adam
988,98805,Dumbéa,DUMBEA,0018,Groupe scolaire Renée Fong 2,GROUPE SCOLAIRE RENEE FONG,1,Groupe scolaire Renée FONG,2 BIS ALLEE JEAN-LOUIS MARIE,ENSEIGNEMENT ET FORMATION,Enseignement du premier degré,Groupe scolaire,166.44418672502,-22.192372203396,etablissements_publics_nc,148,511,Dumbea/mer Est - Plaine Adam
988,98805,Dumbéa,DUMBEA,0019,Mairie du Nord 1,MAIRIE NORD,0.98,Mairie du Nord de Dumbéa,777 ROUTE TERRITORIALE N°1,ADMINISTRATION ET ORGANISME,Administrations des collectivités,Administration de la commune de Dumbéa,166.457501065839,-22.1675460417822,etablissements_publics_nc,149,512,Plaine de Koé
988,98805,Dumbéa,DUMBEA,0020,Mairie du Nord 2,MAIRIE NORD,0.98,Mairie du Nord de Dumbéa,777 ROUTE TERRITORIALE N°1,ADMINISTRATION ET ORGANISME,Administrations des collectivités,Administration de la commune de Dumbéa,166.457501065839,-22.1675460417822,etablissements_publics_nc,149,512,Plaine de Koé
988,98805,Dumbéa,DUMBEA,0021,Mairie du Nord 3,MAIRIE NORD,0.98,Mairie du Nord de Dumbéa,777 ROUTE TERRITORIALE N°1,ADMINISTRATION ET ORGANISME,Administrations des collectivités,Administration de la commune de Dumbéa,166.457501065839,-22.1675460417822,etablissements_publics_nc,149,512,Plaine de Koé
988,98805,Dumbéa,DUMBEA,0022,Ecole primaire Paul Duboisé 1,ECOLE PRIMAIRE PAUL DUBOISE,0.892,Ecole élémentaire Paul Duboise,42 RUE DE L'ENTREE,ENSEIGNEMENT ET FORMATION,Enseignement du premier degré,Ecole élémentaire,166.434846490836,-22.1399347171588,etablissements_publics_nc,152,515,Katiramona Sud
988,98805,Dumbéa,DUMBEA,0023,Ecole primaire Paul Duboisé 2,ECOLE PRIMAIRE PAUL DUBOISE,0.892,Ecole élémentaire Paul Duboise,42 RUE DE L'ENTREE,ENSEIGNEMENT ET FORMATION,Enseignement du premier degré,Ecole élémentaire,166.434846490836,-22.1399347171588,etablissements_publics_nc,152,515,Katiramona Sud
988,98805,Dumbéa,DUMBEA,0024,Ecole maternelle les Colibris,ECOLE MATERNELLE COLIBRIS,0.741,Ecole maternelle Les Colibris,42 RUE DE L'ENTREE,ENSEIGNEMENT ET FORMATION,Enseignement du premier degré,Ecole pré-élémentaire,166.436047169124,-22.1394710088392,etablissements_publics_nc,152,515,Katiramona Sud
988,98805,Dumbéa,DUMBEA,0025,,,,Ecole maternelle Les Colibris,42 RUE DE L'ENTREE,ENSEIGNEMENT ET FORMATION,Enseignement du premier degré,Ecole pré-élémentaire,166.436047169124,-22.1394710088392,arrete_manual_etablissements,152,515,Katiramona Sud
988,98805,Dumbéa,DUMBEA,0026,,,,Groupe Scolaire Frédéric-Louis Dorbritz,39 RUE DE BRETAGNE,ENSEIGNEMENT ET FORMATION,Enseignement du premier degré,Groupe scolaire,166.437530865088,-22.1944939226253,arrete_manual_etablissements,147,510,Dumbéa/mer Ouest
988,98806,Farino,FARINO,0001,Mairie,MAIRIE,0.7,FARINO,Farino,LIEU_DIT_NC,VILLE,Farinö,165.77595416144513,-21.666848976720875,tribus_villages_nc,154,601,Farino
988,98807,Hienghène,HIENGHENE,0001,Mairie,MAIRIE,0.7,HIENGHENE,Hienghène,LIEU_DIT_NC,VILLE,,164.94565765433836,-20.688834938182335,tribus_villages_nc,155,701,Hienghéne littoral
988,98807,Hienghène,HIENGHENE,0002,Tendo,TENDO,1,Tendo,Hienghène,LIEU_DIT_NC,TRIBU,Tnèdo,164.8162801367713,-20.71273259336387,tribus_villages_nc,156,704,Tiendanite Ouayaguette
988,98807,Hienghène,HIENGHENE,0003,Bas-Coulna,BAS COULNA,1,Bas-Coulna,Hienghène,LIEU_DIT_NC,TRIBU,Wan Déuc,164.78261362354763,-20.687835024386533,tribus_villages_nc,156,704,Tiendanite Ouayaguette
988,98807,Hienghène,HIENGHENE,0004,Haut-Coulna,HAUT COULNA,1,Haut-Coulna,Hienghène,LIEU_DIT_NC,TRIBU,Paana,164.7358564404401,-20.63480876362534,tribus_villages_nc,156,704,Tiendanite Ouayaguette
988,98807,Hienghène,HIENGHENE,0005,Ouayaguette,OUAYAGUETTE,1,Ouayaguette,Hienghène,LIEU_DIT_NC,TRIBU,Wébia,164.6835205195477,-20.659220188803257,tribus_villages_nc,156,704,Tiendanite Ouayaguette
988,98807,Hienghène,HIENGHENE,0006,Ouaième,OUAIEME,1,Ouaïème,Hienghène,LIEU_DIT_NC,TRIBU,Wâyém,164.84911233352278,-20.61488125992091,tribus_villages_nc,155,701,Hienghéne littoral
988,98807,Hienghène,HIENGHENE,0007,Oué-Hawa,OUE HAWA,0.875,Oué-Hava,Hienghène,LIEU_DIT_NC,TRIBU,Wé Hava,165.03458545186362,-20.765966185987494,tribus_villages_nc,156,704,Tiendanite Ouayaguette
988,98807,Hienghène,HIENGHENE,0008,Tiendanite,TIENDANITE,1,Tiendanite,Hienghène,LIEU_DIT_NC,TRIBU,Tândanit,164.8988687236624,-20.75818441571426,tribus_villages_nc,156,704,Tiendanite Ouayaguette
988,98807,Hienghène,HIENGHENE,0009,Ouaré,OUARE,1,Ouaré,Hienghène,LIEU_DIT_NC,TRIBU,Waré,164.93523458965643,-20.673024668353836,tribus_villages_nc,155,701,Hienghéne littoral
988,98807,Hienghène,HIENGHENE,0010,Léwarap,LEWARAP,1,Lewarap,Hienghène,LIEU_DIT_NC,TRIBU,Wérap,164.92837654735197,-20.722390044785012,tribus_villages_nc,155,701,Hienghéne littoral
988,98808,Houaïlou,HOUAILOU,0001,Mairie,MAIRIE,0.7,HOUAÏLOU,Houaïlou,LIEU_DIT_NC,VILLE,Waa wi Luu,165.6260919909217,-21.278284372962112,tribus_villages_nc,157,801,Houailou village
988,98808,Houaïlou,HOUAILOU,0002,Warai,WARAI,0.95,Kua,Houaïlou,LIEU_DIT_NC,TRIBU,Wa',165.76989808558005,-21.33124821435679,tribus_villages_nc,160,807,Boréaré - Coula - Karagreu
988,98808,Houaïlou,HOUAILOU,0003,Bâ,BA,1,Bâ,Houaïlou,LIEU_DIT_NC,TRIBU,Bwa,165.55842620966266,-21.19827944865936,tribus_villages_nc,158,803,Warai
988,98808,Houaïlou,HOUAILOU,0004,Nessakoéa,NESSAKOEA,0.842,Nessa Kouya,Houaïlou,LIEU_DIT_NC,TRIBU,Nérhexa i Kwéaa,165.5267547278778,-21.28421939373571,tribus_villages_nc,159,805,Nédivin - Bas Nindien
988,98808,Houaïlou,HOUAILOU,0005,Poro,PORO,1,Poro,Houaïlou,LIEU_DIT_NC,LDH,Pô Ro,165.70953015747588,-21.30262511634177,tribus_villages_nc,157,801,Houailou village
988,98808,Houaïlou,HOUAILOU,0006,Coula,COULA,1,Coula,Houaïlou,LIEU_DIT_NC,TRIBU,Kuru raa,165.44899405604838,-21.336853600338287,tribus_villages_nc,160,807,Boréaré - Coula - Karagreu
988,98808,Houaïlou,HOUAILOU,0007,Néaoua,NEAOUA,1,Néaoua,Houaïlou,LIEU_DIT_NC,TRIBU,Né awa,165.6455007313978,-21.325531853593,tribus_villages_nc,157,801,Houailou village
988,98808,Houaïlou,HOUAILOU,0008,Nédivin,NEDIVIN,1,Nédivin,Houaïlou,LIEU_DIT_NC,TRIBU,Nédii vârâ,165.57082158687447,-21.289736384804883,tribus_villages_nc,159,805,Nédivin - Bas Nindien
988,98809,L'Ile-des-Pins,ILEDESPINS,0001,Mairie 1,MAIRIE,,,,,,,167.495819,-22.66517,tidygeocoder_osm,161,901,Vao
988,98809,L'Ile-des-Pins,ILEDESPINS,0002,Bâtiment communal Point Information,BATIMENT COMMUNAL POINT INFORMATION,,,,,,,167.495819,-22.66517,tidygeocoder_osm,161,901,Vao
988,98810,Kaala-Gomen,KAALAGOMEN,0001,Mairie,MAIRIE,0.98,Mairie de Kaala-Gomen,804 Avenue de BWAPANU,ADMINISTRATION ET ORGANISME,Administrations des collectivités,Administration de la commune de Kaala-Gomen,164.397185345977,-20.6671314843025,etablissements_publics_nc,1,1001,Kaala Gomen village et littoral
988,98810,Kaala-Gomen,KAALAGOMEN,0002,Ouéholle,OUEHOLLE,0.93,Ecole catholique de Ouéholle,,ENSEIGNEMENT ET FORMATION,Enseignement du premier degré,Ecole pré-élémentaire,164.545680960012,-20.6046276080457,etablissements_publics_nc,2,1004,Ouéholle - Ouémou - Kourou
988,98810,Kaala-Gomen,KAALAGOMEN,0003,Maison Païta,MAISON PAITA,0.688,Maison commune de Piata,,CULTUREL ET SOCIO EDUCATIF,Equipements socio-éducatifs et socio-culturels,Maison de jeune et maison de quartier,164.426512320768,-20.6494636653987,etablissements_publics_nc,1,1001,Kaala Gomen village et littoral
988,98810,Kaala-Gomen,KAALAGOMEN,0004,Maison Gamaï,MAISON GAMAI,0.75,Maison commune de Gamaï,,CULTUREL ET SOCIO EDUCATIF,Equipements socio-éducatifs et socio-culturels,Maison de jeune et maison de quartier,164.486749878062,-20.6941126404856,etablissements_publics_nc,1,1001,Kaala Gomen village et littoral
988,98810,Kaala-Gomen,KAALAGOMEN,0005,Maison Baoui,MAISON BAOUI,0.75,Maison commune de Baoui,,CULTUREL ET SOCIO EDUCATIF,Equipements socio-éducatifs et socio-culturels,Maison de jeune et maison de quartier,164.463552597488,-20.6891303658536,etablissements_publics_nc,1,1001,Kaala Gomen village et littoral
988,98810,Kaala-Gomen,KAALAGOMEN,0006,Ouaco,OUACO,0.93,Ecole de Ouaco,185 Rue Victor ROFFEY,ENSEIGNEMENT ET FORMATION,Enseignement du premier degré,Ecole élémentaire,164.471215971078,-20.8375035625753,etablissements_publics_nc,1,1001,Kaala Gomen village et littoral
988,98811,Koné,KONE,0001,Salle Au Pitiri,SALLE AU PITIRI,0.556,Plateau sportif de Téari,AVENUE FOUE,EQUIPEMENT SPORTIF,Terrains sportifs normalisés,Terrain polyvalent,164.866375124843,-21.0740850901806,etablissements_publics_nc,5,1102,Paiamboué - La Caférie - Foué
988,98811,Koné,KONE,0002,Poindah,POINDAH,0.93,Maison commune de Poindah,,CULTUREL ET SOCIO EDUCATIF,Equipements socio-éducatifs et socio-culturels,Maison de jeune et maison de quartier,164.964442641559,-21.0372102738018,etablissements_publics_nc,7,1107,Poindah - Noelly - Néami - Netchaot
988,98811,Koné,KONE,0003,Netchaot,NETCHAOT,0.93,Ecole maternelle publique de Nétchaot,Route du STADE de NETCHAOT,ENSEIGNEMENT ET FORMATION,Enseignement du premier degré,Ecole pré-élémentaire,165.022902317548,-21.0054157631335,etablissements_publics_nc,7,1107,Poindah - Noelly - Néami - Netchaot
988,98811,Koné,KONE,0004,Tiaoué,TIAOUE,0.93,Ecole publique de Tiaoué,RM5,ENSEIGNEMENT ET FORMATION,Enseignement du premier degré,Ecole primaire,164.916802108,-21.0000621217301,etablissements_publics_nc,7,1107,Poindah - Noelly - Néami - Netchaot
988,98811,Koné,KONE,0005,Atéou,ATEOU,0.93,Ecole publique d'Atéou,Route de l'EGLISE d'ATEOU,ENSEIGNEMENT ET FORMATION,Enseignement du premier degré,Ecole primaire,164.90654574925,-20.9500343540188,etablissements_publics_nc,7,1107,Poindah - Noelly - Néami - Netchaot
988,98811,Koné,KONE,0006,Bopope,BOPOPE,0.93,Ecole privée protestante Bopope,ROUTE BOPOPE BOPOPE,ENSEIGNEMENT ET FORMATION,Enseignement du premier degré,Ecole primaire,165.079714634727,-20.9178415050895,etablissements_publics_nc,8,1108,Bopope
988,98811,Koné,KONE,0007,Néami,NEAMI,0.93,Ecole maternelle publique de Néami,Route GOROPOADJILEI,ENSEIGNEMENT ET FORMATION,Enseignement du premier degré,Ecole pré-élémentaire,164.971958124292,-20.977983356452,etablissements_publics_nc,7,1107,Poindah - Noelly - Néami - Netchaot
988,98811,Koné,KONE,0008,Baco,BACO,0.93,Maison commune de Baco,,CULTUREL ET SOCIO EDUCATIF,Equipements socio-éducatifs et socio-culturels,Maison de jeune et maison de quartier,164.895177171264,-21.0667090848805,etablissements_publics_nc,6,1103,Baco - Koniambo
988,98811,Koné,KONE,0009,École primaire Les Cigales,ECOLE PRIMAIRE CIGALES,0.88,Ecole publique Les Cigales,12 RUE DES ABEILLES,ENSEIGNEMENT ET FORMATION,Enseignement du premier degré,Ecole primaire,164.8701529762,-21.0521518022935,etablissements_publics_nc,4,1101,Koné village
988,98811,Koné,KONE,0010,Noëlly,NOELLY,0.93,Ecole maternelle publique de Noelly,Route de l'ECOLE de NOELI,ENSEIGNEMENT ET FORMATION,Enseignement du premier degré,Ecole pré-élémentaire,164.947538773364,-21.0048750710989,etablissements_publics_nc,7,1107,Poindah - Noelly - Néami - Netchaot
988,98811,Koné,KONE,0011,École Téari,ECOLE TEARI,0.636,Déchetterie,5135 AVENUE DU LAPITA,TRANSPORT ET DECHET,Gestion des déchets,Installation de stockage des déchets,164.82630681362,-21.0553442775238,etablissements_publics_nc,4,1101,Koné village
988,98811,Koné,KONE,0012,Les Allamandas,ALLAMANDAS,0.93,Ecole publique Les Allamandas,242 RUE PAUL NAPOAREA,ENSEIGNEMENT ET FORMATION,Enseignement du premier degré,Ecole primaire,164.856461111321,-21.052040276968,etablissements_publics_nc,4,1101,Koné village
988,98812,Koumac,KOUMAC,0001,Mairie 1 et centralisateur,MAIRIE ET CENTRALISATEUR,0.99,Mairie de Koumac,,ADMINISTRATION ET ORGANISME,Administrations des collectivités,Administration de la commune de Koumac,164.280241420927,-20.5602050455624,arrete_manual_etablissements,9,1201,Koumac village
988,98812,Koumac,KOUMAC,0002,École primaire Charles Mermoud 2,ECOLE PRIMAIRE CHARLES MERMOUD,0.874,Ecole Charles MERMOUD,,ENSEIGNEMENT ET FORMATION,Enseignement du premier degré,Ecole primaire,164.282519595968,-20.5572929814306,etablissements_publics_nc,9,1201,Koumac village
988,98813,La Foa,LAFOA,0001,Centre socio-culturel,CENTRE SOCIO CULTUREL,,,,,,,165.82495689060195,-21.708500844468237,arrete_manual_tribus,12,1301,La Foa village
988,98813,La Foa,LAFOA,0002,Centre socio-culturel,CENTRE SOCIO CULTUREL,,,,,,,165.82495689060195,-21.708500844468237,arrete_manual_tribus,12,1301,La Foa village
988,98813,La Foa,LAFOA,0003,Centre socio-culturel,CENTRE SOCIO CULTUREL,,,,,,,165.82495689060195,-21.708500844468237,arrete_manual_tribus,12,1301,La Foa village
988,98813,La Foa,LAFOA,0004,Centre socio-culturel,CENTRE SOCIO CULTUREL,,,,,,,165.82495689060195,-21.708500844468237,arrete_manual_tribus,12,1301,La Foa village
988,98814,Lifou,LIFOU,0001,Faré des îles,FARE ILES,,,,,,,164.9011843365689,-21.121493041727785,arrete_manual_tribus,112,2501,Pouembout village
988,98814,Lifou,LIFOU,0002,Xepenehe,XEPENEHE,1,Chépénéhé,Lifou,LIEU_DIT_NC,TRIBU,Xepenehe,167.15272048120752,-20.78265899014055,tribus_villages_nc,16,1403,Wet
988,98814,Lifou,LIFOU,0003,Drueulu,DRUEULU,1,Douéoulou,Lifou,LIEU_DIT_NC,TRIBU,Drueulu,167.07853761275717,-20.930242999544458,tribus_villages_nc,14,1401,Gaitcha
988,98814,Lifou,LIFOU,0004,Jozip,JOZIP,1,Jozip,Lifou,LIEU_DIT_NC,TRIBU,,167.34721888788647,-20.940435542649407,tribus_villages_nc,15,1402,Lössi
988,98814,Lifou,LIFOU,0005,Jokin,JOKIN,1,Jokin,Lifou,LIEU_DIT_NC,TRIBU,,167.16447665584124,-20.703384020726688,tribus_villages_nc,16,1403,Wet
988,98814,Lifou,LIFOU,0006,Hmelek,HMELEK,1,Hmelek,Lifou,LIEU_DIT_NC,TRIBU,,167.28575148149378,-21.047986298100245,tribus_villages_nc,15,1402,Lössi
988,98814,Lifou,LIFOU,0007,Mou,MOU,1,Mou,Lifou,LIEU_DIT_NC,TRIBU,Mu,167.41341301025318,-21.092299627592674,tribus_villages_nc,15,1402,Lössi
988,98814,Lifou,LIFOU,0008,Hnathalo,HNATHALO,0.75,Hnacaöm,Lifou,LIEU_DIT_NC,TRIBU,,167.20569292168463,-20.72173372554335,tribus_villages_nc,16,1403,Wet
988,98814,Lifou,LIFOU,0009,Hnacaöm,HNACAOM,1,Hnacaöm,Lifou,LIEU_DIT_NC,TRIBU,,167.20569292168463,-20.72173372554335,tribus_villages_nc,16,1403,Wet
988,98814,Lifou,LIFOU,0010,Siloam,SILOAM,1,Siloam,Lifou,LIEU_DIT_NC,TRIBU,,167.10495154784974,-20.76013449602238,tribus_villages_nc,16,1403,Wet
988,98814,Lifou,LIFOU,0011,Wasany,WASANY,1,Wasany,Lifou,LIEU_DIT_NC,TRIBU,,167.37793880476198,-21.00787866730366,tribus_villages_nc,15,1402,Lössi
988,98814,Lifou,LIFOU,0012,Tiga,TIGA,1,Tiga,Lifou,LIEU_DIT_NC,TRIBU,Toka,167.79672481501146,-21.094104177809253,tribus_villages_nc,15,1402,Lössi
988,98814,Lifou,LIFOU,0013,Luecila,LUECILA,1,Luecila,Lifou,LIEU_DIT_NC,TRIBU,,167.25787949950455,-20.900908884449866,tribus_villages_nc,16,1403,Wet
988,98814,Lifou,LIFOU,0014,Hapetra,HAPETRA,1,Hapetra,Lifou,LIEU_DIT_NC,TRIBU,,167.14706004416075,-20.93025342048714,tribus_villages_nc,14,1401,Gaitcha
988,98814,Lifou,LIFOU,0015,Nang,NANG,,,,,,,167.2237643213265,-20.78244820991056,arrete_manual_tribus,16,1403,Wet
988,98814,Lifou,LIFOU,0016,Xodre,XODRE,1,Xode,Lifou,LIEU_DIT_NC,TRIBU,Xodre,167.41059644422373,-21.127373900931634,tribus_villages_nc,15,1402,Lössi
988,98814,Lifou,LIFOU,0017,Huiwatrul,HUIWATRUL,1,Huiwatrul,Lifou,LIEU_DIT_NC,TRIBU,Hunöj,167.34969330586503,-21.090299188696775,tribus_villages_nc,15,1402,Lössi
988,98814,Lifou,LIFOU,0018,Wedrumel,WEDRUMEL,1,Wedumel,Lifou,LIEU_DIT_NC,TRIBU,Wedrumel,167.1109551627598,-20.984726331890663,tribus_villages_nc,14,1401,Gaitcha
988,98814,Lifou,LIFOU,0019,Traput,TRAPUT,1,Traput,Lifou,LIEU_DIT_NC,TRIBU,,167.30947771877948,-20.931287472634196,tribus_villages_nc,15,1402,Lössi
988,98814,Lifou,LIFOU,0020,Kedeigne,KEDEIGNE,1,Kedeigne,Lifou,LIEU_DIT_NC,TRIBU,Kejëny,167.21465752873138,-21.037060872425982,tribus_villages_nc,15,1402,Lössi
988,98814,Lifou,LIFOU,0021,Tingeting,TINGETING,1,Tingeting,Lifou,LIEU_DIT_NC,TRIBU,,167.26667509635985,-20.741613827760364,tribus_villages_nc,16,1403,Wet
988,98814,Lifou,LIFOU,0022,Hunëtë,HUNETE,1,Hunëtë,Lifou,LIEU_DIT_NC,TRIBU,,167.09364365001284,-20.763254184835077,tribus_villages_nc,16,1403,Wet
988,98814,Lifou,LIFOU,0023,Luengoni,LUENGONI,,,,,,,167.4090226,-21.033997,tidygeocoder_osm,,,
988,98814,Lifou,LIFOU,0024,Hnanemuhaetra,HNANEMUHAETRA,1,Hnanemuhaetra,Lifou,LIEU_DIT_NC,TRIBU,,167.2208209830944,-20.707970338645733,tribus_villages_nc,16,1403,Wet
988,98814,Lifou,LIFOU,0025,Hnassé,HNASSE,0.833,Hnaasé,Lifou,LIEU_DIT_NC,TRIBU,,167.26043772263108,-20.9143896938111,tribus_villages_nc,15,1402,Lössi
988,98814,Lifou,LIFOU,0026,Kirinata,KIRINATA,1,Kirinata,Lifou,LIEU_DIT_NC,TRIBU,,167.24979496278135,-20.81569061412791,tribus_villages_nc,16,1403,Wet
988,98814,Lifou,LIFOU,0027,Lieu de vote délocalisé n°1 de Lifou à Nouméa,LIEU VOTE DELOCALISE LIFOU A NOUMEA,,Centre Culturel Ko We Kara,72 RUE AMPERE,CULTUREL ET SOCIO EDUCATIF,Equipements culturels,Centre culturel maison culturelle et centre d'art,166.456104572757,-22.2355536217178,arrete_manual_etablissements,68,1832,Zone industrielle Ducos
988,98814,Lifou,LIFOU,0028,Lieu de vote délocalisé n°2 de Lifou à Nouméa,LIEU VOTE DELOCALISE LIFOU A NOUMEA,,Centre Culturel Ko We Kara,72 RUE AMPERE,CULTUREL ET SOCIO EDUCATIF,Equipements culturels,Centre culturel maison culturelle et centre d'art,166.456104572757,-22.2355536217178,arrete_manual_etablissements,68,1832,Zone industrielle Ducos
988,98815,Maré,MARE,0001,Tadine,TADINE,1,Tadine,Maré,LIEU_DIT_NC,TRIBU,Tadin,167.88122247564291,-21.54648900532693,tribus_villages_nc,19,1503,Tadine Pénélo
988,98815,Maré,MARE,0002,Hnawayatche,HNAWAYATCHE,1,Hnawayatche,Maré,LIEU_DIT_NC,TRIBU,Hnawayaca,167.85931527784155,-21.444202132872793,tribus_villages_nc,17,1501,Guahma
988,98815,Maré,MARE,0003,Tenane,TENANE,1,Tenan,Maré,LIEU_DIT_NC,TRIBU,,167.89430877263374,-21.40460074703544,tribus_villages_nc,17,1501,Guahma
988,98815,Maré,MARE,0004,Atha,ATHA,1,Atha,Maré,LIEU_DIT_NC,TRIBU,,168.01753084168095,-21.470451728197048,tribus_villages_nc,18,1502,La Roche
988,98815,Maré,MARE,0005,Tawainedre,TAWAINEDRE,1,Taweinedr,Maré,LIEU_DIT_NC,TRIBU,,168.08527860190287,-21.502551487309265,tribus_villages_nc,19,1503,Tadine Pénélo
988,98815,Maré,MARE,0006,Penelo,PENELO,1,Penelo,Maré,LIEU_DIT_NC,TRIBU,,168.08945780342214,-21.571088655754444,tribus_villages_nc,19,1503,Tadine Pénélo
988,98815,Maré,MARE,0007,Wabao,WABAO,1,Wabao,Maré,LIEU_DIT_NC,TRIBU,Wabawo,167.93937201549338,-21.60210597985789,tribus_villages_nc,19,1503,Tadine Pénélo
988,98815,Maré,MARE,0008,Nece,NECE,1,Netché,Maré,LIEU_DIT_NC,TRIBU,Nece,167.8385405434138,-21.49048664280733,tribus_villages_nc,17,1501,Guahma
988,98815,Maré,MARE,0009,Ménaku,MENAKU,1,Menaku,Maré,LIEU_DIT_NC,TRIBU,,167.96911686605617,-21.444234250592025,tribus_villages_nc,17,1501,Guahma
988,98815,Maré,MARE,0010,Mebuet,MEBUET,1,Mebuet,Maré,LIEU_DIT_NC,TRIBU,,167.84863195183632,-21.51331947619321,tribus_villages_nc,17,1501,Guahma
988,98815,Maré,MARE,0011,Roh,ROH,0.95,Ro,Maré,LIEU_DIT_NC,TRIBU,,167.86202487687797,-21.39242632802858,tribus_villages_nc,17,1501,Guahma
988,98815,Maré,MARE,0012,Eni,ENI,1,Eni,Maré,LIEU_DIT_NC,TRIBU,,167.94942757221617,-21.62666270346723,tribus_villages_nc,19,1503,Tadine Pénélo
988,98815,Maré,MARE,0013,La Roche,ROCHE,1,La Roche,Maré,LIEU_DIT_NC,TRIBU,,168.03155085257677,-21.471745123256497,tribus_villages_nc,18,1502,La Roche
988,98815,Maré,MARE,0014,Tuho,TUHO,1,Tuho,Maré,LIEU_DIT_NC,TRIBU,Tuo,167.89428156445027,-21.49517949257516,tribus_villages_nc,17,1501,Guahma
988,98816,Moindou,MOINDOU,0001,Mairie,MAIRIE,0.7,MOINDOU,Moindou,LIEU_DIT_NC,VILLE,Mére Mwêro,165.67695619871748,-21.69271000327087,tribus_villages_nc,20,1601,Moindou
988,98817,Le Mont-Dore,MONTDORE,0001,Mairie de BOULARI,MAIRIE BOULARI,0.727,Marina de Port Boulari,RUE DES THAZARDS,PARC ESPACE PUBLIC ET LOISIR,Espaces de loisirs,Marinas port de plaisance et port à sec,166.523722376157,-22.2317078297453,etablissements_publics_nc,,,
988,98817,Le Mont-Dore,MONTDORE,0002,Groupe scolaire Hélène CHANIEL,GROUPE SCOLAIRE HELENE CHANIEL,1,Groupe scolaire Hélène Chaniel,105 RUE HELENE CHANIEL,ENSEIGNEMENT ET FORMATION,Enseignement du premier degré,Groupe scolaire,166.485528594387,-22.2217711398288,etablissements_publics_nc,23,1703,Pont des Fran‡ais
988,98817,Le Mont-Dore,MONTDORE,0003,École primaire Adolphe BOUTAN,ECOLE PRIMAIRE ADOLPHE BOUTAN,0.828,Ecole primaire de l'Ile-Ouen,,ENSEIGNEMENT ET FORMATION,Enseignement du premier degré,Ecole primaire,166.841440737558,-22.4256696418669,etablissements_publics_nc,35,1715,Mouirange - Grand Sud - Ile Ouen
988,98817,Le Mont-Dore,MONTDORE,0004,École primaire Louis Henri GALINIE 1,ECOLE PRIMAIRE LOUIS HENRI GALINIE,0.923,Ecole primaire Louis Henri Galinié,1133 RUE DES TROIS BANIANS,ENSEIGNEMENT ET FORMATION,Enseignement du premier degré,Ecole élémentaire,166.512755378687,-22.2163077194956,etablissements_publics_nc,25,1705,Robinson Nord
988,98817,Le Mont-Dore,MONTDORE,0005,École La Rizière 1,ECOLE RIZIERE,0.734,Ecole primaire La Rizière,89 RUE DU VIEUX PONT,ENSEIGNEMENT ET FORMATION,Enseignement du premier degré,Ecole élémentaire,166.573975497183,-22.2332233282141,etablissements_publics_nc,30,1710,La Coulée Nord
988,98817,Le Mont-Dore,MONTDORE,0006,École primaire du Vallon Dore,ECOLE PRIMAIRE VALLON DORE,0.886,Ecole élémentaire du Vallon-Dore,1622 LA CORNICHE DU MONT DORE,ENSEIGNEMENT ET FORMATION,Enseignement du premier degré,Ecole élémentaire,166.571853310489,-22.2757480668132,etablissements_publics_nc,32,1712,Vallon Dore
988,98817,Le Mont-Dore,MONTDORE,0007,Ouara,OUARA,1,Ouara,Mont-Dore,LIEU_DIT_NC,TRIBU,,166.84029773306233,-22.42316008394107,tribus_villages_nc,35,1715,Mouirange - Grand Sud - Ile Ouen
988,98817,Le Mont-Dore,MONTDORE,0008,Groupe scolaire de Boulari 1,GROUPE SCOLAIRE BOULARI,1,Groupe scolaire de Boulari,154 RUE ANTOINE GRISCELLI,ENSEIGNEMENT ET FORMATION,Enseignement du premier degré,Groupe scolaire,166.520855451452,-22.2274992832452,etablissements_publics_nc,27,1707,Boulari
988,98817,Le Mont-Dore,MONTDORE,0009,Mairie annexe de Plum 1,MAIRIE ANNEXE PLUM,0.782,Mairie annexe du Mont-Dore,9048 LA CORNICHE DU MONT DORE,ADMINISTRATION ET ORGANISME,Administrations des collectivités,Administration de la commune de Mont-Dore,166.623268718041,-22.2730906933136,etablissements_publics_nc,34,1714,Plum
988,98817,Le Mont-Dore,MONTDORE,0010,École La Rizière 2,ECOLE RIZIERE,0.734,Ecole primaire La Rizière,89 RUE DU VIEUX PONT,ENSEIGNEMENT ET FORMATION,Enseignement du premier degré,Ecole élémentaire,166.573975497183,-22.2332233282141,etablissements_publics_nc,30,1710,La Coulée Nord
988,98817,Le Mont-Dore,MONTDORE,0011,Groupe scolaire de Boulari 2,GROUPE SCOLAIRE BOULARI,1,Groupe scolaire de Boulari,154 RUE ANTOINE GRISCELLI,ENSEIGNEMENT ET FORMATION,Enseignement du premier degré,Groupe scolaire,166.520855451452,-22.2274992832452,etablissements_publics_nc,27,1707,Boulari
988,98817,Le Mont-Dore,MONTDORE,0012,Groupe scolaire Saint-Michel 1,GROUPE SCOLAIRE SAINT MICHEL,0.824,Groupe scolaire de Saint-Joseph de Cluny,367 RUE CHARLES FRANCOIS BEAUTEMPS BEAUPRE,ENSEIGNEMENT ET FORMATION,Enseignement du premier degré,Groupe scolaire,166.499920849353,-22.2240498676639,etablissements_publics_nc,24,1704,La Conception
988,98817,Le Mont-Dore,MONTDORE,0013,École maternelle Les Fougères,ECOLE MATERNELLE FOUGERES,0.69,Ecole primaire de l'Ile-Ouen,,ENSEIGNEMENT ET FORMATION,Enseignement du premier degré,Ecole primaire,166.841440737558,-22.4256696418669,etablissements_publics_nc,35,1715,Mouirange - Grand Sud - Ile Ouen
988,98817,Le Mont-Dore,MONTDORE,0014,École maternelle Les Dauphins,ECOLE MATERNELLE DAUPHINS,0.741,Ecole maternelle les Dauphins,1724 LA CORNICHE DU MONT DORE,ENSEIGNEMENT ET FORMATION,Enseignement du premier degré,Ecole pré-élémentaire,166.57252708408,-22.2768294716869,etablissements_publics_nc,32,1712,Vallon Dore
988,98817,Le Mont-Dore,MONTDORE,0015,École maternelle Les Coccinelles,ECOLE MATERNELLE COCCINELLES,0.771,Ecole maternelle Les Coccinelles,2299 ROUTE DU VALLON DORE,ENSEIGNEMENT ET FORMATION,Enseignement du premier degré,Ecole pré-élémentaire,166.56758162382,-22.2502864537601,etablissements_publics_nc,31,1711,La Coulée Sud
988,98817,Le Mont-Dore,MONTDORE,0016,École Saint-Joseph de CLUNY,ECOLE SAINT JOSEPH CLUNY,0.83,Communauté Saint Joseph de CLUNY,483 RUE CHARLES FRANCOIS BEAUTEMPS BEAUPRE,CULTE,Culte,Chapelle paroisse et centre religieux,166.499920601202,-22.2239776205159,etablissements_publics_nc,24,1704,La Conception
988,98817,Le Mont-Dore,MONTDORE,0017,École primaire Louis Henri GALINIE 2,ECOLE PRIMAIRE LOUIS HENRI GALINIE,0.923,Ecole primaire Louis Henri Galinié,1133 RUE DES TROIS BANIANS,ENSEIGNEMENT ET FORMATION,Enseignement du premier degré,Ecole élémentaire,166.512755378687,-22.2163077194956,etablissements_publics_nc,25,1705,Robinson Nord
988,98817,Le Mont-Dore,MONTDORE,0018,Groupe scolaire de Boulari 3,GROUPE SCOLAIRE BOULARI,1,Groupe scolaire de Boulari,154 RUE ANTOINE GRISCELLI,ENSEIGNEMENT ET FORMATION,Enseignement du premier degré,Groupe scolaire,166.520855451452,-22.2274992832452,etablissements_publics_nc,27,1707,Boulari
988,98817,Le Mont-Dore,MONTDORE,0019,Groupe scolaire de Saint-Michel 2,GROUPE SCOLAIRE SAINT MICHEL,0.824,Groupe scolaire de Saint-Joseph de Cluny,367 RUE CHARLES FRANCOIS BEAUTEMPS BEAUPRE,ENSEIGNEMENT ET FORMATION,Enseignement du premier degré,Groupe scolaire,166.499920849353,-22.2240498676639,etablissements_publics_nc,24,1704,La Conception
988,98817,Le Mont-Dore,MONTDORE,0020,Groupe scolaire de Plum,GROUPE SCOLAIRE PLUM,0.86,Groupe scolaire de Yahoué,264 RUE DES OPUI,ENSEIGNEMENT ET FORMATION,Enseignement du premier degré,Groupe scolaire,166.489906860567,-22.2084828348965,etablissements_publics_nc,22,1702,Yahoué Sud
988,98817,Le Mont-Dore,MONTDORE,0021,École La Rizière 3,ECOLE RIZIERE,0.734,Ecole primaire La Rizière,89 RUE DU VIEUX PONT,ENSEIGNEMENT ET FORMATION,Enseignement du premier degré,Ecole élémentaire,166.573975497183,-22.2332233282141,etablissements_publics_nc,30,1710,La Coulée Nord
988,98817,Le Mont-Dore,MONTDORE,0022,École de la Briqueterie 1,ECOLE BRIQUETERIE,0.756,Groupe scolaire La Briquetterie,297 RUE DES ROSEAUX,ENSEIGNEMENT ET FORMATION,Enseignement du premier degré,Groupe scolaire,166.566445622614,-22.2625090934915,etablissements_publics_nc,32,1712,Vallon Dore
988,98817,Le Mont-Dore,MONTDORE,0023,École de la Briqueterie 2,ECOLE BRIQUETERIE,0.756,Groupe scolaire La Briquetterie,297 RUE DES ROSEAUX,ENSEIGNEMENT ET FORMATION,Enseignement du premier degré,Groupe scolaire,166.566445622614,-22.2625090934915,etablissements_publics_nc,32,1712,Vallon Dore
988,98817,Le Mont-Dore,MONTDORE,0024,Mairie 2,MAIRIE,0.98,Mairie du Mont-Dore,4468 AVENUE DES DEUX BAIES,ADMINISTRATION ET ORGANISME,Administrations des collectivités,Administration de la commune de Mont-Dore,166.523259425452,-22.2297495527098,etablissements_publics_nc,27,1707,Boulari
988,98817,Le Mont-Dore,MONTDORE,0025,Groupe scolaire de Yahoué,GROUPE SCOLAIRE YAHOUE,1,Groupe scolaire de Yahoué,264 RUE DES OPUI,ENSEIGNEMENT ET FORMATION,Enseignement du premier degré,Groupe scolaire,166.489906860567,-22.2084828348965,etablissements_publics_nc,22,1702,Yahoué Sud
988,98818,Nouméa,NOUMEA,0001,Mairie 1,MAIRIE,0.93,Hôtel de Ville de Nouméa,16 RUE DU GENERAL MANGIN,ADMINISTRATION ET ORGANISME,Administrations des collectivités,Administration de la commune de Nouméa,166.439401925184,-22.2714056104229,etablissements_publics_nc,58,1822,Centre ville
988,98818,Nouméa,NOUMEA,0002,Mairie 2,MAIRIE,0.93,Hôtel de Ville de Nouméa,16 RUE DU GENERAL MANGIN,ADMINISTRATION ET ORGANISME,Administrations des collectivités,Administration de la commune de Nouméa,166.439401925184,-22.2714056104229,etablissements_publics_nc,58,1822,Centre ville
988,98818,Nouméa,NOUMEA,0003,École Frédéric SURLEAU,ECOLE FREDERIC SURLEAU,0.836,Ecole Frédéric SURLEAU,5 RUE FREDERIC SURLEAU,ENSEIGNEMENT ET FORMATION,Enseignement du premier degré,Ecole élémentaire,166.446180272936,-22.2732842135737,etablissements_publics_nc,58,1822,Centre ville
988,98818,Nouméa,NOUMEA,0004,École Marguerite LEFRANCOIS,ECOLE MARGUERITE LEFRANCOIS,0.821,Ecole Marguerite LEFRANCOIS,8 RUE FRANCOIS ECORCHON,ENSEIGNEMENT ET FORMATION,Enseignement du premier degré,Ecole pré-élémentaire,166.446044574066,-22.2859909097298,etablissements_publics_nc,45,1809,Orphelinat
988,98818,Nouméa,NOUMEA,0005,École Yvonne DUPONT 1,ECOLE YVONNE DUPONT,0.98,Parc école Yvonne DUPONT,2 RUE MARCELLIN LACABANNE,PARC ESPACE PUBLIC ET LOISIR,Parcs et espaces verts,Parc,166.442173657352,-22.2926748814035,etablissements_publics_nc,42,1806,Motor Pool - Receiving
988,98818,Nouméa,NOUMEA,0006,École Eloi FRANC 1,ECOLE ELOI FRANC,0.83,Ecole Eloi FRANC,10 RUE PIERRE SAUVAN,ENSEIGNEMENT ET FORMATION,Enseignement du premier degré,Ecole primaire,166.447826467842,-22.2974281428095,etablissements_publics_nc,39,1803,Anse Vata Est
988,98818,Nouméa,NOUMEA,0007,École Eloi FRANC 2,ECOLE ELOI FRANC,0.83,Ecole Eloi FRANC,10 RUE PIERRE SAUVAN,ENSEIGNEMENT ET FORMATION,Enseignement du premier degré,Ecole primaire,166.447826467842,-22.2974281428095,etablissements_publics_nc,39,1803,Anse Vata Est
988,98818,Nouméa,NOUMEA,0008,École Fernande LERICHE 1,ECOLE FERNANDE LERICHE,0.836,Ecole Fernande LERICHE,13 RUE PIERRE SAUVAN,ENSEIGNEMENT ET FORMATION,Enseignement du premier degré,Ecole élémentaire,166.448431376266,-22.2984740950672,etablissements_publics_nc,39,1803,Anse Vata Est
988,98818,Nouméa,NOUMEA,0009,École Fernande LERICHE 2,ECOLE FERNANDE LERICHE,0.836,Ecole Fernande LERICHE,13 RUE PIERRE SAUVAN,ENSEIGNEMENT ET FORMATION,Enseignement du premier degré,Ecole élémentaire,166.448431376266,-22.2984740950672,etablissements_publics_nc,39,1803,Anse Vata Est
988,98818,Nouméa,NOUMEA,0010,École Jean MERMOUD 1,ECOLE JEAN MERMOUD,0.85,Ecole Jean MERMOUD,19 RUE MICHEL KAUMA,ENSEIGNEMENT ET FORMATION,Enseignement du premier degré,Ecole primaire,166.454827725543,-22.2956844604928,etablissements_publics_nc,43,1807,N'Géa
988,98818,Nouméa,NOUMEA,0011,École Jean MERMOUD 2,ECOLE JEAN MERMOUD,0.85,Ecole Jean MERMOUD,19 RUE MICHEL KAUMA,ENSEIGNEMENT ET FORMATION,Enseignement du premier degré,Ecole primaire,166.454827725543,-22.2956844604928,etablissements_publics_nc,43,1807,N'Géa
988,98818,Nouméa,NOUMEA,0012,École Ernest RISBEC 1,ECOLE ERNEST RISBEC,0.859,Ecole Ernest RISBEC,19 RUE DU COMMANDANT RIVIERE,ENSEIGNEMENT ET FORMATION,Enseignement du premier degré,Ecole primaire,166.451704940929,-22.2838445188063,etablissements_publics_nc,44,1808,Trianon
988,98818,Nouméa,NOUMEA,0013,École Ernest RISBEC 2,ECOLE ERNEST RISBEC,0.859,Ecole Ernest RISBEC,19 RUE DU COMMANDANT RIVIERE,ENSEIGNEMENT ET FORMATION,Enseignement du premier degré,Ecole primaire,166.451704940929,-22.2838445188063,etablissements_publics_nc,44,1808,Trianon
988,98818,Nouméa,NOUMEA,0014,École Paul BOYER 1,ECOLE PAUL BOYER,0.812,Ecole Paul BOYER,10 RUE BOUGAINVILLE,ENSEIGNEMENT ET FORMATION,Enseignement du premier degré,Groupe scolaire,166.452482969153,-22.2781620536236,etablissements_publics_nc,47,1811,Faubourg Blanchot
988,98818,Nouméa,NOUMEA,0015,École les CAPUCINES,ECOLE CAPUCINES,0.8,Ecole LES CAPUCINES,41 RUE TARAGNAT,ENSEIGNEMENT ET FORMATION,Enseignement du premier degré,Groupe scolaire,166.457228804171,-22.2753677119578,etablissements_publics_nc,49,1813,Vallée des Colons Sud Ouest
988,98818,Nouméa,NOUMEA,0016,École Candide KOCH 1,ECOLE CANDIDE KOCH,0.833,Ecole Candide KOCH,33 RUE TARAGNAT,ENSEIGNEMENT ET FORMATION,Enseignement du premier degré,Groupe scolaire,166.456450040223,-22.2745660873879,etablissements_publics_nc,49,1813,Vallée des Colons Sud Ouest
988,98818,Nouméa,NOUMEA,0017,École Candide KOCH 2,ECOLE CANDIDE KOCH,0.833,Ecole Candide KOCH,33 RUE TARAGNAT,ENSEIGNEMENT ET FORMATION,Enseignement du premier degré,Groupe scolaire,166.456450040223,-22.2745660873879,etablissements_publics_nc,49,1813,Vallée des Colons Sud Ouest
988,98818,Nouméa,NOUMEA,0018,École Emily PANNE 1,ECOLE EMILY PANNE,0.841,Ecole Emily PANNE,115 RUE AUGUSTE BENEBIG,ENSEIGNEMENT ET FORMATION,Enseignement du premier degré,Ecole primaire,166.454860512437,-22.2689261325801,etablissements_publics_nc,56,1820,Vallée des Colons Nord Est
988,98818,Nouméa,NOUMEA,0019,École Emily PANNE 2,ECOLE EMILY PANNE,0.841,Ecole Emily PANNE,115 RUE AUGUSTE BENEBIG,ENSEIGNEMENT ET FORMATION,Enseignement du premier degré,Ecole primaire,166.454860512437,-22.2689261325801,etablissements_publics_nc,56,1820,Vallée des Colons Nord Est
988,98818,Nouméa,NOUMEA,0020,École Antoinette CHARBONNEAUX,ECOLE ANTOINETTE CHARBONNEAUX,0.879,Ecole Antoinette CHARBONNEAUX,1 RUE ANDRE ROLLY,ENSEIGNEMENT ET FORMATION,Enseignement du premier degré,Ecole élémentaire,166.46666463723,-22.273716213111,etablissements_publics_nc,52,1816,Magenta Tours
988,98818,Nouméa,NOUMEA,0021,École Marie HAVET 1,ECOLE MARIE HAVET,0.841,Ecole Marie HAVET,231 RUE ARNOLD DALY,ENSEIGNEMENT ET FORMATION,Enseignement du premier degré,Ecole primaire,166.471138313555,-22.2828880563017,etablissements_publics_nc,54,1818,Ouémo
988,98818,Nouméa,NOUMEA,0022,École Marie HAVET 2,ECOLE MARIE HAVET,0.841,Ecole Marie HAVET,231 RUE ARNOLD DALY,ENSEIGNEMENT ET FORMATION,Enseignement du premier degré,Ecole primaire,166.471138313555,-22.2828880563017,etablissements_publics_nc,54,1818,Ouémo
988,98818,Nouméa,NOUMEA,0023,École Christine BOLETTI 1,ECOLE CHRISTINE BOLETTI,0.792,Ecole Christine BOLETTI,10 RUE CHARLES STEINMETZ,ENSEIGNEMENT ET FORMATION,Enseignement du premier degré,Ecole pré-élémentaire,166.465990390657,-22.2661773380247,etablissements_publics_nc,63,1827,Aérodrome Sud
988,98818,Nouméa,NOUMEA,0024,École Christine BOLETTI 2,ECOLE CHRISTINE BOLETTI,0.792,Ecole Christine BOLETTI,10 RUE CHARLES STEINMETZ,ENSEIGNEMENT ET FORMATION,Enseignement du premier degré,Ecole pré-élémentaire,166.465990390657,-22.2661773380247,etablissements_publics_nc,63,1827,Aérodrome Sud
988,98818,Nouméa,NOUMEA,0025,École Michel CACOT 1,ECOLE MICHEL CACOT,0.85,Ecole Michel CACOT,231 RUE ARMAND OHLEN,ENSEIGNEMENT ET FORMATION,Enseignement du premier degré,Ecole primaire,166.463652223431,-22.2662199324801,etablissements_publics_nc,62,1826,Portes de Fer - Sud
988,98818,Nouméa,NOUMEA,0026,École Michel CACOT 2,ECOLE MICHEL CACOT,0.85,Ecole Michel CACOT,231 RUE ARMAND OHLEN,ENSEIGNEMENT ET FORMATION,Enseignement du premier degré,Ecole primaire,166.463652223431,-22.2662199324801,etablissements_publics_nc,62,1826,Portes de Fer - Sud
988,98818,Nouméa,NOUMEA,0027,École Céline TEYSSANDIER de LAUBAREDE,ECOLE CELINE TEYSSANDIER LAUBAREDE,0.933,Ecole primaire Céline TEYSSANDIER DE LAUBAREDE,29 ROUTE DES DEUX VALLEES - RUE JACQUES BARRAU,ENSEIGNEMENT ET FORMATION,Enseignement du premier degré,Ecole primaire,166.445705500987,-22.2640017751327,etablissements_publics_nc,60,1824,Vallée du Tir
988,98818,Nouméa,NOUMEA,0028,École Gustave MOUCHET 1,ECOLE GUSTAVE MOUCHET,0.874,Ecole Gustave MOUCHET,8 RUE DES FRERES CHARPENTIER,ENSEIGNEMENT ET FORMATION,Enseignement du premier degré,Ecole primaire,166.454414703061,-22.2504501881193,etablissements_publics_nc,64,1828,Portes de Fer - Nord
988,98818,Nouméa,NOUMEA,0029,École Gustave MOUCHET 2,ECOLE GUSTAVE MOUCHET,0.874,Ecole Gustave MOUCHET,8 RUE DES FRERES CHARPENTIER,ENSEIGNEMENT ET FORMATION,Enseignement du premier degré,Ecole primaire,166.454414703061,-22.2504501881193,etablissements_publics_nc,64,1828,Portes de Fer - Nord
988,98818,Nouméa,NOUMEA,0030,École Mathilde BROQUET 1,ECOLE MATHILDE BROQUET,0.836,Ecole Mathilde BROQUET,24 RUE PIERRE ARTIGUE,ENSEIGNEMENT ET FORMATION,Enseignement du premier degré,Ecole élémentaire,166.467549840387,-22.256293239868,etablissements_publics_nc,63,1827,Aérodrome Sud
988,98818,Nouméa,NOUMEA,0031,École Marie COURTOT 1,ECOLE MARIE COURTOT,0.859,Ecole Marie COURTOT,234 RUE JACQUES IEKAWE,ENSEIGNEMENT ET FORMATION,Enseignement du premier degré,Ecole primaire,166.470464378859,-22.2425220070829,etablissements_publics_nc,70,1834,PK 6 Nord
988,98818,Nouméa,NOUMEA,0032,École Marie COURTOT 2,ECOLE MARIE COURTOT,0.859,Ecole Marie COURTOT,234 RUE JACQUES IEKAWE,ENSEIGNEMENT ET FORMATION,Enseignement du premier degré,Ecole primaire,166.470464378859,-22.2425220070829,etablissements_publics_nc,70,1834,PK 6 Nord
988,98818,Nouméa,NOUMEA,0033,École Robert BURCK,ECOLE ROBERT BURCK,0.833,Ecole Robert BURCK,3 RUE DU CAPITAINE VIDAL,ENSEIGNEMENT ET FORMATION,Enseignement du premier degré,Groupe scolaire,166.463601949873,-22.2382604330193,etablissements_publics_nc,69,1833,Riviére Salée Sud
988,98818,Nouméa,NOUMEA,0034,École les ROSES,ECOLE ROSES,0.633,Ecole FILANTE,8 RUE MARCELLIN LACABANNE,ENSEIGNEMENT ET FORMATION,Enseignement du premier degré,Autre structure scolaire,166.443135087106,-22.2929071476207,etablissements_publics_nc,42,1806,Motor Pool - Receiving
988,98818,Nouméa,NOUMEA,0035,École les ŒILLETS,ECOLE ILLETS,0.77,Ecole FILANTE,8 RUE MARCELLIN LACABANNE,ENSEIGNEMENT ET FORMATION,Enseignement du premier degré,Autre structure scolaire,166.443135087106,-22.2929071476207,etablissements_publics_nc,42,1806,Motor Pool - Receiving
988,98818,Nouméa,NOUMEA,0036,École Jacques TROUILLOT,ECOLE JACQUES TROUILLOT,0.886,Ecole Jacques TROUILLOT,15 RUE NOELAT,ENSEIGNEMENT ET FORMATION,Enseignement du premier degré,Ecole primaire,166.471000599479,-22.2283599819501,etablissements_publics_nc,74,1838,Riviére Salée Nord Est
988,98818,Nouméa,NOUMEA,0037,École Mauricette DEVAMBEZ 1,ECOLE MAURICETTE DEVAMBEZ,0.627,Ecole Michel AMIOT,12 RUE DE PRONY,ENSEIGNEMENT ET FORMATION,Enseignement du premier degré,Ecole primaire,166.468616034294,-22.2680303864914,etablissements_publics_nc,53,1817,Magenta Est
988,98818,Nouméa,NOUMEA,0038,École Mauricette DEVAMBEZ 2,ECOLE MAURICETTE DEVAMBEZ,0.627,Ecole Michel AMIOT,12 RUE DE PRONY,ENSEIGNEMENT ET FORMATION,Enseignement du premier degré,Ecole primaire,166.468616034294,-22.2680303864914,etablissements_publics_nc,53,1817,Magenta Est
988,98818,Nouméa,NOUMEA,0039,École Adrienne LOMONT 1,ECOLE ADRIENNE LOMONT,0.874,Ecole Adrienne LOMONT,10B RUE DU MARECHAL LYAUTEY,ENSEIGNEMENT ET FORMATION,Enseignement du premier degré,Ecole primaire,166.484157216578,-22.2206462260252,etablissements_publics_nc,76,1840,Normandie Nord
988,98818,Nouméa,NOUMEA,0040,École Adrienne LOMONT 2,ECOLE ADRIENNE LOMONT,0.874,Ecole Adrienne LOMONT,10B RUE DU MARECHAL LYAUTEY,ENSEIGNEMENT ET FORMATION,Enseignement du premier degré,Ecole primaire,166.484157216578,-22.2206462260252,etablissements_publics_nc,76,1840,Normandie Nord
988,98818,Nouméa,NOUMEA,0041,École Gustave LODS 1,ECOLE GUSTAVE LODS,0.85,Ecole Gustave LODS,63 RUE VARIN,ENSEIGNEMENT ET FORMATION,Enseignement du premier degré,Ecole primaire,166.435430928496,-22.2381371662114,etablissements_publics_nc,79,1843,Logicoop
988,98818,Nouméa,NOUMEA,0042,École Gustave LODS 2,ECOLE GUSTAVE LODS,0.85,Ecole Gustave LODS,63 RUE VARIN,ENSEIGNEMENT ET FORMATION,Enseignement du premier degré,Ecole primaire,166.435430928496,-22.2381371662114,etablissements_publics_nc,79,1843,Logicoop
988,98818,Nouméa,NOUMEA,0043,École Daniel TALON,ECOLE DANIEL TALON,0.8,Ecole Daniel TALON,5 RUE PIERRE ISSAMATRO,ENSEIGNEMENT ET FORMATION,Enseignement du premier degré,Ecole élémentaire,166.429735177846,-22.2343498153878,etablissements_publics_nc,79,1843,Logicoop
988,98818,Nouméa,NOUMEA,0044,École Louise VERGES,ECOLE LOUISE VERGES,0.615,Ecole Serge LAIGLE,7 RUE GEORGES LEQUES,ENSEIGNEMENT ET FORMATION,Enseignement du premier degré,Ecole primaire,166.486016745804,-22.2343408388225,etablissements_publics_nc,71,1835,Tina
988,98818,Nouméa,NOUMEA,0045,École Mathilde BROQUET 2,ECOLE MATHILDE BROQUET,0.836,Ecole Mathilde BROQUET,24 RUE PIERRE ARTIGUE,ENSEIGNEMENT ET FORMATION,Enseignement du premier degré,Ecole élémentaire,166.467549840387,-22.256293239868,etablissements_publics_nc,63,1827,Aérodrome Sud
988,98818,Nouméa,NOUMEA,0046,École Yvonne DUPONT 2,ECOLE YVONNE DUPONT,0.98,Parc école Yvonne DUPONT,2 RUE MARCELLIN LACABANNE,PARC ESPACE PUBLIC ET LOISIR,Parcs et espaces verts,Parc,166.442173657352,-22.2926748814035,etablissements_publics_nc,42,1806,Motor Pool - Receiving
988,98818,Nouméa,NOUMEA,0047,École Paul BOYER 2,ECOLE PAUL BOYER,0.812,Ecole Paul BOYER,10 RUE BOUGAINVILLE,ENSEIGNEMENT ET FORMATION,Enseignement du premier degré,Groupe scolaire,166.452482969153,-22.2781620536236,etablissements_publics_nc,47,1811,Faubourg Blanchot
988,98818,Nouméa,NOUMEA,0048,École Marguerite ARSAPIN,ECOLE MARGUERITE ARSAPIN,0.74,Ecole Marguerite CARLIER,14 RUE DE BOUGAINVILLE,ENSEIGNEMENT ET FORMATION,Enseignement du premier degré,Groupe scolaire,166.454280714904,-22.2790060967446,etablissements_publics_nc,47,1811,Faubourg Blanchot
988,98818,Nouméa,NOUMEA,0049,École les PERVENCHES,ECOLE PERVENCHES,0.717,Ecole LES PERVENCHES,4 RUE PIERRE ARTIGUE,ENSEIGNEMENT ET FORMATION,Enseignement du premier degré,Ecole pré-élémentaire,166.463935144665,-22.2575766179093,etablissements_publics_nc,62,1826,Portes de Fer - Sud
988,98818,Nouméa,NOUMEA,0050,École Albert PERRAUD,ECOLE ALBERT PERRAUD,0.866,Ecole Albert PERRAUD,1 RUE HENRI BAUDOEUF,ENSEIGNEMENT ET FORMATION,Enseignement du premier degré,Ecole primaire,166.467888234029,-22.2619636836771,etablissements_publics_nc,63,1827,Aérodrome Sud
988,98818,Nouméa,NOUMEA,0051,École Michel AMIOT,ECOLE MICHEL AMIOT,0.85,Ecole Michel AMIOT,12 RUE DE PRONY,ENSEIGNEMENT ET FORMATION,Enseignement du premier degré,Ecole primaire,166.468616034294,-22.2680303864914,etablissements_publics_nc,53,1817,Magenta Est
988,98818,Nouméa,NOUMEA,0052,École Charles BICHON,ECOLE CHARLES BICHON,0.819,Ecole Charles BICHON,82 AVENUE DU GENERAL DE GAULLE,ENSEIGNEMENT ET FORMATION,Enseignement du premier degré,Ecole élémentaire,166.443767790723,-22.2808132680625,etablissements_publics_nc,45,1809,Orphelinat
988,98818,Nouméa,NOUMEA,0053,École les LYS,ECOLE LYS,0.686,Ecole FILANTE,8 RUE MARCELLIN LACABANNE,ENSEIGNEMENT ET FORMATION,Enseignement du premier degré,Autre structure scolaire,166.443135087106,-22.2929071476207,etablissements_publics_nc,42,1806,Motor Pool - Receiving
988,98818,Nouméa,NOUMEA,0054,École le PETIT POUCET,ECOLE PETIT POUCET,0.762,Espace vert petit poucet,1 RUE DURMONT-D'URVILLE,PARC ESPACE PUBLIC ET LOISIR,Parcs et espaces verts,Espace vert,166.446452105063,-22.2638462676659,etablissements_publics_nc,60,1824,Vallée du Tir
988,98818,Nouméa,NOUMEA,0055,École Serge LAIGLE,ECOLE SERGE LAIGLE,0.85,Ecole Serge LAIGLE,7 RUE GEORGES LEQUES,ENSEIGNEMENT ET FORMATION,Enseignement du premier degré,Ecole primaire,166.486016745804,-22.2343408388225,etablissements_publics_nc,71,1835,Tina
988,98818,Nouméa,NOUMEA,0056,École Guy CHAMPMOREAU,ECOLE GUY CHAMPMOREAU,0.874,Ecole Guy CHAMPMOREAU,17 RUE PASCAL SIHAZE,ENSEIGNEMENT ET FORMATION,Enseignement du premier degré,Ecole primaire,166.452313565802,-22.2892161943525,etablissements_publics_nc,43,1807,N'Géa
988,98818,Nouméa,NOUMEA,0057,Mairie 3,MAIRIE,0.93,Hôtel de Ville de Nouméa,16 RUE DU GENERAL MANGIN,ADMINISTRATION ET ORGANISME,Administrations des collectivités,Administration de la commune de Nouméa,166.439401925184,-22.2714056104229,etablissements_publics_nc,58,1822,Centre ville
988,98819,Ouégoa,OUEGOA,0001,Mairie,MAIRIE,0.7,OUEGOA,Ouégoa,LIEU_DIT_NC,VILLE,,164.43943670837254,-20.34408534785039,tribus_villages_nc,82,1901,Ouégoa village - Balagam - Paraoua - Tarap
988,98819,Ouégoa,OUEGOA,0002,Bondé,BONDE,1,Bondé,Ouégoa,LIEU_DIT_NC,LDH,Bodé,164.4324943000077,-20.429158724947957,tribus_villages_nc,84,1903,Bondé
988,98819,Ouégoa,OUEGOA,0003,Paimboas,PAIMBOAS,0.99,Ouénia,Ouégoa,ARRETE_MANUAL,TRIBU,Wénya,164.52279333171543,-20.52170436626958,arrete_manual_tribus,84,1903,Bondé
988,98819,Ouégoa,OUEGOA,0004,Tiari,TIARI,1,Tiari,Ouégoa,LIEU_DIT_NC,TRIBU,Ciari,164.3468221527753,-20.245820839427363,tribus_villages_nc,83,1902,Pam - Tiari
988,98820,Ouvéa,OUVEA,0001,Mairie,MAIRIE,,,,,,,166.5351802059145,-20.652759156712985,arrete_manual_tribus,86,2002,Fayaoué
988,98820,Ouvéa,OUVEA,0002,Fayaoué,FAYAOUE,1,Fayaoué,Ouvéa,LIEU_DIT_NC,TRIBU,Fajawe,166.5351802059145,-20.652759156712985,tribus_villages_nc,86,2002,Fayaoué
988,98820,Ouvéa,OUVEA,0003,Heo,HEO,1,St Joseph,Ouvéa,LIEU_DIT_NC,TRIBU,Heo,166.60278918905198,-20.44905017069691,tribus_villages_nc,85,2001,Saint Joseph Gossanah Takedji
988,98820,Ouvéa,OUVEA,0004,Mouli,MOULI,1,Mouli,Ouvéa,LIEU_DIT_NC,TRIBU,Muli,166.42132025613634,-20.72325484847604,tribus_villages_nc,87,2003,Mouli
988,98820,Ouvéa,OUVEA,0005,Wénéki,WENEKI,1,Weneki,Ouvéa,LIEU_DIT_NC,TRIBU,,166.61213110267843,-20.44626073917101,tribus_villages_nc,85,2001,Saint Joseph Gossanah Takedji
988,98820,Ouvéa,OUVEA,0006,Ognahut,OGNAHUT,1,Ognahut,Ouvéa,LIEU_DIT_NC,TRIBU,Hanyââû,166.55961927804398,-20.65637156152609,tribus_villages_nc,86,2002,Fayaoué
988,98820,Ouvéa,OUVEA,0007,Lekine,LEKINE,1,Lekine,Ouvéa,LIEU_DIT_NC,TRIBU,Lekiny,166.49017173263093,-20.69359693939266,tribus_villages_nc,87,2003,Mouli
988,98821,Païta,PAITA,0001,Dock socio-culturel 1,DOCK SOCIO CULTUREL,0.973,Dock socioculturel,AVENUE JAMES PADDON,CULTUREL ET SOCIO EDUCATIF,Equipements culturels,Centre culturel maison culturelle et centre d'art,166.366370328351,-22.1294955354086,etablissements_publics_nc,91,2101,Paita centre
988,98821,Païta,PAITA,0002,Dock socio-culturel 2,DOCK SOCIO CULTUREL,0.973,Dock socioculturel,AVENUE JAMES PADDON,CULTUREL ET SOCIO EDUCATIF,Equipements culturels,Centre culturel maison culturelle et centre d'art,166.366370328351,-22.1294955354086,etablissements_publics_nc,91,2101,Paita centre
988,98821,Païta,PAITA,0003,Dock socio-culturel 3,DOCK SOCIO CULTUREL,0.973,Dock socioculturel,AVENUE JAMES PADDON,CULTUREL ET SOCIO EDUCATIF,Equipements culturels,Centre culturel maison culturelle et centre d'art,166.366370328351,-22.1294955354086,etablissements_publics_nc,91,2101,Paita centre
988,98821,Païta,PAITA,0004,Dock socio-culturel 4,DOCK SOCIO CULTUREL,0.973,Dock socioculturel,AVENUE JAMES PADDON,CULTUREL ET SOCIO EDUCATIF,Equipements culturels,Centre culturel maison culturelle et centre d'art,166.366370328351,-22.1294955354086,etablissements_publics_nc,91,2101,Paita centre
988,98821,Païta,PAITA,0005,Dock socio-culturel 5,DOCK SOCIO CULTUREL,0.973,Dock socioculturel,AVENUE JAMES PADDON,CULTUREL ET SOCIO EDUCATIF,Equipements culturels,Centre culturel maison culturelle et centre d'art,166.366370328351,-22.1294955354086,etablissements_publics_nc,91,2101,Paita centre
988,98821,Païta,PAITA,0006,Mairie,MAIRIE,0.98,Mairie de Païta,,ADMINISTRATION ET ORGANISME,Administrations des collectivités,Administration de la commune de Païta,166.361658608639,-22.1291986951984,etablissements_publics_nc,91,2101,Paita centre
988,98821,Païta,PAITA,0007,École Vi Vete,ECOLE VI VETE,0.669,Ecole maternelle Vi-Vete,,ENSEIGNEMENT ET FORMATION,Enseignement du premier degré,Ecole pré-élémentaire,166.356291724406,-22.134484419519,etablissements_publics_nc,91,2101,Paita centre
988,98821,Païta,PAITA,0008,École James Paddon,ECOLE JAMES PADDON,0.8,Ecole James Paddon,,ENSEIGNEMENT ET FORMATION,Enseignement du premier degré,Ecole élémentaire,166.359353160601,-22.1337644237458,etablissements_publics_nc,91,2101,Paita centre
988,98821,Païta,PAITA,0009,École élémentaire Scheffleras 1,ECOLE ELEMENTAIRE SCHEFFLERAS,1,Ecole Scheffleras,,ENSEIGNEMENT ET FORMATION,Enseignement du premier degré,Ecole élémentaire,166.36989887391,-22.1257398247667,etablissements_publics_nc,92,2102,Scheffleras
988,98821,Païta,PAITA,0010,École élémentaire Scheffleras 2,ECOLE ELEMENTAIRE SCHEFFLERAS,1,Ecole Scheffleras,,ENSEIGNEMENT ET FORMATION,Enseignement du premier degré,Ecole élémentaire,166.36989887391,-22.1257398247667,etablissements_publics_nc,92,2102,Scheffleras
988,98821,Païta,PAITA,0011,École maternelle Scheffleras 1,ECOLE MATERNELLE SCHEFFLERAS,0.787,Ecole Scheffleras,,ENSEIGNEMENT ET FORMATION,Enseignement du premier degré,Ecole élémentaire,166.36989887391,-22.1257398247667,etablissements_publics_nc,92,2102,Scheffleras
988,98821,Païta,PAITA,0012,École maternelle Scheffleras 2,ECOLE MATERNELLE SCHEFFLERAS,0.787,Ecole Scheffleras,,ENSEIGNEMENT ET FORMATION,Enseignement du premier degré,Ecole élémentaire,166.36989887391,-22.1257398247667,etablissements_publics_nc,92,2102,Scheffleras
988,98821,Païta,PAITA,0013,École primaire Jean Ounou COTTIN 1,ECOLE PRIMAIRE JEAN OUNOU COTTIN,0.8,Groupe scolaire Jean Ounou COTTIN,,ENSEIGNEMENT ET FORMATION,Enseignement du premier degré,Groupe scolaire,166.265966445473,-22.0605318544913,etablissements_publics_nc,96,2106,Tamoa Bangou Saint Laurent
988,98821,Païta,PAITA,0014,École primaire Jean Ounou COTTIN 2,ECOLE PRIMAIRE JEAN OUNOU COTTIN,0.8,Groupe scolaire Jean Ounou COTTIN,,ENSEIGNEMENT ET FORMATION,Enseignement du premier degré,Groupe scolaire,166.265966445473,-22.0605318544913,etablissements_publics_nc,96,2106,Tamoa Bangou Saint Laurent
988,98821,Païta,PAITA,0015,Mairie annexe de Tontouta,MAIRIE ANNEXE TONTOUTA,0.83,Mairie annexe de Païta,,ADMINISTRATION ET ORGANISME,Administrations des collectivités,Administration de la commune de Païta,166.22014428712,-22.0130384994051,etablissements_publics_nc,97,2107,Tontouta Tiaré
988,98821,Païta,PAITA,0016,École Robert Abel- 1,ECOLE ROBERT ABEL,0.8,Ecole Robert ABEL,,ENSEIGNEMENT ET FORMATION,Enseignement du premier degré,Ecole primaire,166.379189029935,-22.1384982889128,etablissements_publics_nc,93,2103,Nogouta-Les 3 Vallées
988,98821,Païta,PAITA,0017,École Robert Abel- 2,ECOLE ROBERT ABEL,0.8,Ecole Robert ABEL,,ENSEIGNEMENT ET FORMATION,Enseignement du premier degré,Ecole primaire,166.379189029935,-22.1384982889128,etablissements_publics_nc,93,2103,Nogouta-Les 3 Vallées
988,98821,Païta,PAITA,0018,Ecole James Paddon 2,ECOLE JAMES PADDON,0.8,Ecole James Paddon,,ENSEIGNEMENT ET FORMATION,Enseignement du premier degré,Ecole élémentaire,166.359353160601,-22.1337644237458,etablissements_publics_nc,91,2101,Paita centre
988,98821,Païta,PAITA,0019,Ecole Jean Ounou Cottin 3,ECOLE JEAN OUNOU COTTIN,0.821,Groupe scolaire Jean Ounou COTTIN,,ENSEIGNEMENT ET FORMATION,Enseignement du premier degré,Groupe scolaire,166.265966445473,-22.0605318544913,etablissements_publics_nc,96,2106,Tamoa Bangou Saint Laurent
988,98822,Poindimié,POINDIMIE,0001,Mairie,MAIRIE,0.7,POINDIMIE,Poindimié,LIEU_DIT_NC,VILLE,Pwêêdi Wiimiâ,165.33315827223544,-20.938215187057807,tribus_villages_nc,102,2201,Poindimié village
988,98822,Poindimié,POINDIMIE,0002,Ouindo,OUINDO,1,Ouindo,Poindimié,LIEU_DIT_NC,TRIBU,Wiidö,165.39928663560227,-20.98624503490911,tribus_villages_nc,104,2204,Tibarama - Bayes - Ouindo - Ometteux - Napoém
988,98822,Poindimié,POINDIMIE,0003,Bayes,BAYES,1,Bayes,Poindimié,LIEU_DIT_NC,TRIBU,Nägèè,165.41027144991733,-20.95108534474138,tribus_villages_nc,104,2204,Tibarama - Bayes - Ouindo - Ometteux - Napoém
988,98822,Poindimié,POINDIMIE,0004,Amoa,AMOA,0.667,Paama,Poindimié,LIEU_DIT_NC,TRIBU,Na ara pô,165.39810099674145,-20.94109090560688,tribus_villages_nc,104,2204,Tibarama - Bayes - Ouindo - Ometteux - Napoém
988,98822,Poindimié,POINDIMIE,0005,Tyé,TYE,1,Tié,Poindimié,LIEU_DIT_NC,TRIBU,Cié,165.2980420173767,-20.900766814763863,tribus_villages_nc,103,2202,Tiéti - Tyé
988,98822,Poindimié,POINDIMIE,0006,Tiwaka,TIWAKA,1,Tiwaka,Poindimié,LIEU_DIT_NC,TRIBU,,165.22299948568272,-20.895132063083377,tribus_villages_nc,103,2202,Tiéti - Tyé
988,98822,Poindimié,POINDIMIE,0007,Tiéti,TIETI,1,Tiéti,Poindimié,LIEU_DIT_NC,TRIBU,Näcètii,165.31101622324238,-20.919563042768107,tribus_villages_nc,103,2202,Tiéti - Tyé
988,98823,Ponérihouen,PONERIHOUEN,0001,Mairie,MAIRIE,0.7,PONERIHOUEN,Ponérihouen,LIEU_DIT_NC,VILLE,Pwäräiriwä,165.40196429415164,-21.070938768181968,tribus_villages_nc,106,2302,Ponérihouen village
988,98823,Ponérihouen,PONERIHOUEN,0002,Monéo,MONEO,1,Monéo,Ponérihouen,LIEU_DIT_NC,TRIBU,Kwéaa,165.47846310724432,-21.150451617013218,tribus_villages_nc,106,2302,Ponérihouen village
988,98823,Ponérihouen,PONERIHOUEN,0003,Tchamba,TCHAMBA,1,Tchamba,Ponérihouen,LIEU_DIT_NC,TRIBU,(Câba),165.2930233618618,-21.038585818858223,tribus_villages_nc,107,2303,Goyetta - Goa - Nébouéba - St Yves
988,98823,Ponérihouen,PONERIHOUEN,0004,Goa (maison commune),GOA MAISON COMMUNE,0.95,Goa,Ponérihouen,LIEU_DIT_NC,TRIBU,Göröwâméadù,165.30971500397104,-21.10629747908845,tribus_villages_nc,107,2303,Goyetta - Goa - Nébouéba - St Yves
988,98823,Ponérihouen,PONERIHOUEN,0005,Grondu (maison commune),GRONDU MAISON COMMUNE,0.95,Grondu,Ponérihouen,LIEU_DIT_NC,TRIBU,Göröidù,165.38976794045686,-21.076609909810266,tribus_villages_nc,106,2302,Ponérihouen village
988,98823,Ponérihouen,PONERIHOUEN,0006,Mou (chefferie),MOU CHEFFERIE,0.95,Mou,Ponérihouen,LIEU_DIT_NC,TRIBU,Aupatöriba,165.44259083569398,-21.09696482410325,tribus_villages_nc,106,2302,Ponérihouen village
988,98823,Ponérihouen,PONERIHOUEN,0007,Goyetta Commune de POUEBO,GOYETTA COMMUNE POUEBO,0.95,Pöö,Ponérihouen,LIEU_DIT_NC,TRIBU,Pwënîrî wâdé,165.38150315716302,-21.17209523739158,tribus_villages_nc,106,2302,Ponérihouen village
988,98824,Pouébo,POUEBO,0001,Mairie,MAIRIE,0.7,POUEBO,Pouébo,LIEU_DIT_NC,VILLE,,164.5872015210802,-20.399273159074973,tribus_villages_nc,109,2401,Pouébo village - St Ferdinand - St Louis
988,98824,Pouébo,POUEBO,0002,Saint Denis Ballade,SAINT DENIS BALLADE,0.973,St Denis,Pouébo,LIEU_DIT_NC,TRIBU,,164.49963895578423,-20.310000557096696,tribus_villages_nc,109,2401,Pouébo village - St Ferdinand - St Louis
988,98824,Pouébo,POUEBO,0003,Yambé,YAMBE,1,Yambé,Pouébo,LIEU_DIT_NC,TRIBU,Yabé,164.658766232452,-20.439464504971355,tribus_villages_nc,110,2402,Tchamboéne - Diahoué - Colnett
988,98824,Pouébo,POUEBO,0004,Saint-Louis,SAINT LOUIS,1,St Louis,Pouébo,LIEU_DIT_NC,TRIBU,,164.56475883280652,-20.370617010719258,tribus_villages_nc,109,2401,Pouébo village - St Ferdinand - St Louis
988,98824,Pouébo,POUEBO,0005,Colnett - maison commune,COLNETT MAISON COMMUNE,0.95,Colnett,Pouébo,LIEU_DIT_NC,TRIBU,,164.73002659765442,-20.4756971674156,tribus_villages_nc,110,2402,Tchamboéne - Diahoué - Colnett
988,98825,Pouembout,POUEMBOUT,0001,Mairie,MAIRIE,0.98,Mairie de Pouembout,302 AVENUE DE POUEMBOUT,ADMINISTRATION ET ORGANISME,Administrations des collectivités,Administration de la commune de Pouembout,164.901099514933,-21.1214333298182,etablissements_publics_nc,112,2501,Pouembout village
988,98825,Pouembout,POUEMBOUT,0002,Paouta,PAOUTA,0.93,Maison commune de Paouta,,CULTUREL ET SOCIO EDUCATIF,Equipements socio-éducatifs et socio-culturels,Maison de jeune et maison de quartier,165.004824198459,-21.061258041708,etablissements_publics_nc,113,2503,Pinda - Ouaté - Kopéto
988,98826,Poum,POUM,0001,Mairie,MAIRIE,0.7,POUM,Poum,LIEU_DIT_NC,VILLE,,164.02565823453438,-20.232335490929035,tribus_villages_nc,114,2601,Poum du village - Poingam
988,98826,Poum,POUM,0002,Tiabet,TIABET,1,Tiabet,Poum,LIEU_DIT_NC,TRIBU,Cavet,164.0259384508845,-20.127138518272172,tribus_villages_nc,114,2601,Poum du village - Poingam
988,98826,Poum,POUM,0003,École catholique d’Arama,ECOLE CATHOLIQUE D ARAMA,0.95,Arama,Poum,LIEU_DIT_NC,LDH,Aramwâ,164.20258021961365,-20.252916819670393,tribus_villages_nc,115,2603,Bouarou - Pangai - Narai
988,98827,Poya,POYA,0001,,,0.99,Népoui,Poya,ARRETE_MANUAL,VILLE,,164.99768585786552,-21.326893497720405,arrete_manual_tribus,116,2701,Poya villageé Népoui
988,98827,Poya,POYA,0002,,,0.99,Goipin,Poya,ARRETE_MANUAL,TRIBU,,165.27390161257972,-21.22505994951149,arrete_manual_tribus,117,2705,Gohapin - Montfaoué - Néklia - Kradji
988,98827,Poya,POYA,0003,,,0.99,Népoui,Poya,ARRETE_MANUAL,VILLE,,164.99768585786552,-21.326893497720405,arrete_manual_tribus,116,2701,Poya villageé Népoui
988,98827,Poya,POYA,0004,,,0.99,Montfaoué,Poya,ARRETE_MANUAL,TRIBU,,165.2933124776928,-21.277955211764784,arrete_manual_tribus,117,2705,Gohapin - Montfaoué - Néklia - Kradji
988,98827,Poya,POYA,0005,,,0.99,Moindah,Poya,ARRETE_MANUAL,LDH,,165.2454695470807,-21.4084575263513,arrete_manual_tribus,118,2706,Poya Sud
988,98827,Poya,POYA,0006,,,0.99,Nekliaï,Poya,ARRETE_MANUAL,TRIBU,Nékilyai,165.1862986905251,-21.29493580556391,arrete_manual_tribus,117,2705,Gohapin - Montfaoué - Néklia - Kradji
988,98828,Sarraméa,SARRAMEA,0001,Mairie,MAIRIE,0.7,SARRAMEA,Sarraméa,LIEU_DIT_NC,VILLE,Chara Méa,165.85386596919105,-21.642344787633757,tribus_villages_nc,119,2801,Sarraméa
988,98829,Thio,THIO,0001,Mairie,MAIRIE,0.7,THIO,Thio,LIEU_DIT_NC,VILLE,Cö,166.21553174553168,-21.610374938390603,tribus_villages_nc,120,2901,Thio village
988,98829,Thio,THIO,0002,Mairie,MAIRIE,0.7,THIO,Thio,LIEU_DIT_NC,VILLE,Cö,166.21553174553168,-21.610374938390603,tribus_villages_nc,120,2901,Thio village
988,98829,Thio,THIO,0003,Grand Borendy,GRAND BORENDY,1,Grand Borindi,Thio,LIEU_DIT_NC,TRIBU,Xöwi,166.45075740277505,-21.738718340168145,tribus_villages_nc,121,2902,Ouindo Borendy
988,98829,Thio,THIO,0004,Saint-Pierre,SAINT PIERRE,1,St Pierre,Thio,LIEU_DIT_NC,TRIBU,Pwimuru,166.14983539215794,-21.67410856554519,tribus_villages_nc,121,2902,Ouindo Borendy
988,98830,Touho,TOUHO,0001,Mairie,MAIRIE,0.7,TOUHO,Touho,LIEU_DIT_NC,VILLE,Tuo,165.23869122747195,-20.77975735338533,tribus_villages_nc,122,3001,Touho village
988,98830,Touho,TOUHO,0002,Tiouandé,TIOUANDE,1,Tiouandé,Touho,LIEU_DIT_NC,TRIBU,Tewaade,165.04706639545026,-20.742192862631615,tribus_villages_nc,123,3003,Tiouandé - Ouanache - Congouma - Paola
988,98830,Touho,TOUHO,0003,Kokingone,KOKINGONE,1,Kokingone,Touho,LIEU_DIT_NC,TRIBU,Ko cèï goon,165.25551905392797,-20.85522530725118,tribus_villages_nc,124,3004,Koe - Kokingone - Tiwaka - Pombéi
988,98830,Touho,TOUHO,0004,Paola,PAOLA,1,Paola,Touho,LIEU_DIT_NC,TRIBU,Pwoï,165.1103595238747,-20.77393379422664,tribus_villages_nc,123,3003,Tiouandé - Ouanache - Congouma - Paola
988,98831,Voh,VOH,0001,Mairie,MAIRIE,0.98,Mairie de Voh,,ADMINISTRATION ET ORGANISME,Administrations des collectivités,Administration de la commune de Voh,164.686182051524,-20.9488288857597,etablissements_publics_nc,129,3101,Voh village - Gatope
988,98831,Voh,VOH,0002,Témala,TEMALA,0.93,Ecole primaire de Témala Ouélisse,,ENSEIGNEMENT ET FORMATION,Enseignement du premier degré,Ecole élémentaire,164.689267929949,-20.87135077045,etablissements_publics_nc,130,3103,Témala
988,98831,Voh,VOH,0003,Ouengo,OUENGO,1,Ouango - Pouépaï,Voh,LIEU_DIT_NC,TRIBU,Hwaago,164.74217311646055,-20.784454291123556,tribus_villages_nc,130,3103,Témala
988,98831,Voh,VOH,0004,Local socio-éducatif de Tieta,LOCAL SOCIO EDUCATIF TIETA,0.846,Foyer socio-éducatif de Tiéta,,CULTUREL ET SOCIO EDUCATIF,Equipements socio-éducatifs et socio-culturels,Foyer socio culturel,164.740133724095,-20.9210724511979,etablissements_publics_nc,131,3106,Tiéta
988,98831,Voh,VOH,0005,Local socio-éducatif de Oundjo,LOCAL SOCIO EDUCATIF OUNDJO,0.821,Foyer socio-éducatif d'Oundjo,,CULTUREL ET SOCIO EDUCATIF,Equipements socio-éducatifs et socio-culturels,Foyer socio culturel,164.697579851987,-21.0373781816945,etablissements_publics_nc,129,3101,Voh village - Gatope
988,98831,Voh,VOH,0006,Local socio-éducatif de Boyen,LOCAL SOCIO EDUCATIF BOYEN,0.717,Foyer socio-éducatif de Gatope,,CULTUREL ET SOCIO EDUCATIF,Equipements socio-éducatifs et socio-culturels,Foyer socio culturel,164.666715225632,-20.9652133930634,etablissements_publics_nc,129,3101,Voh village - Gatope
988,98831,Voh,VOH,0007,Local socio-éducatif de Témala,LOCAL SOCIO EDUCATIF TEMALA,0.755,Foyer socio-éducatif de Tiéta,,CULTUREL ET SOCIO EDUCATIF,Equipements socio-éducatifs et socio-culturels,Foyer socio culturel,164.740133724095,-20.9210724511979,etablissements_publics_nc,131,3106,Tiéta
988,98831,Voh,VOH,0008,,,0.99,Gatope,Voh,ARRETE_MANUAL,TRIBU,Webwihoon,164.66949443382563,-20.965828575807695,arrete_manual_tribus,129,3101,Voh village - Gatope
988,98832,Yaté,YATE,0001,Mairie,MAIRIE,0.7,YATE,Yaté,LIEU_DIT_NC,VILLE,,166.94326054599946,-22.16058963447543,tribus_villages_nc,132,3201,Waho Touaourou Goro
988,98832,Yaté,YATE,0002,Touaourou,TOUAOUROU,1,Touaourou,Yaté,LIEU_DIT_NC,TRIBU,,166.97497872151834,-22.190244269832505,tribus_villages_nc,132,3201,Waho Touaourou Goro
988,98832,Yaté,YATE,0003,Goro,GORO,1,Goro,Yaté,LIEU_DIT_NC,TRIBU,Xéré,167.0163659290303,-22.286011229502463,tribus_villages_nc,132,3201,Waho Touaourou Goro
988,98832,Yaté,YATE,0004,Unia,UNIA,1,Unia,Yaté,LIEU_DIT_NC,TRIBU,,166.89998901288348,-22.06107261844911,tribus_villages_nc,133,3202,Unia Ouinné
988,98833,Kouaoua,KOUAOUA,0001,Mairie,MAIRIE,0.7,KOUAOUA,Kouaoua,LIEU_DIT_NC,VILLE,Aumu,165.82856671021466,-21.396045166693337,tribus_villages_nc,134,3301,Kouaoua village - Amon Kasiori
988,98833,Kouaoua,KOUAOUA,0002,Maison commune de Ouérou-Pimet,MAISON COMMUNE OUEROU PIMET,0.95,Ouéroupimé,Kouaoua,LIEU_DIT_NC,TRIBU,Wérupimé,165.72221294003012,-21.49791198784617,tribus_villages_nc,135,3302,Méa Mébara - Ouérou Pimet
988,98833,Kouaoua,KOUAOUA,0003,Koh,KOH,1,Koh,Kouaoua,LIEU_DIT_NC,TRIBU,,165.83542921955194,-21.536184530370736,tribus_villages_nc,135,3302,Méa Mébara - Ouérou Pimet
988,98833,Kouaoua,KOUAOUA,0004,Méa-Mébara,MEA MEBARA,1,Méa Mébara,Kouaoua,LIEU_DIT_NC,TRIBU,,165.78859040310297,-21.469132110021317,tribus_villages_nc,135,3302,Méa Mébara - Ouérou Pimet
