"scenario_id","scenario","source_id","source_nom","route_id","seg_guid","seg_type","seg_fonction","snap_m","along_from_deb_m","route_length_m","access_deb_m","access_fin_m"
"bureaux_complets","Bureaux de vote habituels","BV0001","MAIRIE 1",6374,"{41FFEF32-ADD7-4F28-97FC-AE00DDE086FA}","VCU","NC",29.6124137721319,65.6664084563591,97.9385488273492,95.278822228491,61.8845541431221
"bureaux_complets","Bureaux de vote habituels","BV0002","MAIRIE 2",5799,"{A1E8C293-2E97-4932-BA6D-16E79B50F5D5}","VCU","NC",21.165150545852,72.3655374400528,103.787873800881,93.5306879859048,52.5874869066803
"bureaux_complets","Bureaux de vote habituels","BV0003","Ecole Frédéric SURLEAU",5898,"{19F27180-AB92-4EA6-90BF-7CDD1595E66B}","VCU","NC",31.8718060716086,25.0408789192252,101.779406602196,56.9126849908338,108.610333754579
"bureaux_complets","Bureaux de vote habituels","BV0004","Ecole Marguerite LEFRANCOIS",6651,"{130A544B-E282-4B13-9F2A-F91E06F914CD}","VCU","NC",47.7917684178279,76.0902184462285,88.9649402158063,123.881986864056,60.6664901874057
"bureaux_complets","Bureaux de vote habituels","BV0005","Ecole Yvonne DUPONT 1",875,"{4870AB15-79C0-4A79-B2E8-A5750302500B}","SP","NC",45.442628580841,273.557265176823,506.01559801735,318.999893757664,277.900961421368
"bureaux_complets","Bureaux de vote habituels","BV0006","Ecole Eloi FRANC 1",1126,"{41E677FA-43FA-4458-B675-43FDC87767DB}","SP","NC",26.7162511109796,37.8737630299834,474.416319601049,64.5900141409629,463.258807682045
"bureaux_complets","Bureaux de vote habituels","BV0007","Ecole Eloi FRANC 2",1126,"{41E677FA-43FA-4458-B675-43FDC87767DB}","SP","NC",30.6285302743615,89.0481253575712,474.416319601049,119.676655631933,415.996724517839
"bureaux_complets","Bureaux de vote habituels","BV0008","Ecole Fernande LERICHE 1",10842,"{7CDB8A81-44AB-4984-A5B3-E744C35761A1}","SP","NC",38.3596865169605,149.527159211793,193.508912573531,187.886845728754,82.3414398786981
"bureaux_complets","Bureaux de vote habituels","BV0009","Ecole Fernande LERICHE 2",1076,"{B508E46F-9B39-449E-A584-A7DEBEF8283B}","SP","NC",37.6917575529605,136.669775627719,227.518487048259,174.36153318068,128.5404689735
"bureaux_complets","Bureaux de vote habituels","BV0010","Ecole Jean MERMOUD 1",9186,"{B0B72C3A-C524-4441-8863-5BC31D5882D9}","VCU","NC",32.584754620007,56.9602716587255,88.2726385998661,89.5450262787325,63.8971215611476
"bureaux_complets","Bureaux de vote habituels","BV0011","Ecole Jean MERMOUD 2",5170,"{41908E88-BF89-4A41-9E33-455D1E5A2A25}","VCU","VL",50.7278045418138,66.9945859864172,105.690106026375,117.722390528231,89.4233245817712
"bureaux_complets","Bureaux de vote habituels","BV0012","Ecole Ernest RISBEC 1",10113,"{111620A5-0133-47F7-839E-63F265AD6437}","VCU","NC",38.1815528435796,60.6464931178579,189.274199427216,98.8280459614375,166.809259152938
"bureaux_complets","Bureaux de vote habituels","BV0013","Ecole Ernest RISBEC 2",6256,"{B6ED75B2-BCB7-4DD1-88D4-96E2130A1C02}","VCU","NC",50.1999268232576,36.6667120850971,163.302536487556,86.8666389083547,176.835751225717
"bureaux_complets","Bureaux de vote habituels","BV0014","Ecole Paul BOYER 1",9379,"{11F890D1-E1EB-4C4A-A558-834F12A80824}","VCU","NC",29.7433642819991,68.6153286061996,104.926935760843,98.3586928881986,66.0549714366421
"bureaux_complets","Bureaux de vote habituels","BV0015","Ecole Les CAPUCINES",930,"{90C88130-445C-4E0A-A6AA-53DB130F455F}","SP","NC",29.5667546213644,50.1924328329584,195.927201556482,79.7591874543228,175.301523344888
"bureaux_complets","Bureaux de vote habituels","BV0016","Ecole Candide KOCH 1",730,"{3A73CA1B-9EA2-4F6E-A3C5-7058C4FDF7E2}","SP","NC",31.6627340000496,148.261948460858,527.15357323834,179.924682460908,410.554358777531
"bureaux_complets","Bureaux de vote habituels","BV0017","Ecole Candide KOCH 2",730,"{3A73CA1B-9EA2-4F6E-A3C5-7058C4FDF7E2}","SP","NC",33.5089757716599,104.397217383896,527.15357323834,137.906193155556,456.265331626104
"bureaux_complets","Bureaux de vote habituels","BV0018","Ecole Suzanne RUSSIER 1",3519,"{F8DAAEB2-F595-451B-90F5-57148F8FF987}","VCU","NC",20.2541715719205,23.9659641299742,88.4293156148175,44.2201357018947,84.7175230567637
"bureaux_complets","Bureaux de vote habituels","BV0019","Ecole Suzanne RUSSIER 2",6421,"{D59036D8-71B2-43FF-B60B-680F711D8E86}","VCU","NC",17.9577144101688,26.3872537861622,150.196166605433,44.3449681963309,141.766627229439
"bureaux_complets","Bureaux de vote habituels","BV0020","Ecole Antoinette CHARBONNEAUX",6570,"{3EB2F582-46B8-41F2-9A5D-2761293C848C}","VCU","NC",35.8159208318981,60.4501804279756,300.988663096683,96.2661012598737,276.354403500606
"bureaux_complets","Bureaux de vote habituels","BV0021","Ecole Marie HAVET 1",6581,"{537A478A-C2E5-4BC4-BDFC-344F5FE5822D}","VCU","VL",29.812702517584,38.7381445901212,77.6423087329624,68.5508471077052,68.7168666604252
"bureaux_complets","Bureaux de vote habituels","BV0022","Ecole Marie HAVET 2",8735,"{794285B0-21DE-4BE5-A9B9-C526936E3FA7}","VCU","VL",29.5849955769873,6.79517244836257,91.3297348026463,36.3801680253498,114.119557931271
"bureaux_complets","Bureaux de vote habituels","BV0023","Ecole Christine BOLETTI 1",1590,"{9AD8908E-6A88-4278-9AD5-D2840D887BF4}","SP","NC",47.7705896198651,133.542345216894,560.726188070181,181.312934836759,474.954432473152
"bureaux_complets","Bureaux de vote habituels","BV0024","Ecole Christine BOLETTI 2",9701,"{9180A066-8EEB-473D-8426-82995C6DF08F}","VCU","NC",27.7001141509904,0,18.8400483949459,27.7001141509904,46.5401625459362
"bureaux_complets","Bureaux de vote habituels","BV0025","Ecole Michel CACOT 1",5755,"{3E2F3451-2949-42F9-B863-9253619BC484}","VCU","NC",32.2858729448069,0,59.5383812226473,32.2858729448069,91.8242541674542
"bureaux_complets","Bureaux de vote habituels","BV0026","Ecole Michel CACOT 2",3516,"{E2C9AA08-314A-47F0-B702-794C1C50E31F}","VCU","NC",28.9164495557806,70.0118924131244,73.5211902586554,98.9283419689051,32.4257474013116
"bureaux_complets","Bureaux de vote habituels","BV0027","Ex-Ecole Céline TEYSSANDIER DE LAUBAREDE",7810,"{4673595C-C01B-44AD-A3F0-D100513B56F9}","VCU","NC",29.8473820898398,85.4074658324072,134.693001522654,115.254847922247,79.1329177800871
"bureaux_complets","Bureaux de vote habituels","BV0028","Ecole Gustave MOUCHET 1",1516,"{2C4D4E17-5E4D-46E1-889F-24DF1C42EA0D}","SP","NC",36.7638034462797,294.431213457034,343.931087066543,331.195016903314,86.2636770557884
"bureaux_complets","Bureaux de vote habituels","BV0029","Ecole Gustave MOUCHET 2",1516,"{2C4D4E17-5E4D-46E1-889F-24DF1C42EA0D}","SP","NC",39.3383179144725,244.493232182616,343.931087066543,283.831550097088,138.776172798399
"bureaux_complets","Bureaux de vote habituels","BV0030","Ecole Mathilde BROQUET 1",7372,"{64394317-CDC9-4384-9FA1-A17CC6B60C8B}","VCU","NC",22.9539546839494,36.8657398589507,139.473039707875,59.8196945429002,125.561254532873
"bureaux_complets","Bureaux de vote habituels","BV0031","Ecole Marie COURTOT 1",3469,"{85356872-E1D4-4B18-B79D-7CE2FFC08DAA}","VCU","VP",91.0592031297889,18.7936211922095,36.6363445333024,109.852824321998,108.901926470882
"bureaux_complets","Bureaux de vote habituels","BV0032","Ecole Marie COURTOT 2",7343,"{AF757F74-2848-4C99-B11A-E65F4287D58D}","VCU","VP",62.0530397916231,94.4369529489337,104.723681691342,156.489992740557,72.3397685340313
"bureaux_complets","Bureaux de vote habituels","BV0033","Ecole Robert BURCK",5643,"{15A17E81-5F90-4FDD-8468-20D5E5615AE6}","VCU","NC",39.6974096636223,78.7904395805723,137.935716025939,118.487849244195,98.842686108989
"bureaux_complets","Bureaux de vote habituels","BV0034","Ecole Les ROSES",1161,"{FACCDB01-C4E7-445D-8FF4-313C17DA3FAE}","SP","NC",25.8052732611469,247.198090770914,469.338439987606,273.003364032061,247.945622477838
"bureaux_complets","Bureaux de vote habituels","BV0035","Ecole Les OEILLETS",10244,"{2BB07A39-A5A0-4C6C-93EC-E1D58535BDDA}","VCU","NC",41.6977614388132,207.594494537568,217.673274929353,249.292255976381,51.776541830598
"bureaux_complets","Bureaux de vote habituels","BV0036","Ecole Jacques TROUILLOT",5818,"{607000B4-810F-4A16-B185-46D7EE23DE1B}","VCU","NC",10.5240668881442,39.355299792398,54.5262407519873,49.8793666805422,25.6950078477336
"bureaux_complets","Bureaux de vote habituels","BV0037","Ecole LES HIBISCUS 1",9289,"{E237E39C-7885-4FFE-B769-F4BAF6DBA86E}","VCU","NC",37.6340984129613,218.828742448505,248.242103383141,256.462840861466,67.0474593475972
"bureaux_complets","Bureaux de vote habituels","BV0038","Ecole LES HIBISCUS 2",7246,"{852B4ABE-0726-4B8B-8A2B-C8067A489A86}","VCU","NC",22.4042689219773,43.8609373866228,83.9763829118172,66.2652063086001,62.5197144471718
"bureaux_complets","Bureaux de vote habituels","BV0039","Ecole Adrienne LOMONT 1",6057,"{8F34BBC7-158B-4E2D-9750-3C6C021CEBE1}","VCU","NC",63.4005335412194,126.149355925101,126.149355925101,189.54988946632,63.4005335412195
"bureaux_complets","Bureaux de vote habituels","BV0040","Ecole Adrienne LOMONT 2",6057,"{8F34BBC7-158B-4E2D-9750-3C6C021CEBE1}","VCU","NC",24.4355974452305,126.149355925101,126.149355925101,150.584953370332,24.4355974452305
"bureaux_complets","Bureaux de vote habituels","BV0041","Ex-Ecole Gustave LODS 1",734,"{8E43A56C-08DF-4EF0-A348-3595884104A3}","SP","NC",30.2083806762743,75.6073293699337,469.918130473577,105.815710046208,424.519181779917
"bureaux_complets","Bureaux de vote habituels","BV0042","Ex-Ecole Gustave LODS 2",734,"{8E43A56C-08DF-4EF0-A348-3595884104A3}","SP","NC",34.9281405816478,103.244311414209,469.918130473577,138.172451995857,401.601959641015
"bureaux_complets","Bureaux de vote habituels","BV0043","Ecole Daniel TALON",5961,"{C43F584F-0FBE-4217-A49D-F74067065193}","VCU","NC",48.0245579982421,115.619564256069,115.619564256069,163.644122254311,48.0245579982421
"bureaux_complets","Bureaux de vote habituels","BV0044","Ecole Maurice FONROBERT",11133,"{C9E67645-FCC9-436E-A62B-43575CA14F16}","SP","NC",10.1320196610756,4.35660405472043,28.7174265162124,14.488623715796,34.4928421225675
"bureaux_complets","Bureaux de vote habituels","BV0045","Ecole Mathilde BROQUET 2",7372,"{64394317-CDC9-4384-9FA1-A17CC6B60C8B}","VCU","NC",25.912652186451,80.6182055243278,139.473039707875,106.530857710779,84.7674863699979
"bureaux_complets","Bureaux de vote habituels","BV0046","Ecole Yvonne DUPONT 2",875,"{4870AB15-79C0-4A79-B2E8-A5750302500B}","SP","NC",66.7062633894602,301.53051049149,506.01559801735,368.23677388095,271.19135091532
"bureaux_complets","Bureaux de vote habituels","BV0047","Ecole Paul BOYER 2",9648,"{D6029D48-DAD8-4EF0-82E7-ECC9979A4619}","VCU","NC",32.996071251966,44.6450173662734,119.545789012559,77.6410886182394,107.896842898252
"bureaux_complets","Bureaux de vote habituels","BV0048","Ecole Marguerite ARSAPIN",7976,"{33CC0EEA-9654-4036-8DA8-7CD450E5724F}","VCU","NC",18.8284229076826,66.7287473856573,78.4632058008396,85.5571702933399,30.5628813228648
"bureaux_complets","Bureaux de vote habituels","BV0049","Ex-Ecole Les PERVENCHES",9147,"{FC0AEDDE-C457-4F0C-984F-F1BF288DA657}","VCU","NC",48.8411157019251,0,21.4212414076092,48.8411157019251,70.2623571095343
"bureaux_complets","Bureaux de vote habituels","BV0050","Ecole Albert PERRAUD",5859,"{882DE0AE-D474-41B5-B68C-3C91FC30CF7A}","VCU","NC",26.8479569891851,140.169370806697,202.649463869801,167.017327795882,89.3280500522884
"bureaux_complets","Bureaux de vote habituels","BV0051","Ecole Michel AMIOT",9592,"{F23B285E-001B-4914-8CAF-4CE9A448C3AF}","VCU","NC",46.8773123523062,48.2130563459994,100.002779448678,95.0903686983056,98.6670354549849
"bureaux_complets","Bureaux de vote habituels","BV0052","Ecole Charles BICHON",1153,"{EF548E37-83BA-4915-B1D4-E7E06A139E01}","SP","NC",39.8508565944897,43.4331675704503,274.387800066332,83.28402416494,270.805489090371
"bureaux_complets","Bureaux de vote habituels","BV0053","Ecole Les LYS",7704,"{54CF723C-84E0-4F6C-AD3B-B30F98593C61}","VCU","NC",24.2327236304381,22.4988286341752,48.9633398372128,46.7315522646134,50.6972348334757
"bureaux_complets","Bureaux de vote habituels","BV0054","Ecole Céline TEYSSANDIER DE LAUBAREDE",3819,"{46F30CB7-7067-41D1-ADF9-A10CBBF20072}","VCU","VL",83.9738778642022,84.3117218526345,174.975602603413,168.285599716837,174.637758614981
"bureaux_complets","Bureaux de vote habituels","BV0055","Ecole Serge LAIGLE",3148,"{1C13178F-679F-4A98-B1D4-05D04D2E5A08}","VCU","VL",53.0715316584723,92.8079107300792,193.566752522146,145.879442388551,153.830373450539
"bureaux_complets","Bureaux de vote habituels","BV0056","Ecole Guy CHAMPMOREAU",3419,"{A24EC363-83AD-4016-BCE3-97110447DB4D}","VCU","NC",31.4185958851052,58.4883401925458,180.439796081041,89.9069360776509,153.370051773601
"bureaux_complets","Bureaux de vote habituels","BV0057","Ecole MAIRIE 3 - Bureau Dérogatoire",4607,"{42C17695-3133-40BD-BAB6-DBBE8EE59763}","VCU","NC",32.5806563922956,48.4267463257013,98.2904385718155,81.0074027179969,82.4443486384099
"centres_8","8 centres regroupés","R01","Hôtel de Ville de Nouméa",4607,"{42C17695-3133-40BD-BAB6-DBBE8EE59763}","VCU","NC",35.2281083421865,51.5719853014964,98.2904385718155,86.8000936436829,81.9465616125057
"centres_8","8 centres regroupés","R02","Salle omnisports W.K. Wawanabu de l'Anse-Vata",6918,"{30FBEE34-F541-4444-BE60-22C95CC94520}","VCU","NC",28.8839976585503,33.3415581388761,98.1929154394506,62.2255557974264,93.7353549591248
"centres_8","8 centres regroupés","R03","Salle Jean-Noyant",1126,"{41E677FA-43FA-4458-B675-43FDC87767DB}","SP","NC",24.6453750298323,375.88561114128,474.416319601049,400.530986171113,123.176083489601
"centres_8","8 centres regroupés","R04","Collège Jean-Leques",4281,"{665874B3-E488-4210-BD4B-CC5FA8C2FAEE}","VCU","NC",21.4810154309012,29.9244860713497,134.614066993376,51.4055015022509,126.170596352927
"centres_8","8 centres regroupés","R05","École Céline-Teyssandier-de-Laubarede",1118,"{73489C5C-4DBB-49FA-B508-A66004553970}","SP","NC",84.1337076853494,0,94.9849726111659,84.1337076853494,179.118680296515
"centres_8","8 centres regroupés","R06","Collège François-Ollivaud",821,"{D4FBD817-2263-4622-8994-E0C4830F4CF5}","SP","NC",34.1928397081438,16.5810840523672,70.032253150029,50.773923760511,87.6440088058055
"centres_8","8 centres regroupés","R07","Groupe scolaire Marie-Courtot / Henriette-Gervolino",3469,"{85356872-E1D4-4B18-B79D-7CE2FFC08DAA}","VCU","VP",74.8440772820301,35.6196424004967,36.6363445333024,110.463719682527,75.8607794148358
"centres_8","8 centres regroupés","R08","Centre culturel Ko We Kara",9536,"{6DE5DAF7-2147-4FEE-8FE3-174D4D146690}","VCU","NC",32.1424153610134,58.1924332047823,146.921368630176,90.3348485657957,120.871350786407
"centres_9","9 centres regroupés","R01","Hôtel de Ville de Nouméa",4607,"{42C17695-3133-40BD-BAB6-DBBE8EE59763}","VCU","NC",35.2281083421865,51.5719853014964,98.2904385718155,86.8000936436829,81.9465616125057
"centres_9","9 centres regroupés","R02","Salle omnisports W.K. Wawanabu de l'Anse-Vata",6918,"{30FBEE34-F541-4444-BE60-22C95CC94520}","VCU","NC",28.8839976585503,33.3415581388761,98.1929154394506,62.2255557974264,93.7353549591248
"centres_9","9 centres regroupés","R03","Salle Jean-Noyant",1126,"{41E677FA-43FA-4458-B675-43FDC87767DB}","SP","NC",24.6453750298323,375.88561114128,474.416319601049,400.530986171113,123.176083489601
"centres_9","9 centres regroupés","R04","Collège Jean-Leques",4281,"{665874B3-E488-4210-BD4B-CC5FA8C2FAEE}","VCU","NC",21.4810154309012,29.9244860713497,134.614066993376,51.4055015022509,126.170596352927
"centres_9","9 centres regroupés","R05","École Céline-Teyssandier-de-Laubarede",1118,"{73489C5C-4DBB-49FA-B508-A66004553970}","SP","NC",84.1337076853494,0,94.9849726111659,84.1337076853494,179.118680296515
"centres_9","9 centres regroupés","R06","Collège François-Ollivaud",821,"{D4FBD817-2263-4622-8994-E0C4830F4CF5}","SP","NC",34.1928397081438,16.5810840523672,70.032253150029,50.773923760511,87.6440088058055
"centres_9","9 centres regroupés","R07","Groupe scolaire Marie-Courtot / Henriette-Gervolino",3469,"{85356872-E1D4-4B18-B79D-7CE2FFC08DAA}","VCU","VP",74.8440772820301,35.6196424004967,36.6363445333024,110.463719682527,75.8607794148358
"centres_9","9 centres regroupés","R09","Collège de Kaméré",5582,"{5B8C6C6E-B625-4959-9CAD-7184D55A98BA}","VCU","NC",60.2226535082746,20.1100388805988,20.1100388805988,80.3326923888734,60.2226535082746
"centres_9","9 centres regroupés","R10","Salle de boxe municipale Vincent Kafoa",10192,"{2F78B58F-D6B4-4D46-82B5-861188649366}","VCU","NC",23.1512846036075,35.5669211478234,62.488155091318,58.7182057514309,50.0725185471021
