"codgeo","libgeo","nb_de_menages","percent_menages_sans_vehicules","population_totale","population_grille","mean_bureaux_complets","mean_centres_8","mean_centres_9","mean_assigned_bureaux_complets","mean_assigned_centres_8","mean_assigned_centres_9","mean_delta_8_vs_full","mean_delta_9_vs_full","mean_delta_9_vs_8","menages_sans_vehicules","indice_cumul","classe_sans_vehicule"
"1801","Val Plaisance Sud - Ouen Toro",1058,13.6,2271,2155.15484600072,12.4768975314295,19.0970271220111,19.0970271220111,15.9721710272677,20.4245847187775,20.4245847187775,6.6201295905816,6.6201295905816,0,143.888,952.557206529606,"part faible"
"1802","Val Plaisance Nord",641,14,1360,1162.99812837347,7.97501439887271,14.6179241642454,14.6179241642454,17.0839761424964,15.167999224595,15.167999224595,6.64290976537273,6.64290976537273,0,89.74,596.134722344549,"part faible"
"1803","Anse Vata Est",1014,12,2236,2006.93418296858,9.54579790093065,8.50303069056311,8.50303069056311,11.7577273627257,10.4475992509834,10.4475992509834,-1.04276721036754,-1.04276721036754,0,121.68,0,"part faible"
"1804","Anse Vata Ouest",658,17.2,1481,1272.36226165414,13.0642244052582,11.1816570451972,11.1816570451972,13.4755909377642,11.1816570451972,11.1816570451972,-1.88256736006098,-1.88256736006098,0,113.176,0,"part faible"
"1805","Baie des citrons",974,12.9,2049,1739.37819591043,18.1319254818777,15.2170000584957,15.2170000584957,18.8525411266661,15.2170000584957,15.2170000584957,-2.91492542338198,-2.91492542338198,0,125.646,0,"part faible"
"1806","Motor Pool - Receiving",1132,16.1,2604,2378.97574792023,8.67466586467413,10.4051213228807,10.4051213228807,13.5768158079494,10.819119703246,10.819119703246,1.73045545820659,1.73045545820659,0,182.252,315.378968169068,"part faible"
"1807","N'Géa",1351,26.7,3622,3269.09459889638,7.0296095064473,20.4494994278455,20.4494994278455,9.65923838195416,21.0565355453738,21.0565355453738,13.4198899213982,13.4198899213982,0,360.717,4840.78243277698,"part intermédiaire"
"1808","Trianon",1437,17.5,2913,2973.69738985743,7.08685551877188,20.5711285392611,20.5711285392611,9.65660704222785,21.1592474654757,21.1592474654757,13.4842730204893,13.4842730204893,0,251.475,3390.95755782753,"part intermédiaire"
"1809","Orphelinat",619,12.4,1414,1437.16850110915,7.98203334082754,17.0756833905536,17.0756833905536,9.98867307088541,19.241145421593,19.241145421593,9.09365004972611,9.09365004972611,0,76.756,697.992203216777,"part faible"
"1810","Artillerie",618,14.9,1368,1196.33217628259,8.8649840589237,16.8924870203551,16.8924870203551,9.04164700125546,29.6234093837988,29.6234093837988,8.02750296143138,8.02750296143138,0,92.082,739.188527694524,"part faible"
"1811","Faubourg Blanchot",1158,22.2,2650,2535.27403614005,5.39452979411987,24.5779643236259,24.5779643236259,8.86333482296904,29.3353900199911,29.3353900199911,19.1834345295061,19.1834345295061,0,257.076,4931.6006151073,"part intermédiaire"
"1812","Quartier Latin - Vallée du Génie",1302,33.7,2612,2372.69618089103,6.43639502214651,15.0349588519988,15.0349588519988,8.91639007784461,16.1565998613405,16.1565998613405,8.59856382985225,8.59856382985225,0,438.774,3772.82624587959,"part élevée"
"1813","Vallée des Colons Sud Ouest",1168,24.5,2498,2489.06493186505,7.07604917385374,26.1924853092335,26.1924853092335,8.34240634334438,34.2569014886672,34.2569014886672,19.1164361353798,19.1164361353798,0,286.16,5470.35936450028,"part intermédiaire"
"1814","Vallée des Colons Sud Est",1242,15.2,2851,2555.56352582005,10.0011846543957,24.8302863516247,24.8302863516247,12.9596552910328,25.9723332659159,25.9723332659159,14.8291016972291,14.8291016972291,0,188.784,2799.49713480969,"part faible"
"1815","Magenta Ouest",826,13.6,1749,1806.4902861015,8.32687262709523,14.5623238688521,14.5623238688521,10.2038063389901,14.8337270690698,14.8337270690698,6.23545124175691,6.23545124175691,0,112.336,700.465650694004,"part faible"
"1816","Magenta Tours",716,71.9,1945,1639.88147206141,8.56196047303939,14.5836648157717,14.5836648157717,10.629000586872,14.5836648157717,14.5836648157717,6.02170434273228,6.02170434273228,0,514.804,3099.99748245595,"part élevée"
"1817","Magenta Est",1554,24.6,3475,2974.1848517345,12.5126531300757,22.0397911859141,22.0397911859141,15.2902781789988,22.1925424882785,22.1925424882785,9.52713805583833,9.52713805583833,0,382.284,3642.0724445381,"part intermédiaire"
"1818","Ouémo",738,11.9,1636,1341.14561562218,10.3232209085083,38.9023906248182,38.9023906248182,11.1551965693494,38.9023906248182,38.9023906248182,28.5791697163099,28.5791697163099,0,87.822,2509.87984282577,"part faible"
"1819","Haut Magenta",820,22.3,2010,1889.87341244545,13.3408359308008,18.4993645883931,18.4993645883931,14.2855402110194,27.697694887657,27.697694887657,5.15852865759233,5.15852865759233,0,182.86,943.288550327334,"part intermédiaire"
"1820","Vallée des Colons Nord Est",810,22.6,2017,2057.4622772408,13.9140713792495,22.7373922060097,22.7373922060097,17.8228499009106,25.5031590905626,25.5031590905626,8.82332082676019,8.82332082676019,0,183.06,1615.19711054672,"part intermédiaire"
"1821","Vallée des Colons Nord Ouest",579,15.5,1328,1189.64663316059,9.29429793344612,16.3720104766957,16.3720104766957,10.495636199828,18.3900108214917,18.3900108214917,7.07771254324954,7.07771254324954,0,89.745,635.18931219393,"part faible"
"1822","Centre ville",1135,41.6,2148,2037.65465020958,5.12406154787402,6.53913952479652,6.53913952479652,5.99412754201972,6.66974602287856,6.66974602287856,1.4150779769225,1.4150779769225,0,472.16,668.143217583728,"part élevée"
"1823","Nouville",1379,73.2,2667,3007.00724496939,51.8316062377222,53.3297302194404,53.3297302194404,52.8953040168131,53.3297302194404,53.3297302194404,1.49812398171822,1.49812398171822,0,1009.428,1512.24829461786,"part élevée"
"1824","Vallée du Tir",692,48.8,1803,1788.81562791998,7.26892919391366,8.01078552936497,8.01078552936497,7.44923212849646,8.01154266734427,8.01154266734427,0.741856335451315,0.741856335451315,0,337.696,250.521917056567,"part élevée"
"1825","Doniambo - Montagne coupée - Montravel",79,35.4,186,379.538301156307,15.240657119764,18.57860495262,18.57860495262,18.3569263145402,18.57860495262,18.57860495262,3.337947832856,3.337947832856,0,27.966,93.349049093651,"part élevée"
"1826","Portes de Fer - Sud",1515,33.8,3636,3192.69748297827,8.35731506884865,8.11294548704848,8.11294548704848,10.4114321273793,10.5244543557787,10.5244543557787,-0.244369581800166,-0.244369581800166,0,512.07,0,"part élevée"
"1827","Aérodrome Sud",1087,33.9,2836,2955.60416958773,7.79069071536044,12.7494240349729,12.7494240349729,12.842087132194,14.9192538594539,14.9192538594539,4.9587333196125,4.9587333196125,0,368.493,1827.25851714397,"part élevée"
"1828","Portes de Fer - Nord",710,52,2315,2105.95419380045,8.14499184710488,21.4063696754624,21.4063696754624,8.58603228840555,27.5334813791526,27.5334813791526,13.2613778283575,13.2613778283575,0,369.2,4896.1006942296,"part élevée"
"1829","PK 4",761,31,2267,2003.28979501536,10.1323256289927,16.2525910028426,16.2525910028426,13.5624938121215,25.7957200395934,25.7929275499793,6.12026537384988,6.12026537384988,0,235.91,1443.83180434492,"part intermédiaire"
"1830","Aérodrome Nord",365,21.1,1115,1207.64677187191,11.3822057693752,17.9248921801511,17.9248921801511,11.8756982682009,22.6934040924621,22.6934040924621,6.54268641077594,6.54268641077594,0,77.015,503.884993925909,"part intermédiaire"
"1831","PK 6 Sud",369,22.2,1022,988.942388937614,26.5953839879762,27.4209613865159,27.4209613865159,29.9397544886387,40.2098104822389,40.2098104822389,0.825577398539674,0.825577398539674,0,81.918,67.6296493335731,"part intermédiaire"
"1832","Zone industrielle Ducos",357,42,1151,1002.23494734018,23.5095781104064,29.7525100542462,24.7603108478779,27.3401365401076,37.3108909281273,35.7774379979869,6.24293194383978,1.25073273747148,-4.9921992063683,149.94,187.534866656473,"part élevée"
"1833","Riviére Salée Sud",493,30.4,1665,1734.92144219734,7.83024506201621,21.3751068494056,11.7282468667931,10.8512213378028,23.5061857541925,12.1953522126492,13.5448617873894,3.89800180477689,-9.64685998261247,149.872,584.201326485522,"part intermédiaire"
"1834","PK 6 Nord",761,14.1,1927,1682.67242252993,11.8493200639573,11.5156890746576,11.5156890746576,11.9899873211798,11.5156890746576,11.5156890746576,-0.333630989299699,-0.333630989299699,0,107.301,0,"part faible"
"1835","Tina",567,4.4,1586,1526.83950937908,18.0625638539721,47.3051631337224,47.3051631337224,18.2575164713321,47.3051631337224,47.3051631337224,29.2425992797503,29.2425992797503,0,24.948,729.54436683121,"part faible"
"1836","PK 7 Est",559,23.1,1627,1444.68685514272,13.0518381367871,18.1118981292454,18.1118981292454,16.2376883912317,18.1118981292454,20.7057941210658,5.06005999245834,5.06005999245834,0,129.129,653.400486766153,"part intermédiaire"
"1837","PK 7 Ouest",990,17.3,2313,2238.22091235811,11.6408502662354,21.6725412529424,20.0827884927337,13.0272854982266,21.6725412529424,21.7649917749527,10.031690986707,8.44193822649824,-1.58975276020872,171.27,1445.85076005235,"part faible"
"1838","Riviére Salée Nord Est",987,35.5,3308,3011.56255294324,7.88244483045135,26.7553946046858,15.2440730731367,8.82815389450022,28.2059047431386,15.4721183944903,18.8729497742344,7.36162824268536,-11.511321531549,350.385,2579.40411181331,"part élevée"
"1839","Normandie Sud",599,25,1853,1647.02299258126,17.2274880306173,45.828864712737,45.828864712737,28.2633567332063,45.828864712737,45.828864712737,28.6013766821197,28.6013766821197,0,149.75,4283.05615814742,"part intermédiaire"
"1840","Normandie Nord",426,20.4,1372,1077.72365621388,10.3536226890037,38.6227031397465,38.106733346371,10.5301220955886,38.6227031397465,38.6227031397465,28.2690804507428,27.7531106573673,-0.515969793375529,86.904,2411.85632856785,"part intermédiaire"
"1841","Riviére Salée Nord Ouest",529,37.4,1838,1754.18257962476,8.93359913159887,16.9800115019456,6.8001051266364,10.4186318486193,16.9800115019456,6.8001051266364,8.04641237034674,-2.13349400496247,-10.1799063753092,197.846,0,"part élevée"
"1842","Ducos",613,40,2082,1828.33808253239,25.7035711746618,45.8637002264232,26.2874255523792,33.3523498068472,45.9307938430138,26.9794730032492,20.1601290517613,0.58385437771732,-19.576274674044,245.2,143.161093416287,"part élevée"
"1843","Logicoop",421,27.8,1208,1299.25593895231,9.90695611252419,42.5782471740164,12.2706867798321,15.3508153631506,42.5782471740164,12.2706867798321,32.6712910614922,2.36373066730794,-30.3075603941842,117.038,276.646309840387,"part intermédiaire"
"1844","Kaméré",813,37.9,3120,2495.1770463447,13.4775754049782,39.4527087611589,10.8120474161012,15.0592930212153,39.4527087611589,10.8120474161012,25.9751333561808,-2.66552798887698,-28.6406613450577,308.127,0,"part élevée"
"1845","Tindu - Numbo - Koumourou",345,49.6,1391,1122.63118335779,12.2162060759534,56.0946169391056,19.8883943682815,12.7613855475683,56.0946169391056,19.8883943682815,43.8784108631522,7.67218829232801,-36.2062225708242,171.12,1312.86486058317,"part élevée"
