"code_bv","bureau_nom_resultats_municipales","longitude","latitude","iris_codgeo","iris_libgeo","inscrits_municipales","votants_municipales","abstentions_municipales","abstention_municipales","bureau_nom_habituel","bureau_nom_provinciales","inscrits_provinciales","votants_provinciales","participation_provinciales","abstentions_provinciales","abstention_provinciales","ecart_abstention_provinciales_municipales"
"0001","Mairie 1",166.439401925184,-22.2714056104229,1822,"Centre ville",874,379,495,56.6361556064073,"MAIRIE 1","Mairie 1",630,383,60.79,247,39.21,-17.4261556064073
"0002","Mairie 2",166.439401925184,-22.2714056104229,1822,"Centre ville",1567,553,1014,64.7096362476069,"MAIRIE 2","Mairie 2",1192,545,45.72,647,54.28,-10.4296362476069
"0003","École Frédéric SURLEAU",166.446180272936,-22.2732842135737,1822,"Centre ville",1220,554,666,54.5901639344262,"Ecole Frédéric SURLEAU","Ecole Frédéric Surleau",756,504,66.67,252,33.33,-21.2601639344262
"0004","École Marguerite LEFRANCOIS",166.446044574066,-22.2859909097298,1809,"Orphelinat",1223,658,565,46.1978740801308,"Ecole Marguerite LEFRANCOIS","Ecole Marguerite Lefrançois",737,566,76.8,171,23.2,-22.9978740801308
"0005","École Yvonne DUPONT 1",166.442173657352,-22.2926748814035,1806,"Motor Pool - Receiving",1075,622,453,42.1395348837209,"Ecole Yvonne DUPONT 1","Ecole Yvonne Dupont 1",706,558,79.04,148,20.96,-21.1795348837209
"0006","École Eloi FRANC 1",166.447826467842,-22.2974281428095,1803,"Anse Vata Est",1371,693,678,49.45295404814,"Ecole Eloi FRANC 1","Ecole Eloi Franc 1",913,674,73.82,239,26.18,-23.27295404814
"0007","École Eloi FRANC 2",166.447826467842,-22.2974281428095,1803,"Anse Vata Est",1098,619,479,43.6247723132969,"Ecole Eloi FRANC 2","Ecole Eloi Franc 2",772,576,74.61,196,25.39,-18.2347723132969
"0008","École Fernande LERICHE 1",166.448431376266,-22.2984740950672,1803,"Anse Vata Est",1133,590,543,47.9258605472198,"Ecole Fernande LERICHE 1","Ecole Fernande Leriche 1",705,540,76.6,165,23.4,-24.5258605472198
"0009","École Fernande LERICHE 2",166.448431376266,-22.2984740950672,1803,"Anse Vata Est",1105,627,478,43.2579185520362,"Ecole Fernande LERICHE 2","Ecole Fernande Leriche 2",812,615,75.74,197,24.26,-18.9979185520362
"0010","École Jean MERMOUD 1",166.454827725543,-22.2956844604928,1807,"N'Géa",1273,719,554,43.5192458758837,"Ecole Jean MERMOUD 1","Ecole Jean Mermoud 1",806,628,77.92,178,22.08,-21.4392458758837
"0011","École Jean MERMOUD 2",166.454827725543,-22.2956844604928,1807,"N'Géa",1303,808,495,37.9892555640829,"Ecole Jean MERMOUD 2","Ecole Jean Mermoud 2",965,819,84.87,146,15.13,-22.8592555640829
"0012","École Ernest RISBEC 1",166.451704940929,-22.2838445188063,1808,"Trianon",1351,711,640,47.3723168023686,"Ecole Ernest RISBEC 1","Ecole Ernest Risbec 1",851,619,72.74,232,27.26,-20.1123168023686
"0013","École Ernest RISBEC 2",166.451704940929,-22.2838445188063,1808,"Trianon",1067,558,509,47.7038425492034,"Ecole Ernest RISBEC 2","Ecole Ernest Risbec 2",798,584,73.18,214,26.82,-20.8838425492034
"0014","École Paul BOYER 1",166.452482969153,-22.2781620536236,1811,"Faubourg Blanchot",1092,521,571,52.2893772893773,"Ecole Paul BOYER 1","Ecole Paul Boyer 1",706,472,66.86,234,33.14,-19.1493772893773
"0015","École les CAPUCINES",166.457228804171,-22.2753677119578,1813,"Vallée des Colons Sud Ouest",951,551,400,42.0609884332282,"Ecole Les CAPUCINES","Ecole Les Capucines",761,571,75.03,190,24.97,-17.0909884332282
"0016","École Candide KOCH 1",166.456450040223,-22.2745660873879,1813,"Vallée des Colons Sud Ouest",1081,537,544,50.3237742830712,"Ecole Candide KOCH 1","Ecole Candide Koch 1",811,574,70.78,237,29.22,-21.1037742830712
"0017","École Candide KOCH 2",166.456450040223,-22.2745660873879,1813,"Vallée des Colons Sud Ouest",1177,660,517,43.9252336448598,"Ecole Candide KOCH 2","Ecole Candide Koch 2",884,677,76.58,207,23.42,-20.5052336448598
"0018","École Emily PANNE 1",166.454860512437,-22.2689261325801,1820,"Vallée des Colons Nord Est",1038,541,497,47.8805394990366,"Ecole Suzanne RUSSIER 1","Ecole Suzanne Russier 1",774,544,70.28,230,29.72,-18.1605394990366
"0019","École Emily PANNE 2",166.454860512437,-22.2689261325801,1820,"Vallée des Colons Nord Est",1171,600,571,48.7617421007686,"Ecole Suzanne RUSSIER 2","Ecole Suzanne Russier 2",887,597,67.31,290,32.69,-16.0717421007686
"0020","École Antoinette CHARBONNEAUX",166.46666463723,-22.273716213111,1816,"Magenta Tours",981,594,387,39.4495412844037,"Ecole Antoinette CHARBONNEAUX","Ecole Antoinette Charbonneaux",766,606,79.11,160,20.89,-18.5595412844037
"0021","École Marie HAVET 1",166.471138313555,-22.2828880563017,1818,"Ouémo",1270,689,581,45.748031496063,"Ecole Marie HAVET 1","Ecole Marie Havet 1",896,674,75.22,222,24.78,-20.968031496063
"0022","École Marie HAVET 2",166.471138313555,-22.2828880563017,1818,"Ouémo",1364,728,636,46.6275659824047,"Ecole Marie HAVET 2","Ecole Marie Havet 2",944,710,75.21,234,24.79,-21.8375659824047
"0023","École Christine BOLETTI 1",166.465990390657,-22.2661773380247,1827,"Aérodrome Sud",1235,655,580,46.9635627530364,"Ecole Christine BOLETTI 1","Ecole Chistine Boletti 1",902,657,72.84,245,27.16,-19.8035627530364
"0024","École Christine BOLETTI 2",166.465990390657,-22.2661773380247,1827,"Aérodrome Sud",1210,470,740,61.1570247933884,"Ecole Christine BOLETTI 2","Ecole Chistine Boletti 2",1070,582,54.39,488,45.61,-15.5470247933884
"0025","École Michel CACOT 1",166.463652223431,-22.2662199324801,1826,"Portes de Fer - Sud",1288,708,580,45.0310559006211,"Ecole Michel CACOT 1","Ecole Michel Cacot 1",969,720,74.3,249,25.7,-19.3310559006211
"0026","École Michel CACOT 2",166.463652223431,-22.2662199324801,1826,"Portes de Fer - Sud",1313,680,633,48.2102056359482,"Ecole Michel CACOT 2","Ecole Michel Cacot 2",872,648,74.31,224,25.69,-22.5202056359482
"0027","École Céline TEYSSANDIER de LAUBAREDE",166.445705500987,-22.2640017751327,1824,"Vallée du Tir",1139,461,678,59.5258999122037,"Ex-Ecole Céline TEYSSANDIER DE LAUBAREDE","Ecole C. T. de Laubarède",997,528,52.96,469,47.04,-12.4858999122037
"0028","École Gustave MOUCHET 1",166.454414703061,-22.2504501881193,1828,"Portes de Fer - Nord",1101,418,683,62.0345140781108,"Ecole Gustave MOUCHET 1","Ecole Gustave Mouchet 1",1075,532,49.49,543,50.51,-11.5245140781108
"0029","École Gustave MOUCHET 2",166.454414703061,-22.2504501881193,1828,"Portes de Fer - Nord",1044,346,698,66.8582375478927,"Ecole Gustave MOUCHET 2","Ecole Gustave Mouchet 2",959,454,47.34,505,52.66,-14.1982375478927
"0030","École Mathilde BROQUET 1",166.467549840387,-22.256293239868,1827,"Aérodrome Sud",1357,655,702,51.7317612380251,"Ecole Mathilde BROQUET 1","Ecole Mathilde Broquet 1",1165,730,62.66,435,37.34,-14.3917612380251
"0031","École Marie COURTOT 1",166.470464378859,-22.2425220070829,1834,"PK 6 Nord",1443,728,715,49.5495495495495,"Ecole Marie COURTOT 1","Ecole Marie Courtot 1",1250,798,63.84,452,36.16,-13.3895495495495
"0032","École Marie COURTOT 2",166.470464378859,-22.2425220070829,1834,"PK 6 Nord",1074,666,408,37.9888268156425,"Ecole Marie COURTOT 2","Ecole Marie Courtot 2",880,687,78.07,193,21.93,-16.0588268156425
"0033","École Robert BURCK",166.463601949873,-22.2382604330193,1833,"Riviére Salée Sud",1023,455,568,55.5229716520039,"Ecole Robert BURCK","Ecole Robert Burck",960,595,61.98,365,38.02,-17.5029716520039
"0034","École les ROSES",166.443135087106,-22.2929071476207,1806,"Motor Pool - Receiving",953,464,489,51.311647429171,"Ecole Les ROSES","Ecole Les Roses",909,576,63.37,333,36.63,-14.681647429171
"0035","École les ŒILLETS",166.443135087106,-22.2929071476207,1806,"Motor Pool - Receiving",952,456,496,52.1008403361345,"Ecole Les OEILLETS","Ecole Les Oeillets",894,589,65.88,305,34.12,-17.9808403361345
"0036","École Jacques TROUILLOT",166.471000599479,-22.2283599819501,1838,"Riviére Salée Nord Est",917,429,488,53.2170119956379,"Ecole Jacques TROUILLOT","Ecole Jacques Trouillot",871,576,66.13,295,33.87,-19.3470119956379
"0037","École Mauricette DEVAMBEZ 1",166.468616034294,-22.2680303864914,1817,"Magenta Est",1459,562,897,61.4804660726525,"Ecole LES HIBISCUS 1","Ecole Les Hibiscus 1",1378,685,49.71,693,50.29,-11.1904660726525
"0038","École Mauricette DEVAMBEZ 2",166.468616034294,-22.2680303864914,1817,"Magenta Est",1299,643,656,50.5003849114704,"Ecole LES HIBISCUS 2","Ecole Les Hibiscus 2",1110,726,65.41,384,34.59,-15.9103849114704
"0039","École Adrienne LOMONT 1",166.484157216578,-22.2206462260252,1840,"Normandie Nord",731,309,422,57.7291381668947,"Ecole Adrienne LOMONT 1","Ecole Adrienne Lomont 1",705,391,55.46,314,44.54,-13.1891381668947
"0040","École Adrienne LOMONT 2",166.484157216578,-22.2206462260252,1840,"Normandie Nord",1781,793,988,55.4744525547445,"Ecole Adrienne LOMONT 2","Ecole Adrienne Lomont 2",1463,891,60.9,572,39.1,-16.3744525547445
"0041","École Gustave LODS 1",166.435430928496,-22.2381371662114,1843,"Logicoop",1173,490,683,58.2267689684569,"Ex-Ecole Gustave LODS 1","Ecole Gustave Lods 1",1068,607,56.84,461,43.16,-15.0667689684569
"0042","École Gustave LODS 2",166.435430928496,-22.2381371662114,1843,"Logicoop",1364,552,812,59.5307917888563,"Ex-Ecole Gustave LODS 2","Ecole Gustave Lods 2",1257,714,56.8,543,43.2,-16.3307917888563
"0043","École Daniel TALON",166.429735177846,-22.2343498153878,1843,"Logicoop",2004,769,1235,61.626746506986,"Ecole Daniel TALON","Ecole Daniel Talon",1848,1048,56.71,800,43.29,-18.336746506986
"0044","École Louise VERGES",166.486016745804,-22.2343408388225,1835,"Tina",1068,395,673,63.0149812734082,"Ecole Maurice FONROBERT","Ecole Maurice Fonrobert",1058,575,54.35,483,45.65,-17.3649812734082
"0045","École Mathilde BROQUET 2",166.467549840387,-22.256293239868,1827,"Aérodrome Sud",1647,785,862,52.3375834851245,"Ecole Mathilde BROQUET 2","Ecole Mathilde Broquet 2",1338,874,65.32,464,34.68,-17.6575834851245
"0046","École Yvonne DUPONT 2",166.442173657352,-22.2926748814035,1806,"Motor Pool - Receiving",907,482,425,46.8577728776185,"Ecole Yvonne DUPONT 2","Ecole Yvonne Dupont 2",585,454,77.61,131,22.39,-24.4677728776185
"0047","École Paul BOYER 2",166.452482969153,-22.2781620536236,1811,"Faubourg Blanchot",985,549,436,44.2639593908629,"Ecole Paul BOYER 2","Ecole Paul Boyer 2",706,532,75.35,174,24.65,-19.6139593908629
"0048","École Marguerite ARSAPIN",166.454280714904,-22.2790060967446,1811,"Faubourg Blanchot",965,411,554,57.4093264248705,"Ecole Marguerite ARSAPIN","Ecole Marguerite Arsapin",925,536,57.95,389,42.05,-15.3593264248705
"0049","École les PERVENCHES",166.463935144665,-22.2575766179093,1826,"Portes de Fer - Sud",1174,610,564,48.0408858603066,"Ex-Ecole Les PERVENCHES","Ecole Les Pervenches",896,648,72.32,248,27.68,-20.3608858603066
"0050","École Albert PERRAUD",166.467888234029,-22.2619636836771,1827,"Aérodrome Sud",1711,668,1043,60.958503798948,"Ecole Albert PERRAUD","Ecole Albert Perraud",1545,793,51.33,752,48.67,-12.288503798948
"0051","École Michel AMIOT",166.468616034294,-22.2680303864914,1817,"Magenta Est",1256,693,563,44.8248407643312,"Ecole Michel AMIOT","Ecole Michel Amiot",1032,752,72.87,280,27.13,-17.6948407643312
"0052","École Charles BICHON",166.443767790723,-22.2808132680625,1809,"Orphelinat",1265,594,671,53.0434782608696,"Ecole Charles BICHON","Ecole Charles Bichon",679,471,69.37,208,30.63,-22.4134782608696
"0053","École les LYS",166.443135087106,-22.2929071476207,1806,"Motor Pool - Receiving",1371,702,669,48.7964989059081,"Ecole Les LYS","Ecole Les Lys",777,613,78.89,164,21.11,-27.6864989059081
"0054","École le PETIT POUCET",166.446452105063,-22.2638462676659,1824,"Vallée du Tir",1283,598,685,53.3904910366329,"Ecole Céline TEYSSANDIER DE LAUBAREDE","Ecole Le petit poucet",1023,635,62.07,388,37.93,-15.4604910366329
"0055","École Serge LAIGLE",166.486016745804,-22.2343408388225,1835,"Tina",1449,883,566,39.0614216701173,"Ecole Serge LAIGLE","Ecole Serge Laigle",1071,853,79.65,218,20.35,-18.7114216701173
"0056","École Guy CHAMPMOREAU",166.452313565802,-22.2892161943525,1807,"N'Géa",1674,789,885,52.8673835125448,"Ecole Guy CHAMPMOREAU","Ecole Guy Champmoreau",1306,817,62.56,489,37.44,-15.4273835125448
"0057","Mairie 3",166.439401925184,-22.2714056104229,1822,"Centre ville",83,3,80,96.3855421686747,"Ecole MAIRIE 3 - Bureau Dérogatoire","Mairie 3",62,3,4.84,59,95.16,-1.22554216867471
