PopGIS3 - Nouvelle Calédonie; ; ; ; ; ; ; ; ; ; ; ; ; ; ; ; ; ; ; ; ; ; ; ; ; ; ; ; ; ; ; ; ; ; ; ; ; ; ; ; ; ; ; 
Référentiel géographique : iris; ; ; ; ; ; ; ; ; ; ; ; ; ; ; ; ; ; ; ; ; ; ; ; ; ; ; ; ; ; ; ; ; ; ; ; ; ; ; ; ; ; ; 
Code;Libellé;Répartition en 6 cat. de la CSP (Agri, artis, cadre, prof int, employé, ouvrier) - agriculteurs-pêcheurs;Répartition en 6 cat. de la CSP (Agri, artis, cadre, prof int, employé, ouvrier) - d'artisans-commerçants;Répartition en 6 cat. de la CSP (Agri, artis, cadre, prof int, employé, ouvrier) - cadres;Répartition en 6 cat. de la CSP (Agri, artis, cadre, prof int, employé, ouvrier) - professions intermédiaires;Répartition en 6 cat. de la CSP (Agri, artis, cadre, prof int, employé, ouvrier) - employés;Répartition en 6 cat. de la CSP (Agri, artis, cadre, prof int, employé, ouvrier) - ouvriers;% employés et ouvriers;% salariés du privé;% salariés du public;% CDD (Contrat à Durée Déterminée);% CDI (Contrat à Durée Indéterminée);% actifs à temps complet;% actifs à temps partiel;% travail en continu;% travail saisonnier;% mode principal de transport = marche à pied;% mode principal de transport = voiture;% mode principal de transport = transport en commun;% ménages sans véhicules;% propriétaires;% locataires;% locataires gratuit;% locataires social;% locataires privés;% logements < 40 m²;% logements < 80 m²;% logements < 120 m²;% logements > 160 m²;% ménages raccordés au réseau d'électricité;% ménages non raccordés au réseau d'électricité;% de ménages avec point d'eau courante individuelle;% ménages réfrigérateur;% ménages machine à laver;% ménages accès à internet;Taux de navetteurs sortant;Taux d'activité (15-64 ans);Taux d'emploi;Taux de chômage;% travailleurs indépendants;% pers. ne résidant pas en Nouvelle Calédonie en 2014;% pers. résidant dans une autre commune en 2014;% pers. résidant dans la même commune en 2014;% pers. seules;% couples sans enfant(s);% couples avec enfant(s);% familles monoparentales;% ménages complexes
1001;Kaala Gomen village et littoral;38;25;11;98;95;251;66.8;61.8;17.2;26.3;52.7;74.9;25.1;79;21;19.2;77.1;6.5;17.5;77;6;17;1.8;4.2;28.8;35.2;28.3;7.7;94.5;5.5;86.5;95.4;82.1;38.1;0.3;69.1;52.8;23.6;21;0.2;8.8;91;16.6;15.3;38.3;9.3;20.6
1004;Ouéholle - Ouémou - Kourou;4;6;3;8;16;47;75;63.1;19;44;38.1;70.2;29.8;66.7;33.3;43;57.8;4.3;31.8;95.5;1.1;3.4;0;1.1;51.1;26.1;13.6;9.1;75;25;93.2;87.5;58;15.9;0.2;59.3;37.2;37.3;17.9;0;11.1;88.9;12.5;12.5;39.8;6.8;28.4
101;Bélep;57;8;4;17;30;33;42.3;36.9;20.8;20.1;37.6;46.3;53.7;51.7;48.3;83.3;13.3;6;83.9;95;0;5;0;0;48.7;32.7;10.1;8.5;93;7;98.5;78.9;37.2;22.6;0.2;53.9;25.3;53;42.3;0.5;15.2;84.3;11.1;9;31.2;10.6;38.2
1101;Koné village;13;136;171;394;447;363;53.1;57.9;28.4;24.9;61.4;90.8;9.2;92.8;7.2;14.3;84.1;4.3;13.5;43.4;48.9;7.6;19.5;29.4;5.5;33.7;44.9;16;99.4;0.6;98.8;99.2;97.5;69;0.3;80.2;71.3;11.1;13.7;11;25.5;63.5;20.4;19.1;41;8.9;10.7
1102;Paiamboué - La Caférie - Foué;5;82;171;272;206;231;45.2;60.5;26.2;15.4;71.3;91.6;8.4;93.8;6.2;14.5;84.8;4.2;12;40.2;55.3;4.5;27.2;28.1;12.1;42;32.2;13.7;98.4;1.6;99.6;99;96;71.6;0.4;81.7;71.5;12.4;13.3;10.9;27.4;61.7;17.6;18.4;43.3;9;11.7
1103;Baco - Koniambo;12;11;7;26;40;107;72.4;70.4;12.8;26.6;56.7;82.8;17.2;83.3;16.7;31.9;67.9;3.1;34.8;91.4;5.9;2.7;0;5.9;19.8;44.9;31;4.3;92;8;97.9;93.6;84.5;22.5;0.3;74.3;45.4;38.9;16.7;0.9;7.6;91.5;24.1;11.2;34.8;7;23
1107;Poindah - Noelly - Néami - Netchaot;39;49;34;96;178;292;68.3;72.7;16.1;31.1;57.7;88.2;11.8;83;17;19.5;70.8;11.6;31;81.9;15;3.2;3.3;11.6;24.3;26.9;36.3;12.5;86.1;13.9;97;85.2;72.5;31.5;0.3;68.9;46.6;32.3;11.2;4.4;7.5;88.1;18.1;10.4;34.5;8.8;28.2
1108;Bopope;7;0;0;4;13;27;78.4;76.5;11.8;27.5;60.8;76.5;23.5;70.6;29.4;37;53.9;12.7;49.2;90.2;3.3;6.6;0;3.3;44.3;55.7;0;0;78.7;21.3;65.6;83.6;60.7;49.2;0.2;57.4;36.2;37;11.8;0;5;95;13.1;21.3;19.7;0;45.9
1201;Koumac village;11;125;75;325;398;353;58.4;56.5;28.4;28.3;56.6;89.7;10.3;91.6;8.4;21.1;76.5;4.1;18.7;60.6;30.5;8.9;6.7;23.8;13.5;30;41.8;14.7;99.1;0.9;99.2;98;95.6;60.6;0.1;78.5;71.2;9.3;15.2;8.8;13.9;77.3;20.4;20.2;38.2;10.8;10.4
1202;Pagou - Paop - Wanac;10;14;4;30;54;134;76.4;78.9;11.8;33.3;57.3;67.9;32.1;76;24;35.8;63;4;31.2;82.5;7.4;10.1;0;7.4;55;14.8;11.1;19;95.8;4.2;96.8;94.7;81.5;29.1;0.2;73;57.2;21.7;9.3;0;10.6;89.4;19.6;11.1;37;6.9;25.4
1203;Paagouméne - Chagrin - Karack - Pagui;13;32;7;51;65;97;61.1;57.4;18.1;19.2;56.2;86.4;13.6;88.3;11.7;17.4;83.8;1;18.1;71.4;19.3;9.2;8.4;10.9;28.6;26.5;34;10.9;86.6;13.4;81.9;89.1;86.1;32.8;0.1;73.1;59;19.2;24.5;4.3;12.5;83.2;20.6;20.6;32.4;9.7;16.8
1301;La Foa village;45;112;73;209;374;379;63.2;55.3;25.5;26.4;54.4;85.4;14.6;91.1;8.9;21;77.2;3.9;20.4;64.1;29.1;6.8;9.2;19.9;9.2;37.4;40;13.5;95.5;4.5;92.9;97;91.3;48.1;0.2;70.7;60.7;14.2;19.2;6.2;15.8;78;24.5;22.2;28.5;11.9;12.9
1303;Oua Tom Forˆt noire Pierrat;37;9;8;30;35;51;50.6;51.8;25.3;37.6;39.4;82.4;17.6;81.2;18.8;24.1;69.5;8.1;32.4;80.6;7.1;12.4;0;7.1;23.5;34.1;25.9;16.5;80;20;95.3;88.2;70.6;26.5;0.2;69.9;52.8;24.4;22.9;2.7;9.2;88.1;25.9;18.8;32.9;8.2;14.1
1401;Gaitcha;33;23;36;120;290;92;64.3;64.8;21.5;42.9;43.4;81.1;18.9;87.9;12.1;50.5;46.9;5.6;44.8;91.5;6.1;2.4;0;6.1;52.7;26.5;16.4;4.4;94.9;5.1;98.8;83.6;73.1;16;0;62.5;48.7;22;13.6;2.9;5.8;91.3;12.7;11.7;36.6;9.7;29.3
1402;Lössi;53;76;74;186;288;214;56.3;44.2;35.7;28.5;51.4;75.4;24.6;79.1;20.9;46.5;47.2;9.3;48;89.6;7.3;3.1;0.4;6.9;54.2;30.5;11.6;3.7;88.2;11.8;95.1;90.6;76.8;19.3;0;63.9;42.2;33.9;20.1;2.1;7.2;90.7;21.7;12.9;35.3;9.6;20.4
1403;Wet;74;106;70;276;294;193;48.1;44.1;36.7;26.3;54.6;76.6;23.4;81.8;18.2;49.4;49;4.4;44.5;86.8;8.3;4.9;0.3;8;56.2;25.2;14.2;4.4;92.9;7.1;96.9;85;70.4;24.2;0;60.8;40.6;33.3;19.2;3.8;11.3;84.9;22.2;12.4;33.5;9.9;22
1501;Guahma;76;37;16;88;182;88;55.4;44.1;32;23.2;53;63.7;36.3;74.9;25.1;55.1;42.1;5.5;53.4;95.5;2.3;2.2;0.3;2;66.4;24;7.2;2.5;97.2;2.8;96.3;88.9;78.2;12.9;0.1;53.6;34.9;34.8;23.8;0.7;9;90.3;17.4;13.6;37.7;7.5;23.8
1502;La Roche;41;11;5;34;67;31;51.9;43.4;25.9;18.5;50.8;60.3;39.7;65.6;34.4;62.2;41.3;0.5;59.5;98.1;1.9;0;0.4;1.5;57.6;24.2;13;5.2;96.7;3.3;92.9;86.2;77.7;3.3;0.1;54.8;28.3;48.4;30.7;1;4.1;94.9;11.9;6.7;42.8;10.4;28.3
1503;Tadine Pénélo;103;31;24;119;153;94;47.1;38;27.7;23.7;42;59.9;40.1;58.8;41.2;53.3;44.7;4.6;54;94.7;3.5;1.8;2.2;1.3;65.5;23.2;8.8;2.6;94.7;5.3;95.8;82.4;68.5;14.4;0;55.6;34.3;38.3;34.4;1.8;8.5;89.7;14.1;11.3;41.7;8.3;24.6
1601;Moindou;37;32;6;36;77;80;58.6;55.2;16.8;25.4;46.6;80.6;19.4;84.7;15.3;14.7;80.6;6.2;20.5;79.9;9.3;10.8;0;9.3;12.7;34.7;27.2;25.4;90.7;9.3;97.4;92.9;85.1;39.2;0.5;72.8;59.2;18.8;28;0.9;13.4;85.7;28.7;23.9;25.7;9.7;11.9
1701;Yahoué Nord;4;62;95;238;190;144;45.6;58.8;26.7;12.1;73.4;92.6;7.4;97.7;2.3;5.4;95.2;3.4;7.3;63.4;30.5;6.1;5.9;24.6;7.1;26.5;45.9;20.6;97;3;97.6;97.3;95.6;78.1;0.8;76.2;70;8.1;14.5;5.3;21.6;73.1;22.3;21.2;34.4;11.6;10.5
1702;Yahoué Sud;1;59;45;170;263;197;62.6;64.9;23;17.4;70.5;89.5;10.5;94.1;5.9;5.3;83.2;13.1;16.2;72.6;22.2;5.2;8.5;13.7;5.6;29.5;48.6;16.4;99.2;0.8;98.8;99;96.5;76.5;0.7;70.1;60.6;13.5;12.1;4.1;20.3;75.6;13.9;17.9;34.7;9.2;24.3
1703;Pont des Fran‡ais;1;55;42;101;140;97;54.4;54.8;21.8;14;62.6;89.9;10.1;95;5;4.9;89.9;7.8;10;45.2;45.2;9.7;9.7;35.5;3.7;26.4;56.2;13.7;100;0;98.3;98.7;96.3;74.2;0.7;74.4;68.4;8;23.4;8.3;21.3;70.4;18.1;18.1;37.8;9;17.1
1704;La Conception;2;22;30;103;148;124;63.4;62.7;23.3;23.3;62.7;90.7;9.3;91.8;8.2;10.6;88.2;3;10.5;77.6;14.7;7.7;0;14.7;8.4;29;40.6;22;99.7;0.3;98.6;99;97.9;76.9;0.6;74;63.8;13.7;14;4.7;14.4;80.9;12.9;15.7;28.3;12.2;30.8
1705;Robinson Nord;0;85;72;176;213;170;53.5;56.8;23.6;13.8;66.6;89;11;94.8;5.2;5.9;91.9;4.5;12.2;76.8;19.5;3.8;12.2;7.3;1.5;18.1;56.6;23.7;99.6;0.4;98.9;100;97.3;80.3;0.7;75.2;67.5;10.3;19.6;5.6;11.5;82.9;13.9;19.5;34.1;10.4;22.1
1706;Robinson Sud;2;200;180;393;453;409;52.7;58.6;20.5;13.6;65.6;89.1;10.9;94;6;7;87.8;7.3;10.2;72.5;25.1;2.4;10.7;14.4;3.1;24.1;50.9;21.9;99.7;0.3;99.5;99.7;97.8;76;0.7;73.1;66.9;8.4;20.8;3.7;18.1;78.2;16.3;21.4;36.4;9.2;16.7
1707;Boulari;4;104;88;267;377;255;57.7;65;20.3;14.8;70.5;90.3;9.7;96.1;3.9;10;82.1;10;16.9;39.7;58.6;1.7;26.7;32;8.5;38.9;39.9;12.7;99.4;0.6;97.9;97.7;97.6;73.2;0.7;72.4;64.7;10.6;14.7;6.8;21.4;71.8;16.6;21.2;36.3;12.9;13
1708;Saint Michel;1;64;99;207;254;202;55.1;63.7;22.9;17.3;69.3;90;10;95.2;4.8;6.7;88.6;6.5;13.7;67.6;29.9;2.5;14;15.9;4.3;27.8;45.5;22.4;99.5;0.5;99.8;99.3;99.2;75.4;0.7;67.7;60.9;10.1;13.4;4;17.2;78.8;12;24.9;35.6;7.4;20.1
1709;Saint Louis;19;14;23;45;164;224;79.3;70.6;20.2;27.2;63.6;79.8;20.2;84;16;13.3;63.9;25.7;43.5;91.4;0.3;8.4;0;0.3;34.4;21.8;28.9;14.9;87.1;12.9;94.7;85.6;79;25.6;0.5;66.9;50;25.2;9.2;0.8;5.7;93.5;14.4;6.1;37;8.6;33.9
1710;La Coulée Nord;10;49;25;96;152;184;65.1;68.2;16.5;21.9;62.8;85.7;14.3;93.6;6.4;12;80.2;10.6;17.6;71.9;19.4;8.7;10;9.5;11.8;28.9;45.5;13.8;95.7;4.3;89.5;95.7;91.8;58.6;0.5;66.6;56;15.8;15.3;0.8;14.8;84.4;12;15.6;38.6;9.2;24.6
1711;La Coulée Sud;2;51;38;166;268;306;69.1;69.3;17.6;20.5;66.4;86.8;13.2;94.3;5.7;12;80.8;8.8;12.6;79.6;12.7;7.7;0.3;12.4;12.7;34;40.7;12.6;97.5;2.5;94.8;97.2;94.8;69.8;0.5;67.9;58.4;14;13.1;2.9;8.3;88.8;13.1;21.4;37.5;6;21.9
1712;Vallon Dore;4;109;78;253;242;278;53.9;59.4;22.5;17.2;64.7;92;8;96.7;3.3;3.7;78.3;21.5;19.9;64.1;27.2;8.7;12.5;14.8;13.2;28;39.7;19;95.2;4.8;99.1;96.3;95.1;70.5;0.6;70.7;60.8;14;18;7.3;16.7;76;15;20.8;41.4;9.7;13.1
1713;Mont Dore Sud;6;127;114;288;290;250;50.2;54.1;23.5;15.6;62;88;12;94.1;5.9;2.9;87.3;12.1;15.4;72.7;23.8;3.5;8.1;15.7;9.9;28.9;37.9;23.3;99.5;0.5;99.3;99.3;95.9;75.7;0.5;70.8;64.3;9.3;22.3;5.5;14.5;80.1;21.6;22.3;35.9;7.3;12.9
1714;Plum;2;57;43;142;466;202;73.2;44.8;45.2;37.4;52.6;90.9;9.1;94.1;5.9;23.4;67.1;14.1;33.1;64.8;28.9;6.3;8.4;20.5;8.4;27;45.1;19.6;97.9;2.1;97.1;97;94.1;66.3;0.4;70.1;62.3;11.2;10;15.5;12.9;71.6;10.3;14.8;40.9;8.2;25.9
1715;Mouirange - Grand Sud - Ile Ouen;12;19;9;17;31;45;57.1;56.4;13.5;19.5;50.4;87.2;12.8;91;9;26.9;64.4;10.9;39.7;78.4;10.3;11.2;0;10.3;15.5;32.8;38.8;12.9;83.6;16.4;96.6;96.6;91.4;39.7;0.3;67.6;55.2;18.4;30.1;0.3;7.2;92.6;12.9;23.3;34.5;7.8;21.6
1716;Malaoui;0;0;0;0;0;0;N/A - division par 0;N/A - division par 0;N/A - division par 0;N/A - division par 0;N/A - division par 0;N/A - division par 0;N/A - division par 0;N/A - division par 0;N/A - division par 0;N/A - division par 0;N/A - division par 0;N/A - division par 0;N/A - division par 0;N/A - division par 0;N/A - division par 0;N/A - division par 0;N/A - division par 0;N/A - division par 0;N/A - division par 0;N/A - division par 0;N/A - division par 0;N/A - division par 0;N/A - division par 0;N/A - division par 0;N/A - division par 0;N/A - division par 0;N/A - division par 0;N/A - division par 0;N/A - division par 0;N/A - division par 0;N/A - division par 0;N/A - division par 0;N/A - division par 0;N/A - division par 0;N/A - division par 0;N/A - division par 0;N/A - division par 0;N/A - division par 0;N/A - division par 0;N/A - division par 0;N/A - division par 0
1801;Val Plaisance Sud - Ouen Toro;6;180;367;329;182;81;23;45.1;31.1;13.8;62.4;93.4;6.6;96.5;3.5;9.7;89.1;2.5;13.6;53.2;44.5;2.3;0;44.5;6.9;33;39.1;21;99.7;0.3;99.9;99.6;98.3;91.5;0.1;79.4;77.2;2.8;23.8;23.3;5.9;70.8;32;30.5;25.1;7.5;4.8
1802;Val Plaisance Nord;0;133;214;223;114;40;21.3;43.8;27.5;10.4;60.9;89.1;10.9;97.1;2.9;10.4;87.9;3.2;14;53.4;43.7;3;0.2;43.5;11.5;40.6;29.3;18.6;99.5;0.5;99.8;99.5;95.3;88.9;0.1;80.8;77.8;3.6;28.7;18.9;7.3;73.8;36;25;24.2;8.7;6.1
1803;Anse Vata Est;1;146;335;374;204;81;25;45;30.1;11.3;63.8;87.8;12.2;95;5;16.7;80.6;4.9;12;42.8;52.1;5.1;8.6;43.5;8.3;45.2;31.2;15.4;99.9;0.1;99.6;99.5;93.9;88;0.1;78.7;74.5;5.4;24.9;24;6.8;69.2;35.5;25;24.2;9.7;5.7
1804;Anse Vata Ouest;1;120;207;223;134;49;24.9;37.9;36;12.8;61;91;9;96.3;3.7;13.3;82.4;6.4;17.2;45;52.1;2.9;9.4;42.7;18.1;31.6;28.3;22;91.5;8.5;93.5;98.5;88.4;90.3;0.1;75;71;5.3;26.2;29.1;6.1;64.8;29.2;29;26.9;10.3;4.6
1805;Baie des citrons;0;138;325;294;176;54;23.3;39.6;35.5;14.3;60.8;90.9;9.1;96.8;3.2;24.8;75.1;1.9;12.9;49;46.3;4.7;0;46.3;12.4;41.6;28.6;17.4;99.2;0.8;99.6;99.7;95.6;92;0.1;79.4;76.6;3.5;24.9;33.9;6;60.1;38;29.8;23.4;4.1;4.7
1806;Motor Pool - Receiving;3;161;358;394;311;108;31.4;44.5;35.4;17.2;62.6;90.5;9.5;94.7;5.3;20.3;78.1;3.8;16.1;45.2;46.1;8.7;7.4;38.7;6.3;50;29.9;13.9;99.7;0.3;99.8;99.6;97.7;87.5;0.1;79;75.1;4.9;20.1;23.6;6;70.4;30.7;21.7;29.8;12.6;5.2
1807;N'Géa;0;273;329;463;388;218;36.3;51.1;25.3;15;61.4;88.9;11.1;93.1;6.9;19.5;72.6;9.8;26.7;43;56.2;0.8;45.9;10.3;6.9;40.9;17;35.3;99.4;0.6;99.3;98.2;95.9;75.7;0.1;72.7;66.3;8.8;23.6;9.3;5.7;85;20.7;20.9;34.5;14.1;9.8
1808;Trianon;2;212;397;546;295;116;26.2;46.9;31.2;12.6;65.6;91.7;8.3;97.3;2.7;13.2;84.1;3.6;17.5;39.4;59.1;1.5;9.9;49.2;18.4;41.3;28.6;11.7;99.6;0.4;99.4;99.1;92.7;83;0.1;81.7;78.4;4;21.9;23.1;7.5;69.5;40.8;23.9;23.2;7.7;4.5
1809;Orphelinat;1;138;270;211;92;30;16.4;43.4;33;21.2;55.3;94.2;5.8;97.2;2.8;10.4;89.8;2.2;12.4;60.3;37.2;2.6;0.2;37;3.1;33.3;39.9;23.7;98.1;1.9;99.2;98.7;97.9;92.9;0.1;80.5;78.8;2.1;23.6;21;4.4;74.5;29.9;29.4;28.6;6.8;5.3
1810;Artillerie;3;97;213;174;160;49;30;35.8;39.7;14.2;61.2;90.2;9.8;95.3;4.7;30.8;68.7;3.8;14.9;46.6;48.2;5.2;7.3;40.9;26.5;40.9;23.9;8.6;99.5;0.5;99.4;99.2;78.3;91.1;0.1;74.2;71.5;3.7;24.6;36.8;8.1;55.2;32.5;27.5;28.6;8.3;3.1
1811;Faubourg Blanchot;6;166;273;402;317;185;37.2;52.2;28.2;16.8;63.7;89;11;94.1;5.9;20.1;76.7;5;22.2;49.7;45.3;5;4.7;40.6;16.5;37.1;31.1;15.3;99.5;0.5;99.1;98.2;94.3;78;0.1;78.8;74.3;5.7;19.6;22;5.6;72.4;32.9;24.4;26.9;9;6.8
1812;Quartier Latin - Vallée du Génie;3;155;276;388;416;219;43.6;52.7;31.6;20.2;64.1;89.5;10.5;94;6;38;55.6;7.1;33.7;31.4;66.4;2.2;4.8;61.6;31.1;45.5;17.7;5.7;99.7;0.3;99.5;99.2;90.2;74.5;0.1;80.9;75.6;6.6;15.6;24;17.6;58.5;40.9;23;20.4;9.2;6.5
1813;Vallée des Colons Sud Ouest;2;139;276;364;233;112;30.6;46.7;29.1;12;63.9;88.8;11.2;94.9;5.1;14.6;79.3;7.9;24.5;54.5;41.5;3.9;11.3;30.2;18.4;32.4;32.4;16.9;98.8;1.2;98.7;98.1;87.9;72.1;0.1;75.1;70.9;5.5;24.2;10.2;8;81.8;40.1;20.8;24.2;7.5;7.4
1814;Vallée des Colons Sud Est;1;233;356;474;251;145;27.1;44.7;29.2;11.9;62;91.4;8.6;96.9;3.1;9.4;89.4;3;15.2;61.9;35.5;2.6;4;31.5;6.2;31.8;37.3;24.7;99.1;0.9;98.7;98.6;95.8;85.2;0.1;78.3;75;4.3;26.1;13.1;5.4;81.6;27.7;29.1;26.1;8.1;8.9
1815;Magenta Ouest;0;132;199;323;197;36;26.3;42.6;37.7;16.5;63.8;90.3;9.7;94.3;5.7;10.7;88.4;2.2;13.6;56.5;40.1;3.4;12.1;28;5.3;31.8;41.2;21.7;99.2;0.8;98.5;99.2;98.7;93.1;0.1;77.9;75;3.7;19.7;15.1;8.6;76.3;38;23.4;23.5;8.8;6.3
1816;Magenta Tours;2;26;6;88;342;238;82.6;74.2;20.5;23.8;70.9;77.9;22.1;85.2;14.8;32.8;35.7;34.2;71.9;1.4;98.3;0.3;98.3;0;31.6;66.3;2;0.1;99;1;98.6;97.5;84.6;32.5;0.1;68.6;55;19.9;5.3;1.1;12.8;86.1;30.2;9.4;29.3;13;18.2
1817;Magenta Est;5;226;347;482;349;208;34.4;56.1;24.9;17.4;63.6;89.4;10.6;94.5;5.5;8.2;81.4;11.7;24.6;49;47.2;3.8;16.7;30.4;11.3;38.2;34.4;16.1;98.6;1.4;99.5;98.5;92.5;76.1;0.1;77;71.5;7.1;19;10.8;10.1;79.2;37.2;23.1;22.6;7.2;9.9
1818;Ouémo;2;120;262;285;96;50;17.9;40.1;36.3;10.6;65.9;93.1;6.9;98;2;5.9;93.7;2;11.9;55.1;40.8;4.1;7.5;33.3;5.1;27.4;42.3;25.2;99.7;0.3;100;100;98.9;90.7;0.2;82.1;80.3;2.2;23.6;17.2;4.3;78.5;31.8;29;28;6.2;4.9
1819;Haut Magenta;1;201;217;279;263;106;34.6;41.3;31;19.1;53.2;90.5;9.5;95.9;4.1;6.5;85.8;9.4;22.3;52;45.6;2.4;11.6;34;11.6;40.4;28.5;19.5;99.6;0.4;98.3;96.5;96.2;80.2;0.1;78.7;74.9;4.8;27.6;11.1;6.9;82;29.1;22.1;28.8;8.5;11.5
1820;Vallée des Colons Nord Est;3;120;181;311;228;172;39.4;54.6;27.9;18.6;63.8;91.1;8.9;95.1;4.9;12.6;77.7;11.8;22.6;50;49.1;0.9;20.9;28.3;9.6;39;28.4;23;100;0;99.8;99;96.9;76.4;0.1;76.1;69.2;9.1;17.5;8.6;6.7;84.7;30.1;20.4;26.7;11.2;11.6
1821;Vallée des Colons Nord Ouest;0;73;144;190;189;72;39.1;46;36.2;19.5;62.7;89.8;10.2;96.6;3.4;17.7;73.7;10.2;15.5;49.1;46.8;4.1;10.9;35.9;10.4;44.2;28.2;17.3;100;0;99.8;99.7;94.3;78.9;0.1;69.1;65.5;5.2;17.8;19.6;10.6;69.8;31.6;24;28.3;9;7.1
1822;Centre ville;4;122;161;297;471;211;53.9;60.3;24.6;22.3;62.6;85;15;91.5;8.5;43.7;45.5;11.7;41.6;13.2;81.9;4.8;5.3;76.7;32.2;52;10;5.9;99.7;0.3;99.6;98.1;87;64.2;0.1;76.2;68.4;10.1;15.1;18;18.6;63.4;46;21.1;15.6;8.7;8.5
1823;Nouville;2;37;53;111;248;237;70.5;70.8;22.2;46.8;46.2;75.6;24.4;87.9;12.1;13.6;36.7;50.7;73.2;11.2;70.8;17.9;64;6.9;76.4;13.7;8.6;1.4;73.6;26.4;94.9;80.1;19.3;72.4;0.1;32.8;23.4;28.6;7;12.6;25.5;61.8;62.8;9.9;12.7;3;11.6
1824;Vallée du Tir;1;57;53;116;297;238;70.2;70.3;16.7;26;61;82.2;17.8;90.3;9.7;27.9;45.9;28;48.8;29;69.1;1.9;33.1;36;46.5;28.8;15.2;9.5;99;1;98.6;95.4;81.2;44.7;0.1;74.3;59.7;19.7;13;3;12.1;84.9;30.6;16.3;23;14.3;15.8
1825;Doniambo - Montagne coupée - Montravel;0;19;8;14;73;23;70.1;46;23.4;29.2;40.1;67.9;32.1;94.2;5.8;53.9;38.8;7.6;35.4;41.8;53.2;5.1;0;53.2;27.8;36.7;29.1;6.3;100;0;98.7;97.5;89.9;58.2;0.1;63.6;46.6;26.7;30.7;2.3;16;81.8;36.7;16.5;24.1;7.6;15.2
1826;Portes de Fer - Sud;10;220;279;516;446;303;42.2;56.1;26.2;18.9;63.4;90.2;9.8;94.5;5.5;11;78.8;12.2;33.8;47.1;50.8;2.2;31.6;19.1;10.4;37.4;36.4;15.8;99.8;0.2;98.1;99.3;97;74.6;0.1;77.8;71.5;8;17.7;7.4;7;85.6;31.2;21.8;23.5;10.6;12.9
1827;Aérodrome Sud;4;93;136;307;429;347;59;65.9;22.9;24.3;64.4;88.1;11.9;94.2;5.8;14.7;65;22.2;33.9;20.4;79;0.6;62.3;16.7;21.5;49.3;23.2;6;99.6;0.4;99.8;98.4;95.3;61.3;0.2;76;66.1;13;11.2;5.8;7.8;86.4;33.3;15.2;23.6;12.4;15.5
1828;Portes de Fer - Nord;2;44;40;154;327;336;73.4;74.9;21.2;33.2;62.8;86;14;92.7;7.3;17.2;42.2;42.2;52;25.1;69.3;5.6;47;22.3;41.3;43;11.4;4.4;91.3;8.7;96.5;92.7;87.2;39.4;0.1;68.5;55.2;19.4;4;3.5;9.4;87.1;18.6;12.4;26.1;15.4;27.6
1829;PK 4;2;75;76;198;345;315;65.3;71.3;18.9;20.4;69.8;85.9;14.1;91.9;8.1;8;66.5;27.7;31;29.6;67.9;2.5;59.3;8.7;15.8;45.2;30.6;8.4;99.1;0.9;98.9;98.9;94.2;57.7;0.2;74.4;64.3;13.6;9.8;3.9;9.7;86.3;19.2;15.6;30.4;15.5;19.3
1830;Aérodrome Nord;0;58;84;152;153;78;44;54.5;31.6;21.9;64.2;90.9;9.1;93;7;12;79;11;21.1;49;49.6;1.4;40.3;9.3;5.5;25.2;50.1;19.2;98.9;1.1;83.8;99.2;98.1;77.5;0.2;71;65.3;8.1;13.9;5.4;11.3;83.3;15.3;17.5;37.5;13.2;16.4
1831;PK 6 Sud;1;76;94;139;68;94;34.3;51.1;22.2;16.7;56.6;89.2;10.8;92.6;7.4;3.9;77.6;20.1;22.2;53.7;23;23.3;0;23;14.6;25.5;28.2;31.7;77.5;22.5;96.5;79.7;78.9;75.6;0.2;77.2;67.8;12.1;26.7;6.6;7.7;85.8;16.8;33.6;32.5;6.2;10.8
1832;Zone industrielle Ducos;3;28;6;47;143;218;81.1;80.2;9.7;35.5;54.4;79.8;20.2;86.3;13.7;26.1;52.1;24.7;42;30.8;33.9;35.3;7.3;26.6;42;45.4;10.9;1.7;66.9;33.1;92.4;73.4;59.4;26.3;0.2;74.3;53.4;28.1;10.1;1.7;9;89.3;21;17.9;26.3;6.4;28.3
1833;Riviére Salée Sud;0;61;56;144;244;143;59.7;70.2;20.8;26.9;64.2;90.4;9.6;96;4;17.4;67.9;16.2;30.4;82.8;14.8;2.4;9.7;5.1;14.4;32;42.4;11.2;100;0;100;99.6;99.4;68.4;0.1;70.4;59.5;15.5;9;0.9;6.7;92.5;16;18.9;18.9;5.5;40.8
1834;PK 6 Nord;5;84;102;306;266;193;48;56.4;26.7;13.9;69.1;88.9;11.1;93.5;6.5;4.7;84.2;12.4;14.1;52.4;44.4;3.2;8.5;35.9;6.8;46.1;36.7;10.4;99.7;0.3;99.9;99.3;98.6;74.1;0.2;77.5;70.5;9;16.9;8.3;10.3;81.4;26.1;26.3;22.7;10.1;14.7
1835;Tina;0;162;203;257;115;47;20.7;38.3;32.5;7.7;63.1;91.2;8.8;97.1;2.9;3.6;96.8;1.5;4.4;87.1;10.1;2.8;0;10.1;1.8;10.1;35.1;53.1;99.8;0.2;99.3;99.1;98.9;97.2;0.2;75.8;74.2;2.1;29.2;9;3.6;87.4;11.6;31.9;43.7;4.9;7.8
1836;PK 7 Est;4;33;173;186;194;174;48.2;57.7;33.2;33.5;57.5;88;12;96.2;3.8;7.1;77.4;17.1;23.1;45.6;52.1;2.3;30.1;22;8.9;38.1;37.4;15.6;99.8;0.2;100;98.7;96.1;66.2;0.2;77.3;68.3;11.7;9;2.9;12.5;84.5;20.9;19;28.8;12.5;18.8
1837;PK 7 Ouest;3;132;162;398;325;207;43.4;58.9;24.3;14;69.2;90.1;9.9;93.1;6.9;9.7;82.5;9.1;17.3;47.3;51.2;1.5;12.1;39.1;11.5;43.7;29.3;15.5;99.6;0.4;99.8;98.9;94.8;77.1;0.2;79.3;73.2;7.7;16.8;7.1;13.1;79.7;29.2;26;24.2;10;10.6
1838;Riviére Salée Nord Est;10;95;76;211;404;419;67.7;69.4;19.4;25.7;63.1;85.9;14.1;91.9;8.1;15.8;61.5;25;35.5;51.9;43.8;4.4;38.3;5.5;11.4;26.2;44.9;17.4;99.1;0.9;97.7;98.9;94.5;60.6;0.1;67.2;54.8;18.6;11.2;1.6;7.9;90.5;16.7;16.6;28.2;8.6;29.9
1839;Normandie Sud;3;59;258;325;282;125;38.7;58.7;34.6;34.2;59.1;93.5;6.5;98.3;1.7;9.2;74.6;18.9;25;27.4;50.8;21.9;40.4;10.4;11;48.9;30.1;10;96.5;3.5;94.7;96.3;92.7;69.3;0.2;79;75.8;4;6.7;19.8;7.3;72.9;17.7;15.2;39.7;11.4;16
1840;Normandie Nord;1;40;36;143;199;170;62.6;68.4;21.1;16.6;72.8;85.1;14.9;90.5;9.5;5.8;80.9;15.7;20.4;55.6;39.7;4.7;22.8;16.9;4.5;37.1;51.6;6.8;100;0;100;98.8;97.7;71.1;0.2;71.4;62.3;12.7;10.5;3.5;13.4;83.1;18.5;12.4;38.3;12.4;18.3
1841;Riviére Salée Nord Ouest;1;47;45;161;250;177;62.7;65.8;24.1;22.8;67.1;86.6;13.4;91.6;8.4;21.8;58.6;21.3;37.4;52.4;44.4;3.2;31.9;12.5;33.5;29.9;31.6;5.1;99.6;0.4;99.4;99.1;97.9;58.6;0.2;69.9;57.9;17.3;10.1;2.5;9.4;88.1;11.3;14.4;27.6;10.8;35.9
1842;Ducos;4;58;36;109;263;314;73.6;73;14.8;20.8;67;81.9;18.1;90.2;9.8;13.7;66.6;22.5;40;45.8;40.3;13.9;25.6;14.7;23.7;45;24.8;6.5;98.5;1.5;99.5;97.7;92.2;50.2;0.1;68;54.9;19.2;12.2;1.7;7.7;90.6;18.1;16.5;31.6;10.1;23.7
1843;Logicoop;4;42;32;96;151;134;62.1;68.2;19.6;20.7;67.1;88;12;90;10;9.7;72.6;20;27.8;65.3;31.1;3.6;22.1;9;9.5;35.2;41.3;14;98.1;1.9;97.6;98.3;96.9;57.2;0.1;67.9;58.9;13.2;12.2;2.1;7.1;90.8;20.4;18.1;28.3;10.9;22.3
1844;Kaméré;2;98;45;140;455;443;75.9;74;16.5;25.1;65.3;81.1;18.9;88.8;11.2;24.4;55.9;22.7;37.9;32.3;66.2;1.5;63.5;2.7;10;44.4;39.5;6.2;98.6;1.4;98.6;98.6;95.2;44.5;0.1;69.4;54.9;20.9;9.6;0.9;6.6;92.5;10.7;10.6;39;12.3;27.4
1845;Tindu - Numbo - Koumourou;2;17;5;45;164;229;85.1;78.1;15.6;29.2;64.5;74.9;25.1;79.9;20.1;17;40.7;44.9;49.6;32.5;60;7.5;51.6;8.4;14.2;35.4;33.3;17.1;90.4;9.6;90.1;87.2;78.8;24.3;0.2;68.9;48.7;29.4;6.3;1.5;9.1;89.4;12.8;8.4;34.8;9.3;34.8
1901;Ouégoa village - Balagam - Paraoua - Tarap;53;30;3;33;68;92;57.3;46.6;20.4;23.7;43.4;77.4;22.6;82.1;17.9;36.3;65.6;0;34.9;82.2;8.7;9.1;0;8.7;34.2;20.4;25.5;20;92.7;7.3;97.1;87.6;81.5;37.1;0.2;69.3;53.2;23.1;33;1.8;6;92.2;26.2;16.7;28;7.6;21.5
1902;Pam - Tiari;10;9;0;9;8;18;48.1;40.7;18.5;24.1;35.2;70.4;29.6;74.1;25.9;50.3;51.4;1.1;40.6;94.2;2.9;2.9;0;2.9;44.9;34.8;13;7.2;76.8;23.2;91.3;85.5;58;10.1;0.3;60.1;35.3;41.3;40.7;0.9;19.2;79.8;24.6;11.6;21.7;15.9;26.1
1903;Bondé;116;15;1;22;45;94;47.4;42.3;12.6;24.6;30.4;48.5;51.5;49.5;50.5;58.7;42.5;2;53.1;98.7;1.3;0;0;1.3;45.6;32.1;17.3;5;78.6;21.4;93.4;69.8;43.1;3.1;0.3;72.8;38.2;47.6;45.1;0.2;6.1;93.7;19.5;6.6;38.1;11.3;24.5
2001;Saint Joseph Gossanah Takedji;113;13;8;39;61;39;36.6;23.4;22.3;16.1;29.7;51.3;48.7;56.8;43.2;58.8;37.2;7.1;49.8;98.9;0;1.1;0;0;47.3;34.4;14.7;3.6;88.5;11.5;69.5;81.7;50.5;12.5;0.1;54.7;45.4;17;54.2;0.4;12.3;87.2;20.4;10.4;32.6;10;26.5
2002;Fayaoué;67;64;33;86;132;154;53.4;45.1;25.6;27.2;43.5;67;33;72.9;27.1;66.8;33.5;2;57.3;91.7;4.2;4.2;0;4.2;41.8;33.6;20.2;4.3;90.9;9.1;90.7;81.5;55;20.2;0.1;67.7;43.5;35.7;29.3;1.5;12.6;85.9;22.9;9.8;33.1;7.6;26.7
2003;Mouli;18;34;4;19;49;33;52.2;42;23.6;33.1;32.5;69.4;30.6;72;28;60.7;37.2;3.9;52.5;97.5;0;2.5;0;0;76.2;19.4;4.4;0;81.2;18.8;27.5;73.8;43.8;5;0.1;60.5;40.8;32.6;34.4;1.5;10.5;88;18.1;8.8;32.5;5;35.6
201;Boulouparis village;39;104;59;113;168;184;52.8;58.2;21.1;22.6;56.7;86.4;13.6;91.8;8.2;10.7;88.6;2.4;17.4;76.4;15.1;8.5;4;11.1;9.3;29.3;39.7;21.6;94.5;5.5;97.7;98.1;93.6;59;0.4;64.8;58.9;9.1;20.7;3.2;21.1;75.7;23.4;37.9;24.1;5.6;8.9
204;Tomo-Ouinané;30;46;6;41;106;141;66.8;70;12.4;25.7;56.8;79.7;20.3;84.6;15.4;12;80.2;9.1;23.9;81.3;8.8;10;0;8.8;8.5;30.8;44.7;16;82.5;17.5;76.7;87.6;82.5;41.7;0.5;70.5;60.3;14.5;17.6;1.4;14.5;84.2;22.4;28.4;25.7;6.3;17.2
205;Nassirah;14;11;3;11;58;86;78.7;72.1;16.9;32.8;56.3;80.3;19.7;77;23;31.4;67.3;3.7;35.8;91.6;3.9;4.5;0;3.9;35.8;46.4;12.8;5;76;24;91.1;78.2;72.6;15.1;0.3;72.6;42.9;41;10.9;0.5;5.8;93.7;18.4;12.3;42.5;4.5;22.3
2101;Paita centre;2;93;34;171;420;360;72.2;70.7;19.4;26.5;63.6;85;15;90.6;9.4;23.6;65.9;12.9;29.1;71.1;25.5;3.5;16.4;9;8.3;22.7;55.9;13.1;97.8;2.2;94.9;97.5;94.6;58;0.5;63.2;56;11.5;9.9;3.5;10.4;86.2;14;12.7;29.8;5.7;37.8
2102;Scheffleras;7;97;50;366;502;532;66.5;74.1;19.8;20.3;73.6;92.3;7.7;95.1;4.9;9.9;75.3;17.9;15.9;83.4;16;0.7;12.8;3.1;1.3;23.6;69.8;5.3;100;0;94.6;100;99.6;74.4;0.7;72.3;63.1;12.7;6.1;1.4;37.4;61.2;6.8;8.8;50.8;8;25.5
2103;Nogouta-Les 3 Vallées;9;168;110;379;432;334;53.5;57.7;26;12.3;71.4;93.3;6.7;96.7;3.3;5.4;92.2;5.6;12.9;67.1;31.2;1.7;7.3;23.9;2.4;19.1;61.2;17.3;99;1;97.6;99.1;97.3;81;0.7;76.7;71.7;6.4;16.3;7.6;37.3;55.1;8.4;13.9;57.3;6.5;13.9
2104;Ondémia Port Laguerre;11;151;134;473;517;394;54.2;60.9;25.2;14.6;71.5;91.8;8.2;95.5;4.5;5;89.9;8.4;18.2;80.3;17.2;2.5;10.9;6.3;2.2;14.9;61.9;21.1;99.1;0.9;98.7;98.9;97.5;75.8;0.6;73.2;66.3;9.4;13.9;3.5;26.3;70.2;9.3;17.1;48.8;7.3;17.5
2105;N'Dé Naniouni;11;11;1;30;80;73;74.3;70.4;16;43.7;42.7;85.4;14.6;89.3;10.7;28.6;53.2;19.9;54.1;93.7;0;6.3;0;0;17;31.4;41.5;10.1;88.7;11.3;98.1;85.5;75.5;18.9;0.3;67.8;57.7;14.9;13.6;0.9;1.5;97.6;25.8;7.5;31.4;14.5;20.8
2106;Tamoa Bangou Saint Laurent;7;83;19;113;232;250;68.5;63.5;20.3;19.7;64.1;87.6;12.4;92.5;7.5;8.5;79.8;13.8;23.3;89.7;5.3;5;0.7;4.6;15.6;24.3;40.1;20;97.1;2.9;96.3;95.4;91.7;52;0.5;69.4;60.6;12.8;16.2;2.1;12.6;85.3;16.9;18.9;38.6;5.5;20
2107;Tontouta Tiaré;11;136;67;205;326;169;54.2;51.1;30;12.1;68.9;89.2;10.8;96.4;3.6;6;91.5;5.1;19.4;65.2;28.2;6.6;5.2;23;6;22;43.1;29;97.2;2.8;93.6;97.8;94.6;73.2;0.3;75.9;70.5;7.1;18.9;9.3;22.2;68.5;17.2;33.2;36.7;4.9;8
2108;Mont Mou;11;135;104;324;398;330;55.9;55.3;28.5;19.6;64.2;93.1;6.9;96.2;3.8;7.7;89.2;5.1;18;84.5;12;3.5;1.6;10.4;2.5;18.2;52;27.3;98.4;1.6;88;99.2;98.2;78.4;0.5;74.2;69.3;6.6;16.2;4;29.2;66.8;15.1;19.1;44.6;5.4;15.9
2109;Humbolt;0;0;0;0;0;0;N/A - division par 0;N/A - division par 0;N/A - division par 0;N/A - division par 0;N/A - division par 0;N/A - division par 0;N/A - division par 0;N/A - division par 0;N/A - division par 0;N/A - division par 0;N/A - division par 0;N/A - division par 0;N/A - division par 0;N/A - division par 0;N/A - division par 0;N/A - division par 0;N/A - division par 0;N/A - division par 0;N/A - division par 0;N/A - division par 0;N/A - division par 0;N/A - division par 0;N/A - division par 0;N/A - division par 0;N/A - division par 0;N/A - division par 0;N/A - division par 0;N/A - division par 0;N/A - division par 0;N/A - division par 0;N/A - division par 0;N/A - division par 0;N/A - division par 0;N/A - division par 0;N/A - division par 0;N/A - division par 0;N/A - division par 0;N/A - division par 0;N/A - division par 0;N/A - division par 0;N/A - division par 0
2110;Savannah - Nouré;2;245;226;602;562;309;44.8;56.1;27.9;12.9;71;93.7;6.3;96.6;3.4;3.4;95.5;3.4;18.1;65.3;32.3;2.4;4.7;27.6;1.7;10.2;60.5;27.6;99.3;0.7;98.8;99.8;98.9;86.5;0.7;79.8;75.4;5.5;16;8.8;36.2;55;9.6;19.8;54.5;6.5;9.7
2111;Baie Maa;N/A;N/A;N/A;N/A;N/A;N/A;N/A - résultat non disponible;N/A - résultat non disponible;N/A - résultat non disponible;N/A - résultat non disponible;N/A - résultat non disponible;N/A - résultat non disponible;N/A - résultat non disponible;N/A - résultat non disponible;N/A - résultat non disponible;N/A - résultat non disponible;N/A - résultat non disponible;N/A - résultat non disponible;N/A - résultat non disponible;N/A - résultat non disponible;N/A - résultat non disponible;N/A - résultat non disponible;N/A - résultat non disponible;N/A - résultat non disponible;N/A - résultat non disponible;N/A - résultat non disponible;N/A - résultat non disponible;N/A - résultat non disponible;N/A - résultat non disponible;N/A - résultat non disponible;N/A - résultat non disponible;N/A - résultat non disponible;N/A - résultat non disponible;N/A - résultat non disponible;N/A - résultat non disponible;N/A - résultat non disponible;N/A - résultat non disponible;N/A - résultat non disponible;N/A - résultat non disponible;N/A - résultat non disponible;N/A - résultat non disponible;N/A - résultat non disponible;N/A - résultat non disponible;N/A - résultat non disponible;N/A - résultat non disponible;N/A - résultat non disponible;N/A - résultat non disponible
2201;Poindimié village;3;40;42;206;131;85;42.6;35.9;52.5;29.4;59;91.9;8.1;94.9;5.1;34.8;65.1;1.9;17.9;41.1;49.9;9.1;11.3;38.5;9.1;36.3;37;17.6;99.5;0.5;99.7;99.2;94.5;80.6;0.2;71.8;63.2;12;11.6;12.6;12.7;74.7;30.2;14.4;34.8;7.8;12.8
2202;Tiéti - Tyé;42;20;18;74;151;139;65.3;63.1;23;35.1;50.9;73.6;26.4;75.9;24.1;47.1;47.6;7.7;48.5;93.1;4.5;2.4;0.2;4.3;51.3;34.1;10.8;3.8;88.5;11.5;97.1;79.9;53.4;34.4;0.3;59.5;31.9;46.5;14;0.6;5.4;94;24.8;7.7;29.4;9.3;28.7
2204;Tibarama - Bayes - Ouindo - Ometteux - Napoém;35;30;15;51;163;130;69.1;59;21.5;28.5;51.9;64.9;35.1;73.1;26.9;47.7;46.3;8.8;59;94.7;3.9;1.4;0.4;3.5;36.9;39.6;18;5.5;90.3;9.7;94;85.5;57.4;46.8;0.2;56.6;34.1;39.7;19.6;0.3;5.2;94.5;27.2;8.8;30.9;9.9;23.1
2205;Goro Até - Goro Jé;0;0;0;0;0;0;N/A - division par 0;N/A - division par 0;N/A - division par 0;N/A - division par 0;N/A - division par 0;N/A - division par 0;N/A - division par 0;N/A - division par 0;N/A - division par 0;N/A - division par 0;N/A - division par 0;N/A - division par 0;N/A - division par 0;N/A - division par 0;N/A - division par 0;N/A - division par 0;N/A - division par 0;N/A - division par 0;N/A - division par 0;N/A - division par 0;N/A - division par 0;N/A - division par 0;N/A - division par 0;N/A - division par 0;N/A - division par 0;N/A - division par 0;N/A - division par 0;N/A - division par 0;N/A - division par 0;N/A - division par 0;N/A - division par 0;N/A - division par 0;N/A - division par 0;N/A - division par 0;N/A - division par 0;N/A - division par 0;N/A - division par 0;N/A - division par 0;N/A - division par 0;N/A - division par 0;N/A - division par 0
2302;Ponérihouen village;56;46;7;74;95;138;56;46.2;25.2;27.6;43.8;62.5;37.5;64.4;35.6;38.4;50.2;14.4;46.3;88.4;5.6;6;0.2;5.4;52;19.9;18;10.1;88.2;11.8;94.4;84.6;64.9;35.1;0.3;65.5;42.3;35.4;28.6;1.9;9.3;88.8;30;8.6;28.9;10.9;21.6
2303;Goyetta - Goa - Nébouéba - St Yves;27;10;2;24;47;70;65;60;18.3;28.9;49.4;62.2;37.8;62.8;37.2;64.3;35.7;3.5;62.3;99.3;0.4;0.4;0;0.4;60.1;22.3;14.7;2.9;86.1;13.9;94.9;80.6;50.2;29.3;0.5;54.6;25;54.2;21.7;0.4;7.6;92;21.6;7.7;29.3;8.4;33
2306;Aoupinié - Goro Darawé;0;0;0;0;0;0;N/A - division par 0;N/A - division par 0;N/A - division par 0;N/A - division par 0;N/A - division par 0;N/A - division par 0;N/A - division par 0;N/A - division par 0;N/A - division par 0;N/A - division par 0;N/A - division par 0;N/A - division par 0;N/A - division par 0;N/A - division par 0;N/A - division par 0;N/A - division par 0;N/A - division par 0;N/A - division par 0;N/A - division par 0;N/A - division par 0;N/A - division par 0;N/A - division par 0;N/A - division par 0;N/A - division par 0;N/A - division par 0;N/A - division par 0;N/A - division par 0;N/A - division par 0;N/A - division par 0;N/A - division par 0;N/A - division par 0;N/A - division par 0;N/A - division par 0;N/A - division par 0;N/A - division par 0;N/A - division par 0;N/A - division par 0;N/A - division par 0;N/A - division par 0;N/A - division par 0;N/A - division par 0
2401;Pouébo village - St Ferdinand - St Louis;64;19;11;61;79;87;51.7;40.5;29.9;29.6;40.8;66;34;67.3;32.7;63.8;31;10;54.6;95.8;3.9;0.3;0.8;3;46.8;24.4;20.8;8;92.5;7.5;97.2;84.8;61.2;10;0.3;59.2;35;40.8;29.6;1.1;6.6;92.3;27.1;5.3;29.6;10;28
2402;Tchamboéne - Diahoué - Colnett;36;4;4;24;37;81;63.4;50;20.4;39.2;31.2;65.1;34.9;74.2;25.8;45.7;41.8;15.1;53.4;93.6;3;3.4;0;3;51.7;28.6;14.5;5.1;94.9;5.1;97;88.5;58.5;6.8;0.4;61.3;31.3;48.9;29.6;0.9;6.3;92.8;21.8;5.6;39.7;6.8;26.1
2405;Massif du Panié - Mont Colnett;0;0;0;0;0;0;N/A - division par 0;N/A - division par 0;N/A - division par 0;N/A - division par 0;N/A - division par 0;N/A - division par 0;N/A - division par 0;N/A - division par 0;N/A - division par 0;N/A - division par 0;N/A - division par 0;N/A - division par 0;N/A - division par 0;N/A - division par 0;N/A - division par 0;N/A - division par 0;N/A - division par 0;N/A - division par 0;N/A - division par 0;N/A - division par 0;N/A - division par 0;N/A - division par 0;N/A - division par 0;N/A - division par 0;N/A - division par 0;N/A - division par 0;N/A - division par 0;N/A - division par 0;N/A - division par 0;N/A - division par 0;N/A - division par 0;N/A - division par 0;N/A - division par 0;N/A - division par 0;N/A - division par 0;N/A - division par 0;N/A - division par 0;N/A - division par 0;N/A - division par 0;N/A - division par 0;N/A - division par 0
2501;Pouembout village;41;95;163;327;230;250;43.4;51.5;30.9;17.5;65;90.1;9.9;93.7;6.3;14.7;82.7;5.6;14.4;50.7;44;5.3;16.2;27.8;11.5;31.7;39.9;16.9;95.9;4.1;99.3;97.6;95.3;75.8;0.6;75.6;67.9;10.2;17.5;9.4;32.9;57.7;22.7;20.8;36.4;10.4;9.7
2503;Pinda - Ouaté - Kopéto;23;16;8;27;36;69;58.7;62;14.5;25.1;51.4;75.4;24.6;83.2;16.8;22.8;75.5;4;28.8;89;3.4;7.5;0;3.4;24.7;47.3;17.8;10.3;82.9;17.1;91.1;87;75.3;30.1;0.4;67.1;54.1;19.4;23.5;0.2;12.4;87.4;27.4;9.6;26.7;9.6;26.7
2601;Poum du village - Poingam;67;14;7;35;81;82;57;50.7;17.5;26.6;41.6;60.8;39.2;57.3;42.7;60;35.2;7.3;50;81.3;2.3;16.4;0;2.3;50.8;26;15.6;7.6;77.1;22.9;64.9;64.1;46.9;22.1;0.1;65.1;48;26.3;31.8;2;8.1;89.8;23.3;14.5;34.7;6.5;21
2603;Bouarou - Pangai - Narai;88;14;5;16;24;89;47.9;45.3;7.6;20.8;32.2;57.6;42.4;60.2;39.8;42.9;58.3;3.5;34.6;85.4;2.4;12.2;0;2.4;26.8;26.3;28.3;18.5;82;18;70.2;75.6;51.7;13.2;0.3;71.2;61.1;14.2;47;0.8;11;88.3;33.2;15.1;26.3;6.3;19
2701;Poya villageé Népoui;9;34;32;121;150;285;68.9;72.1;16;18.5;69.6;87.2;12.8;85.7;14.3;20.8;75.9;5;22.4;68.9;16.7;14.4;2.3;14.4;8.7;14.2;49.5;27.7;92.6;7.4;94.7;94.3;86.3;56.7;0.3;70.6;59.6;15.6;11.9;2.9;12.3;84.8;17.5;14.4;35.5;8.5;24.1
2705;Gohapin - Montfaoué - Néklia - Kradji;16;15;2;22;63;149;79.4;76.4;12.7;40.4;48.7;69.7;30.3;72.7;27.3;47.7;52.6;2.2;47.4;96.4;0.6;2.9;0;0.6;49;8.8;35.7;6.5;78.9;21.1;96.4;77.3;59.7;6.2;0.2;70.5;38.3;45.7;10.9;0.1;3.9;96;27.9;7.5;29.5;10.1;25
2706;Poya Sud;12;8;4;28;15;30;46.4;54.6;11.3;9.3;56.7;94.8;5.2;99;1;1.6;95.6;3.8;6.7;83.3;10;6.7;0;10;6.7;20;42.2;31.1;80;20;70;94.4;86.7;61.1;0.3;74.5;68.8;7.6;34;0.5;19.6;79.9;22.2;36.7;30;4.4;6.7
2801;Sarraméa;5;18;2;24;70;90;76.6;69.9;14.8;30.1;54.5;84.7;15.3;83.3;16.7;26.5;73.7;3;26.5;89.3;5.6;5.1;0;5.6;32.7;31.6;16.8;18.9;93.4;6.6;96.9;89.3;71.4;31.1;0.6;71.9;56.9;20.8;15.3;0.9;12.9;86.1;22.4;23;27;8.2;19.4
2901;Thio village;22;24;22;89;192;277;74.9;66.6;22.5;27;62.1;79.1;20.9;83.7;16.3;33.4;66.3;5.2;37.2;72.6;13;14.5;2.1;10.9;50;15.4;24.6;10;89.7;10.3;93.4;85.7;73.7;23.3;0.1;71.5;54.4;23.8;10.9;1;8.1;90.9;19.2;9.6;37.8;12.4;21.1
2902;Ouindo Borendy;46;15;1;16;68;118;70.5;59.5;18.6;37.5;40.5;70.5;29.5;79.2;20.8;44.1;55.2;4.9;61.5;96.4;1.8;1.8;0.7;1.1;90.3;5.8;2.2;1.8;80.9;19.1;92.1;76.3;54.7;5.4;0.1;70.5;49;30.5;22;0.1;7.2;92.7;32.7;11.5;29.5;8.6;17.6
3001;Touho village;24;38;26;97;77;96;48.3;39.7;38.8;28.2;50.3;79.3;20.7;84.4;15.6;29.1;57.6;15.1;35.1;78.2;14.2;7.7;5.6;8.6;16.5;36.9;39.8;6.8;94.1;5.9;100;90.6;74.9;68.7;0.3;60.4;44;27.2;21.5;5.5;10.8;83.8;24.5;10.3;34.2;10;20.9
3003;Tiouandé - Ouanache - Congouma - Paola;26;11;3;9;39;43;62.6;50.4;18.3;22.1;46.6;59.5;40.5;62.6;37.4;59.6;28.3;14.1;56.8;99;1;0;0;1;76.9;17.1;5;1;88.9;11.1;99.5;80.4;57.3;43.2;0.4;56.7;29.8;47.4;31.3;0;6.5;93.5;27.6;7.5;32.2;8;24.6
3004;Koe - Kokingone - Tiwaka - Pombéi;41;2;1;20;32;119;70.2;66;13;56.7;22.3;75.3;24.7;76.7;23.3;55.3;40.6;6.3;55.9;97.8;0.5;1.6;0;0.5;83.3;12.9;3.2;0.5;84.4;15.6;97.8;78.5;54.8;43.5;0.2;73.5;53.8;26.9;20.9;0.9;4.3;94.8;27.4;9.1;27.4;9.1;26.9
301;Bourail village;29;72;31;147;249;174;60.3;52;29.5;20.2;61.3;88;12;95.4;4.6;27;71.3;3.2;27.6;57.2;36;6.7;12.5;23.5;11.2;29.8;42.9;16.1;99;1;99.8;97.2;92.3;54.4;0.1;62.9;57.3;8.9;18.5;3.2;13.3;83.4;22.7;24.3;30.6;9.2;13.2
302;Poé Nessadiou;32;102;49;155;124;87;38.4;42.3;30.1;17.5;54.8;87.8;12.2;94.7;5.3;13.8;85.8;2.5;19.9;74.6;16.9;8.5;0;16.9;17.2;23.3;36.9;22.7;96.2;3.8;98.1;96.6;91.3;72.9;0.1;75;70.8;5.5;27.7;8.4;12.8;78.8;27.5;26.9;26.7;8.1;10.8
304;Nandaï Boghen Déva;53;101;39;136;335;153;59.7;42.5;38.6;33.8;47.2;91.3;8.7;92;8;12.3;87.3;2.9;17.3;76.5;14.3;9.3;0;14.3;8;25.7;45.1;21.2;90.7;9.3;94.1;94.7;92.3;54.4;0.1;75.3;68.8;8.6;19;10.5;11.4;78.1;20.7;22.3;35.5;9.1;12.5
305;Ny;24;13;1;24;96;102;76.2;68.1;18.1;36.9;49.2;80;20;80.4;19.6;38.4;51.7;11.8;41.9;98.9;0;1.1;0;0;27.3;52.1;13.9;6.7;89.9;10.1;98.5;85.8;67.8;12.7;0.1;69.3;45.1;34.8;13.8;0.1;5;94.9;25.8;10.9;30.3;5.2;27.7
3101;Voh village - Gatope;62;51;30;148;139;246;57;65.5;15.8;22.8;58.6;85.1;14.9;88.2;11.8;19.5;74.7;7.9;21.9;68.3;25.5;6.2;10.2;15.3;13.6;37.7;34;14.7;95.3;4.7;98.7;95.5;88.9;54.2;0.3;76.4;63.5;17;18.6;2.3;15.4;82.3;22.1;15.5;37.2;7.2;18.1
3103;Témala;40;12;17;56;58;153;62.8;63.7;13.7;21.4;56;78.9;21.1;81.8;18.2;12.7;82.2;8.4;25.2;82.3;6;11.7;0.7;5.3;40.4;33;15.2;11.3;84;16;97.9;88.3;75.9;65.6;0.4;75.5;56.3;25.5;22.6;0.4;11;88.7;22;11.7;37.9;9.2;19.1
3106;Tiéta;14;8;1;16;23;40;61.8;58.8;17.6;19.6;56.9;80.4;19.6;83.3;16.7;24.1;77.8;0;32.6;88.4;4.7;7;1.2;3.5;15.1;45.3;24.4;15.1;74.4;25.6;87.2;82.6;64;19.8;0.3;78.2;52.8;32.5;23.5;2.3;3.8;93.8;23.3;11.6;33.7;4.7;26.7
3201;Waho Touaourou Goro;12;35;5;47;90;164;72;67.1;17.3;26.1;58.4;83.3;16.7;88.1;11.9;50.5;49.1;2.9;45.3;92;5.8;2.2;1.5;4.4;45.3;28.8;19.3;6.6;64.6;35.4;97.4;91.6;84.7;14.2;0.5;74.2;52.1;29.7;15.6;1.3;2.3;96.4;20.8;9.1;38.3;8.4;23.4
3202;Unia Ouinné;11;4;4;27;42;122;78.1;83.8;9.5;32.4;61;85.7;14.3;78.1;21.9;30.1;59.3;14.8;36.3;96.6;1.7;1.7;0.6;1.1;59.8;18.4;21.2;0.6;88.8;11.2;95;86.6;82.7;4.5;0.6;65.1;45.3;30.5;6.7;0.9;7.1;91.9;13.4;8.4;45.3;7.8;25.1
3301;Kouaoua village - Amon Kasiori;11;25;5;38;44;153;71.4;70.7;11.6;19.9;62.3;80.8;19.2;83.7;16.3;40.9;60.4;3.6;31;39.9;0.9;59.2;0.9;0;22.1;21.1;29.1;27.7;82.2;17.8;96.2;89.7;80.8;29.1;0.1;71.6;57.3;20;17.8;1.4;7.7;91;20.2;12.7;35.7;6.1;25.4
3302;Méa Mébara - Ouérou Pimet;17;17;4;20;36;100;70.1;71.1;10.8;23.2;58.8;72.2;27.8;70.6;29.4;28.7;64.7;9.3;42.7;97.9;0.5;1.6;0;0.5;54.7;25.5;12;7.8;77.6;22.4;97.9;78.1;64.6;27.1;0.1;59.8;43.6;27.1;18;0.4;3.7;95.9;23.4;4.7;35.9;9.4;26.6
401;Canala village;66;29;18;68;108;198;62.8;56.5;23.2;24.4;55.2;71.3;28.7;74.5;25.5;37.9;56.8;6.9;42.3;89.4;5.1;5.5;1.4;3.7;42.5;21.7;22.5;13.3;86.3;13.7;98.2;81.2;59.7;14.3;0.2;60.1;38;36.8;20.3;1.2;7.3;91.5;20;10.6;34.4;8.8;26.2
403;Gélima - Nakéty;44;48;20;73;80;325;68.6;64.9;10;21.7;53.2;73.1;26.9;77.5;22.5;44.8;53.8;3.7;45.2;94.9;1.3;3.8;0.5;0.7;44.8;27.4;18;9.8;84.9;15.1;95.8;77.5;55.7;19.8;0.1;60.7;45.5;25;25.1;0.5;5.6;93.8;24.1;7.4;37;7.4;24
501;Coeur de ville urbain;6;58;82;329;640;515;70.9;70.9;20.6;18.3;73.1;87.7;12.3;93.6;6.4;13.4;68.2;20.6;27.7;23.1;75.5;1.5;56.5;19;12.5;54;28.5;5;99;1;98.3;98.1;93.1;58.1;0.7;72.5;62.2;14.2;8.5;5;30.6;64.4;18.5;16.5;36.5;13.1;15.4
502;Coeur de ville littoral;1;19;1;17;81;172;86.9;86.3;8.6;41.6;53.3;72.2;27.8;78;22;40.7;40.9;21.2;57.3;37.8;1.1;61;1.1;0;56.6;30.7;10.5;2.2;44.6;55.4;75.7;57.7;40.4;11.6;0.5;63.6;38.6;39.2;5.2;0.3;8.9;90.8;19.5;7.9;34.8;9.4;28.5
503;Koutio Secal;3;83;99;167;238;111;49.8;53.9;30.4;16.8;67.5;91;9;95.4;4.6;11.7;82;7.9;17;77.7;20.3;2;10.8;9.5;1.2;18.8;53;27;99.8;0.2;100;99.5;99.5;81.1;0.7;67.8;61.4;9.4;15.7;2.6;14.5;82.9;15.9;30.9;28.5;8.8;15.9
504;Koutio érudits;3;63;52;153;309;229;66.5;67;22;21.1;67.9;89.1;10.9;93.8;6.2;8.1;76.7;17.4;18.6;58.8;38.6;2.5;31.3;7.3;1.9;25.3;57.9;14.9;95.7;4.3;100;98.7;97.8;69.8;0.7;65.5;55;16.1;11;3.2;17.3;79.5;9.5;17.2;37.2;12.1;24
505;Koutio Fortunes de mer;4;75;77;188;294;157;56.7;59.5;28.7;18.6;69.6;93.3;6.7;96.6;3.4;7.3;85.3;9;12.3;80.3;15.7;4;0.5;15.2;1.6;12.6;58;27.9;98.3;1.7;99.1;99.3;99.1;83.2;0.7;68;59.9;11.9;11.8;8;13.7;78.3;8.7;20.2;37.9;7.3;26
506;Jacarandas I;3;68;40;195;537;497;77.2;77;15.7;21.6;71.1;87.9;12.1;90.7;9.3;12.9;64.4;26.1;36.8;38.1;61.8;0.1;60.1;1.7;12.4;42.7;38.3;6.6;93.9;6.1;99.9;99.3;95.8;53.1;0.7;68.5;56.6;17.3;7.3;0.7;12.6;86.7;9.8;10.2;46.4;10.8;22.8
507;Jacarandas II;0;52;22;102;271;150;70.5;70;18.1;26.8;61.3;88.4;11.6;93;7;14.2;74.3;12.9;17.9;91.2;2.1;6.7;0.6;1.5;0.9;29.9;66.9;2.3;99.7;0.3;100;99.1;97.7;72.1;0.6;73.4;61.5;16.2;11.9;2.4;8.5;89.1;12;10.6;30.5;9.4;37.5
508;Auteuil;4;119;77;277;417;267;58.9;60.4;25.3;19.8;65.9;91;9;91.7;8.3;7.5;85.6;8.3;18;61.4;35.9;2.7;9.3;26.6;6.8;28.4;44.8;20;98.9;1.1;98.6;98.1;95.8;70.2;0.6;72.9;68.1;6.6;14.3;4.2;23;72.8;19.6;22.9;31.5;10.4;15.7
509;Koghis;0;69;42;67;83;54;43.5;50.5;26;19.4;57.1;89.2;10.8;95.6;4.4;1.3;94.1;5.7;13.8;76.6;21.8;1.7;0;21.8;4.6;18;58.2;19.2;100;0;95.8;100;98.3;87.9;0.6;73.9;69.1;6.5;23.5;4.8;23.8;71.4;15.1;28.5;35.6;7.9;13
510;Dumbéa/mer Ouest;12;250;278;653;881;699;57;62.4;25.7;18.2;69.9;92.6;7.4;96.3;3.7;6.1;78.7;18.1;18.3;32.2;66.6;1.2;43.4;23.2;12.2;32.7;40;15.1;99;1;99.2;98.5;97.1;69.8;0.7;76;69.8;8.1;11.9;11.5;36.4;52.2;14.3;16.2;50;8.3;11.2
511;Dumbea/mer Est - Plaine Adam;7;149;87;361;629;674;68.3;71.7;18.5;17.5;72.7;91.1;8.9;95.3;4.7;8.4;71.2;23.7;25.8;26.8;73.1;0.1;56.6;16.5;4.7;39.4;48.1;7.8;99.1;0.9;99.8;98.8;96.9;60.3;0.6;74.7;65;13;9.8;5;32.7;62.3;8.4;12.4;54.1;10.6;14.4
512;Plaine de Koé;9;106;133;215;192;107;39.2;47.2;30.6;23.8;54.1;91.5;8.5;96.1;3.9;5.5;94.9;2;8.3;85.4;11.3;3.4;0;11.3;4.3;19;49.6;27.1;99.4;0.6;98;98.6;96.2;81.8;0.5;75;71.8;4.3;22.2;5.8;16.7;77.6;13.6;26.1;41.1;4;15.2
513;Nakutakoin;0;80;70;112;112;44;37.3;42.6;32.1;11.2;63.4;90.9;9.1;93.5;6.5;3.3;97.7;1.3;8.2;89.2;8.2;2.5;0;8.2;2.9;6.8;41.2;49.1;97.8;2.2;97.8;97.8;97.8;93.5;0.7;79.2;75.6;4.6;25.4;4.7;13.5;81.8;11.5;28.7;47.7;6.5;5.7
514;Nondoué La Couvelée;23;96;39;111;224;193;60.8;63.6;17.8;35.1;46.2;92.7;7.3;95.2;4.8;2;90.5;9.5;27.9;80.1;8.3;11.6;0;8.3;12.1;22.8;36.8;28.3;89.3;10.7;94.9;93.5;93.3;70.5;0.4;73.2;67.3;8.2;18.7;2.6;12;85.4;12.7;18.8;33.3;5.8;29.5
515;Katiramona Sud;21;120;89;178;340;371;63.5;68.2;19.5;30.2;57.5;90.8;9.2;92.9;7.1;6.1;85.3;11.1;24.9;86.9;10.4;2.7;2.1;8.3;15.6;14.6;49.7;20.1;99.2;0.8;99.1;99.1;97.7;73.3;0.5;71.7;65;9.3;12.3;0.9;8.1;91;8.9;18.3;37.5;6.3;29
516;Dzumac;0;0;0;0;0;0;N/A - division par 0;N/A - division par 0;N/A - division par 0;N/A - division par 0;N/A - division par 0;N/A - division par 0;N/A - division par 0;N/A - division par 0;N/A - division par 0;N/A - division par 0;N/A - division par 0;N/A - division par 0;N/A - division par 0;N/A - division par 0;N/A - division par 0;N/A - division par 0;N/A - division par 0;N/A - division par 0;N/A - division par 0;N/A - division par 0;N/A - division par 0;N/A - division par 0;N/A - division par 0;N/A - division par 0;N/A - division par 0;N/A - division par 0;N/A - division par 0;N/A - division par 0;N/A - division par 0;N/A - division par 0;N/A - division par 0;N/A - division par 0;N/A - division par 0;N/A - division par 0;N/A - division par 0;N/A - division par 0;N/A - division par 0;N/A - division par 0;N/A - division par 0;N/A - division par 0;N/A - division par 0
601;Farino;16;41;13;55;81;72;55;47.8;23;17.6;53.2;86;14;97.1;2.9;7.1;88.6;6.1;10.7;86.6;7.7;5.7;0;7.7;8.8;28;42.1;21.1;96.9;3.1;96.6;98.9;95.4;51;0.6;68.5;61.6;10;29.1;2.6;26.7;70.7;28;21.8;33.3;5.4;11.5
701;Hienghéne littoral;64;28;22;70;146;108;58;42.9;30.4;27.9;45.4;65.5;34.5;70.1;29.9;40;54.6;7.8;40.4;82.9;9.2;7.9;3.8;5.4;53;26.5;15.1;5.4;90.1;9.9;96.2;88.1;67;38.7;0.2;61.4;40.2;34.5;26.7;1.8;8.4;89.7;20.2;10.6;27.9;10.3;31
704;Tiendanite Ouayaguette;38;13;3;24;50;49;55.9;46.3;16.9;31.1;32.2;50.3;49.7;53.1;46.9;66.1;27.9;7.4;64.5;98.3;0.4;1.3;0;0.4;73.9;22.2;3;0.9;35.9;64.1;94.4;61.1;17.1;35.5;0.2;50.4;29;42.5;36.7;0.3;6.4;93.4;21.4;9;30.8;11.1;27.8
801;Houailou village;118;23;18;81;110;131;50.1;47;22.9;22.5;47.4;65.5;34.5;67.6;32.4;37.3;56.2;9.2;40.2;76.5;12.6;11;0;12.6;16.9;26.9;33.8;22.4;90.6;9.4;98.2;84.9;71.7;20.8;0.2;69.5;51.6;25.8;30.1;2.3;8.8;88.9;27.2;11;34.5;8.9;18.5
803;Warai;43;21;5;62;60;107;56;56;20.5;24.2;52.3;71.5;28.5;73.8;26.2;49.6;46.1;7.4;49.1;92.5;2.5;5;0.3;2.2;22.4;23.3;29.8;24.5;92.5;7.5;99.4;89.1;73.9;39.1;0.1;69.8;39.7;43.1;23.5;0.4;3.6;96;22;10.2;26.1;10.6;31.1
805;Nédivin - Bas Nindien;24;17;4;27;77;93;70.2;60.3;19;29.8;49.6;72.7;27.3;79.3;20.7;40.5;47.9;15.3;49.2;91.5;3.8;4.7;0;3.8;31.2;35.3;24.3;9.1;83;17;96.2;81.1;66.2;10.4;0.4;60;31.1;48.1;20.7;0.2;7.9;92;21.1;11.4;35.3;8.8;23.3
807;Boréaré - Coula - Karagreu;40;5;1;9;16;50;54.5;56.2;7.4;27.3;36.4;52.9;47.1;52.1;47.9;40.4;54;6.2;43.7;97.8;0;2.2;0;0;35.6;39.3;17.8;7.4;75.6;24.4;94.8;77;59.3;3;0.4;62.2;42.8;31.2;36.4;0;5.7;94.3;33.3;10.4;23;6.7;26.7
901;Vao;34;17;10;33;136;99;71.4;65.3;17.3;29.8;52.9;73.3;26.7;76.9;23.1;59.2;40.7;2.5;50;93;4;3;0;4;24.3;35.3;28.3;12;97.3;2.7;98;73.3;62.7;11;0.1;63.6;52.1;18.2;17.3;1.7;4.4;93.9;24.7;10;33.3;6.3;25.7
902;Kunié hors Vao;57;42;8;43;131;95;60.1;60.6;11.2;21.5;50.3;67.3;32.7;71.3;28.7;41.4;55.1;6.4;39.9;80.3;8;11.6;0;8;34.1;31.6;19.1;15.2;94.5;5.5;89.8;80.9;63.2;17.2;0;63.8;50.5;20.8;28.2;2.7;6.2;91.1;34.1;14.4;28.8;4.4;18.3