annee,province,numero_liste,liste_id,liste_nom,liste_nom_court,camp_institutionnel,famille_politique,axe_politique,axe_politique_ordre,qualification_a_verifier,source_qualification_politique,notes_qualification,voix_2019,sieges_congres_2019,sieges_province_seulement_2019,sieges_province_total_2019,admis_repartition_2019,source_resultats_2019,groupe_assemblee_province_2019_liste,groupe_congres_2019_initial_liste,note_groupe_congres_2019,source_groupes_2019,date_constat_groupes_2026_actuels
2019,Province Nord,1,2019_Province Nord_01,UNION NATIONALE POUR L'INDEPENDANCE (UNI),UNI,Independantiste / souverainiste,UNI / Palika,Independantiste UNI / Palika,2,FALSE,https://www.nouvelle-caledonie.gouv.fr/Actions-de-l-Etat/Elections/Elections-2019/Provinciales-2019/RESULTATS,Qualification construite a partir de la liste 2019 et des groupes/coalitions connus pendant la mandature.,9709,7,3,10,TRUE,https://www.nouvelle-caledonie.gouv.fr/Actions-de-l-Etat/Elections/Elections-2019/Provinciales-2019/RESULTATS,UNI,UNI,NA,https://www.congres.nc/les-groupes-politiques-constitues-a-la-veille-de-linstallation-de-la-nouvelle-mandature/ | https://www.nouvelle-caledonie.gouv.fr/Actions-de-l-Etat/Elections/Elections-2019/Provinciales-2019/RESULTATS,2026-06-13
2019,Province Nord,2,2019_Province Nord_02,AGISSONS POUR LE NORD,Agissons pour le Nord,Non-independantiste / loyaliste,Agissons / loyaliste,Loyaliste droite,6,FALSE,https://www.nouvelle-caledonie.gouv.fr/Actions-de-l-Etat/Elections/Elections-2019/Provinciales-2019/RESULTATS,Qualification construite a partir de la liste 2019 et des groupes/coalitions connus pendant la mandature.,3072,2,1,3,TRUE,https://www.nouvelle-caledonie.gouv.fr/Actions-de-l-Etat/Elections/Elections-2019/Provinciales-2019/RESULTATS,Agissons pour le Nord,L'Avenir En Confiance,Rattachement initial deduit de la coalition loyaliste.,https://www.congres.nc/les-groupes-politiques-constitues-a-la-veille-de-linstallation-de-la-nouvelle-mandature/ | https://www.nouvelle-caledonie.gouv.fr/Actions-de-l-Etat/Elections/Elections-2019/Provinciales-2019/RESULTATS,2026-06-13
2019,Province Nord,3,2019_Province Nord_03,"UNE PROVINCE POUR TOUS, CALEDONIENS ENSEMBLE. POUR UN AVENIR DU PAYS DANS LA PAIX AUX COULEURS DE LA FRANCE",Caledoniens Ensemble Nord,Non-independantiste / autonomiste modere,Caledonie Ensemble / centre non-independantiste,Centre non-independantiste,5,FALSE,https://www.nouvelle-caledonie.gouv.fr/Actions-de-l-Etat/Elections/Elections-2019/Provinciales-2019/RESULTATS,Qualification construite a partir de la liste 2019 et des groupes/coalitions connus pendant la mandature.,1975,0,0,0,FALSE,https://www.nouvelle-caledonie.gouv.fr/Actions-de-l-Etat/Elections/Elections-2019/Provinciales-2019/RESULTATS,NA,NA,NA,NA,2026-06-13
2019,Province Nord,4,2019_Province Nord_04,PARTI TRAVAILLISTE « OSONS LE CHANGEMENT »,Parti travailliste,Independantiste / souverainiste,Parti travailliste,Independantiste FLNKS / gauche,1,FALSE,https://www.nouvelle-caledonie.gouv.fr/Actions-de-l-Etat/Elections/Elections-2019/Provinciales-2019/RESULTATS,Qualification construite a partir de la liste 2019 et des groupes/coalitions connus pendant la mandature.,842,0,0,0,FALSE,https://www.nouvelle-caledonie.gouv.fr/Actions-de-l-Etat/Elections/Elections-2019/Provinciales-2019/RESULTATS,NA,NA,NA,NA,2026-06-13
2019,Province Nord,5,2019_Province Nord_05,MOUVEMENT NEO-INDEPENDANTISTE ET SOUVERAINISTE NORD (MNIS NORD),MNIS Nord,Souverainiste / pro-pays transversal,Neo-independantiste / souverainiste,Souverainiste / pro-pays,3,FALSE,https://www.nouvelle-caledonie.gouv.fr/Actions-de-l-Etat/Elections/Elections-2019/Provinciales-2019/RESULTATS,Qualification construite a partir de la liste 2019 et des groupes/coalitions connus pendant la mandature.,554,0,0,0,FALSE,https://www.nouvelle-caledonie.gouv.fr/Actions-de-l-Etat/Elections/Elections-2019/Provinciales-2019/RESULTATS,NA,NA,NA,NA,2026-06-13
2019,Province Nord,6,2019_Province Nord_06,UC-FLNKS,UC-FLNKS,Independantiste / souverainiste,UC-FLNKS,Independantiste FLNKS / gauche,1,FALSE,https://www.nouvelle-caledonie.gouv.fr/Actions-de-l-Etat/Elections/Elections-2019/Provinciales-2019/RESULTATS,Qualification construite a partir de la liste 2019 et des groupes/coalitions connus pendant la mandature.,9069,6,3,9,TRUE,https://www.nouvelle-caledonie.gouv.fr/Actions-de-l-Etat/Elections/Elections-2019/Provinciales-2019/RESULTATS,UC-FLNKS,UC-FLNKS et Nationalistes,NA,https://www.congres.nc/les-groupes-politiques-constitues-a-la-veille-de-linstallation-de-la-nouvelle-mandature/ | https://www.nouvelle-caledonie.gouv.fr/Actions-de-l-Etat/Elections/Elections-2019/Provinciales-2019/RESULTATS,2026-06-13
2019,Province Sud,1,2019_Province Sud_01,MOUVEMENT NEO-INDEPENDANTISTE ET SOUVERAINISTE SUD (MNIS SUD),MNIS Sud,Souverainiste / pro-pays transversal,Neo-independantiste / souverainiste,Souverainiste / pro-pays,3,FALSE,https://www.nouvelle-caledonie.gouv.fr/Actions-de-l-Etat/Elections/Elections-2019/Provinciales-2019/RESULTATS,Qualification construite a partir de la liste 2019 et des groupes/coalitions connus pendant la mandature.,1244,0,0,0,FALSE,https://www.nouvelle-caledonie.gouv.fr/Actions-de-l-Etat/Elections/Elections-2019/Provinciales-2019/RESULTATS,NA,NA,NA,NA,2026-06-13
2019,Province Sud,2,2019_Province Sud_02,RASSEMBLEMENT NATIONAL,Rassemblement national,Non-independantiste / droite nationale,Rassemblement national / droite nationale,Droite nationale anti-independantiste,7,FALSE,https://www.nouvelle-caledonie.gouv.fr/Actions-de-l-Etat/Elections/Elections-2019/Provinciales-2019/RESULTATS,Qualification construite a partir de la liste 2019 et des groupes/coalitions connus pendant la mandature.,2707,0,0,0,FALSE,https://www.nouvelle-caledonie.gouv.fr/Actions-de-l-Etat/Elections/Elections-2019/Provinciales-2019/RESULTATS,NA,NA,NA,NA,2026-06-13
2019,Province Sud,3,2019_Province Sud_03,L’AVENIR EN CONFIANCE,L'Avenir en confiance,Non-independantiste / loyaliste,Loyaliste droite,Loyaliste droite,6,FALSE,https://www.nouvelle-caledonie.gouv.fr/Actions-de-l-Etat/Elections/Elections-2019/Provinciales-2019/RESULTATS,Qualification construite a partir de la liste 2019 et des groupes/coalitions connus pendant la mandature.,28802,16,4,20,TRUE,https://www.nouvelle-caledonie.gouv.fr/Actions-de-l-Etat/Elections/Elections-2019/Provinciales-2019/RESULTATS,L'Avenir en confiance,L'Avenir En Confiance,NA,https://www.congres.nc/les-groupes-politiques-constitues-a-la-veille-de-linstallation-de-la-nouvelle-mandature/ | https://www.nouvelle-caledonie.gouv.fr/Actions-de-l-Etat/Elections/Elections-2019/Provinciales-2019/RESULTATS,2026-06-13
2019,Province Sud,4,2019_Province Sud_04,PARTI TRAVAILLISTE ET FORCES PROGRESSISTES POUR L’UNITE ET LE CHANGEMENT,Parti travailliste et forces progressistes,Independantiste / souverainiste,Parti travailliste,Independantiste FLNKS / gauche,1,FALSE,https://www.nouvelle-caledonie.gouv.fr/Actions-de-l-Etat/Elections/Elections-2019/Provinciales-2019/RESULTATS,Qualification construite a partir de la liste 2019 et des groupes/coalitions connus pendant la mandature.,1335,0,0,0,FALSE,https://www.nouvelle-caledonie.gouv.fr/Actions-de-l-Etat/Elections/Elections-2019/Provinciales-2019/RESULTATS,NA,NA,NA,NA,2026-06-13
2019,Province Sud,5,2019_Province Sud_05,CALEDONIE NOUVELLE ET REUNIE,Caledonie nouvelle et reunie,A preciser,Divers / a preciser,A preciser,8,TRUE,https://www.nouvelle-caledonie.gouv.fr/Actions-de-l-Etat/Elections/Elections-2019/Provinciales-2019/RESULTATS,Qualification construite a partir de la liste 2019 et des groupes/coalitions connus pendant la mandature.,841,0,0,0,FALSE,https://www.nouvelle-caledonie.gouv.fr/Actions-de-l-Etat/Elections/Elections-2019/Provinciales-2019/RESULTATS,NA,NA,NA,NA,2026-06-13
2019,Province Sud,6,2019_Province Sud_06,L’EVEIL OCEANIEN,L'Eveil oceanien,Oceanien / transversal,Eveil oceanien / oceanien,Oceanien / transversal,4,FALSE,https://www.nouvelle-caledonie.gouv.fr/Actions-de-l-Etat/Elections/Elections-2019/Provinciales-2019/RESULTATS,Qualification construite a partir de la liste 2019 et des groupes/coalitions connus pendant la mandature.,6077,3,1,4,TRUE,https://www.nouvelle-caledonie.gouv.fr/Actions-de-l-Etat/Elections/Elections-2019/Provinciales-2019/RESULTATS,L'Eveil oceanien,Non-Inscrit,Trois elus au Congres en 2019; pas de groupe propre initial.,https://www.congres.nc/les-groupes-politiques-constitues-a-la-veille-de-linstallation-de-la-nouvelle-mandature/ | https://www.nouvelle-caledonie.gouv.fr/Actions-de-l-Etat/Elections/Elections-2019/Provinciales-2019/RESULTATS,2026-06-13
2019,Province Sud,7,2019_Province Sud_07,FLNKS,FLNKS,Independantiste / souverainiste,Independantiste / pro-pays,Independantiste FLNKS / gauche,1,FALSE,https://www.nouvelle-caledonie.gouv.fr/Actions-de-l-Etat/Elections/Elections-2019/Provinciales-2019/RESULTATS,Qualification construite a partir de la liste 2019 et des groupes/coalitions connus pendant la mandature.,11269,6,1,7,TRUE,https://www.nouvelle-caledonie.gouv.fr/Actions-de-l-Etat/Elections/Elections-2019/Provinciales-2019/RESULTATS,FLNKS,FLNKS Sud - ventilation individuelle,Liste unitaire FLNKS Sud repartie entre UC-FLNKS et Nationalistes et UNI.,https://www.congres.nc/les-groupes-politiques-constitues-a-la-veille-de-linstallation-de-la-nouvelle-mandature/ | https://www.nouvelle-caledonie.gouv.fr/Actions-de-l-Etat/Elections/Elections-2019/Provinciales-2019/RESULTATS,2026-06-13
2019,Province Sud,8,2019_Province Sud_08,ALLIANCE CITOYENNE POUR LA TRANSITION. CONSTRUIRE NOTRE PAYS EN MELANESIE - (ACT),Alliance citoyenne pour la transition,A preciser,Divers / a preciser,A preciser,8,TRUE,https://www.nouvelle-caledonie.gouv.fr/Actions-de-l-Etat/Elections/Elections-2019/Provinciales-2019/RESULTATS,Qualification construite a partir de la liste 2019 et des groupes/coalitions connus pendant la mandature.,2043,0,0,0,FALSE,https://www.nouvelle-caledonie.gouv.fr/Actions-de-l-Etat/Elections/Elections-2019/Provinciales-2019/RESULTATS,NA,NA,NA,NA,2026-06-13
2019,Province Sud,9,2019_Province Sud_09,CONSTRUIRE AUTREMENT,Construire autrement,A preciser,Divers / a preciser,A preciser,8,TRUE,https://www.nouvelle-caledonie.gouv.fr/Actions-de-l-Etat/Elections/Elections-2019/Provinciales-2019/RESULTATS,Qualification construite a partir de la liste 2019 et des groupes/coalitions connus pendant la mandature.,1852,0,0,0,FALSE,https://www.nouvelle-caledonie.gouv.fr/Actions-de-l-Etat/Elections/Elections-2019/Provinciales-2019/RESULTATS,NA,NA,NA,NA,2026-06-13
2019,Province Sud,10,2019_Province Sud_10,DESTIN COMMUN CALEDONIEN,Destin commun caledonien,A preciser,Divers / a preciser,A preciser,8,TRUE,https://www.nouvelle-caledonie.gouv.fr/Actions-de-l-Etat/Elections/Elections-2019/Provinciales-2019/RESULTATS,Qualification construite a partir de la liste 2019 et des groupes/coalitions connus pendant la mandature.,1667,0,0,0,FALSE,https://www.nouvelle-caledonie.gouv.fr/Actions-de-l-Etat/Elections/Elections-2019/Provinciales-2019/RESULTATS,NA,NA,NA,NA,2026-06-13
2019,Province Sud,11,2019_Province Sud_11,"CALEDONIENS ENSEMBLE, POUR UN AVENIR DU PAYS DANS LA PAIX, AUX COULEURS DE LA FRANCE",Caledoniens Ensemble,Non-independantiste / autonomiste modere,Caledonie Ensemble / centre non-independantiste,Centre non-independantiste,5,FALSE,https://www.nouvelle-caledonie.gouv.fr/Actions-de-l-Etat/Elections/Elections-2019/Provinciales-2019/RESULTATS,Qualification construite a partir de la liste 2019 et des groupes/coalitions connus pendant la mandature.,13122,7,2,9,TRUE,https://www.nouvelle-caledonie.gouv.fr/Actions-de-l-Etat/Elections/Elections-2019/Provinciales-2019/RESULTATS,Caledoniens Ensemble,Caledonie Ensemble,La liste obtient 7 sieges Congres; le groupe initial compte 6 membres.,https://www.congres.nc/les-groupes-politiques-constitues-a-la-veille-de-linstallation-de-la-nouvelle-mandature/ | https://www.nouvelle-caledonie.gouv.fr/Actions-de-l-Etat/Elections/Elections-2019/Provinciales-2019/RESULTATS,2026-06-13
2019,Province des Iles,1,2019_Province des Iles_01,UNITAIRE KANAKY GENERATION,Unitaire Kanaky Generation,Independantiste / souverainiste,Independantiste / pro-pays,Independantiste FLNKS / gauche,1,FALSE,https://www.nouvelle-caledonie.gouv.fr/Actions-de-l-Etat/Elections/Elections-2019/Provinciales-2019/RESULTATS,Qualification construite a partir de la liste 2019 et des groupes/coalitions connus pendant la mandature.,800,0,0,0,FALSE,https://www.nouvelle-caledonie.gouv.fr/Actions-de-l-Etat/Elections/Elections-2019/Provinciales-2019/RESULTATS,NA,NA,NA,NA,2026-06-13
2019,Province des Iles,2,2019_Province des Iles_02,UC - FLNKS,UC-FLNKS,Independantiste / souverainiste,UC-FLNKS,Independantiste FLNKS / gauche,1,FALSE,https://www.nouvelle-caledonie.gouv.fr/Actions-de-l-Etat/Elections/Elections-2019/Provinciales-2019/RESULTATS,Qualification construite a partir de la liste 2019 et des groupes/coalitions connus pendant la mandature.,5186,3,3,6,TRUE,https://www.nouvelle-caledonie.gouv.fr/Actions-de-l-Etat/Elections/Elections-2019/Provinciales-2019/RESULTATS,UC-FLNKS,UC-FLNKS et Nationalistes,NA,https://www.congres.nc/les-groupes-politiques-constitues-a-la-veille-de-linstallation-de-la-nouvelle-mandature/ | https://www.nouvelle-caledonie.gouv.fr/Actions-de-l-Etat/Elections/Elections-2019/Provinciales-2019/RESULTATS,2026-06-13
2019,Province des Iles,3,2019_Province des Iles_03,PARTI TRAVAILLISTE,Parti travailliste,Independantiste / souverainiste,Parti travailliste,Independantiste FLNKS / gauche,1,FALSE,https://www.nouvelle-caledonie.gouv.fr/Actions-de-l-Etat/Elections/Elections-2019/Provinciales-2019/RESULTATS,Qualification construite a partir de la liste 2019 et des groupes/coalitions connus pendant la mandature.,2005,1,1,2,TRUE,https://www.nouvelle-caledonie.gouv.fr/Actions-de-l-Etat/Elections/Elections-2019/Provinciales-2019/RESULTATS,Parti travailliste,Non-Inscrit,Groupe de moins de 6 elus au Congres.,https://www.congres.nc/les-groupes-politiques-constitues-a-la-veille-de-linstallation-de-la-nouvelle-mandature/ | https://www.nouvelle-caledonie.gouv.fr/Actions-de-l-Etat/Elections/Elections-2019/Provinciales-2019/RESULTATS,2026-06-13
2019,Province des Iles,4,2019_Province des Iles_04,AVEC NOUS,Avec nous,A preciser,Divers / a preciser,A preciser,8,TRUE,https://www.nouvelle-caledonie.gouv.fr/Actions-de-l-Etat/Elections/Elections-2019/Provinciales-2019/RESULTATS,Qualification construite a partir de la liste 2019 et des groupes/coalitions connus pendant la mandature.,462,0,0,0,FALSE,https://www.nouvelle-caledonie.gouv.fr/Actions-de-l-Etat/Elections/Elections-2019/Provinciales-2019/RESULTATS,NA,NA,NA,NA,2026-06-13
2019,Province des Iles,5,2019_Province des Iles_05,DYNAMIQUE AUTOCHTONE,Dynamique autochtone,Independantiste / souverainiste,Autochtone / oceanien / local,Independantiste FLNKS / gauche,1,FALSE,https://www.nouvelle-caledonie.gouv.fr/Actions-de-l-Etat/Elections/Elections-2019/Provinciales-2019/RESULTATS,Qualification construite a partir de la liste 2019 et des groupes/coalitions connus pendant la mandature.,1536,1,1,2,TRUE,https://www.nouvelle-caledonie.gouv.fr/Actions-de-l-Etat/Elections/Elections-2019/Provinciales-2019/RESULTATS,Dynamique autochtone,UC-FLNKS et Nationalistes,A verifier individuellement; rattachement deduit du bloc nationaliste.,https://www.congres.nc/les-groupes-politiques-constitues-a-la-veille-de-linstallation-de-la-nouvelle-mandature/ | https://www.nouvelle-caledonie.gouv.fr/Actions-de-l-Etat/Elections/Elections-2019/Provinciales-2019/RESULTATS,2026-06-13
2019,Province des Iles,6,2019_Province des Iles_06,NOUVELLE VISION DES ILES,Nouvelle vision des Iles,A preciser,Divers / a preciser,A preciser,8,TRUE,https://www.nouvelle-caledonie.gouv.fr/Actions-de-l-Etat/Elections/Elections-2019/Provinciales-2019/RESULTATS,Qualification construite a partir de la liste 2019 et des groupes/coalitions connus pendant la mandature.,851,0,0,0,FALSE,https://www.nouvelle-caledonie.gouv.fr/Actions-de-l-Etat/Elections/Elections-2019/Provinciales-2019/RESULTATS,NA,NA,NA,NA,2026-06-13
2019,Province des Iles,7,2019_Province des Iles_07,MOUVEMENT NEO-INDEPENDANTISTE ET SOUVERAINISTE ILES (MNIS ILES),MNIS Iles,Souverainiste / pro-pays transversal,Neo-independantiste / souverainiste,Souverainiste / pro-pays,3,FALSE,https://www.nouvelle-caledonie.gouv.fr/Actions-de-l-Etat/Elections/Elections-2019/Provinciales-2019/RESULTATS,Qualification construite a partir de la liste 2019 et des groupes/coalitions connus pendant la mandature.,173,0,0,0,FALSE,https://www.nouvelle-caledonie.gouv.fr/Actions-de-l-Etat/Elections/Elections-2019/Provinciales-2019/RESULTATS,NA,NA,NA,NA,2026-06-13
2019,Province des Iles,8,2019_Province des Iles_08,PALIKA ILES,Palika Iles,Independantiste / souverainiste,UNI / Palika,Independantiste UNI / Palika,2,FALSE,https://www.nouvelle-caledonie.gouv.fr/Actions-de-l-Etat/Elections/Elections-2019/Provinciales-2019/RESULTATS,Qualification construite a partir de la liste 2019 et des groupes/coalitions connus pendant la mandature.,2970,2,2,4,TRUE,https://www.nouvelle-caledonie.gouv.fr/Actions-de-l-Etat/Elections/Elections-2019/Provinciales-2019/RESULTATS,Palika Iles,UNI,NA,https://www.congres.nc/les-groupes-politiques-constitues-a-la-veille-de-linstallation-de-la-nouvelle-mandature/ | https://www.nouvelle-caledonie.gouv.fr/Actions-de-l-Etat/Elections/Elections-2019/Provinciales-2019/RESULTATS,2026-06-13
2026,Province Nord,1,2026_Province Nord_01,AGISSONS ENSEMBLE POUR LE NORD,Agissons ensemble pour le Nord,Non-independantiste / loyaliste,Rassemblement-LR + Les Loyalistes,Loyaliste droite,6,FALSE,https://fr.wikipedia.org/wiki/%C3%89lections_provinciales_n%C3%A9o-cal%C3%A9doniennes_de_2026#Forces_en_pr%C3%A9sence | https://www.congres.nc/nouvelle-composition-des-groupes-delus-au-congres/,"Qualification d'apres le tableau des forces en presence 2026 et, pour les listes loyalistes, la composition actuelle des groupes du Congres.",NA,NA,NA,NA,NA,https://www.nouvelle-caledonie.gouv.fr/Actions-de-l-Etat/Elections/Elections-2019/Provinciales-2019/RESULTATS,NA,NA,NA,NA,2026-06-13
2026,Province Nord,2,2026_Province Nord_02,ALTERNATIVE NORD POUR UN PAYS SOUVERAIN,Alternative Nord pour un pays souverain,Independantiste / souverainiste,UPK / DUS / Parti travailliste,Independantiste FLNKS / gauche,1,FALSE,https://fr.wikipedia.org/wiki/%C3%89lections_provinciales_n%C3%A9o-cal%C3%A9doniennes_de_2026#Forces_en_pr%C3%A9sence,"Qualification d'apres le tableau des forces en presence 2026 et, pour les listes loyalistes, la composition actuelle des groupes du Congres.",NA,NA,NA,NA,NA,https://www.nouvelle-caledonie.gouv.fr/Actions-de-l-Etat/Elections/Elections-2019/Provinciales-2019/RESULTATS,NA,NA,NA,NA,2026-06-13
2026,Province Nord,3,2026_Province Nord_03,UC FLNKS,UC-FLNKS,Independantiste / souverainiste,UC-FLNKS,Independantiste FLNKS / gauche,1,FALSE,https://fr.wikipedia.org/wiki/%C3%89lections_provinciales_n%C3%A9o-cal%C3%A9doniennes_de_2026#Forces_en_pr%C3%A9sence,"Qualification d'apres le tableau des forces en presence 2026 et, pour les listes loyalistes, la composition actuelle des groupes du Congres.",NA,NA,NA,NA,NA,https://www.nouvelle-caledonie.gouv.fr/Actions-de-l-Etat/Elections/Elections-2019/Provinciales-2019/RESULTATS,NA,NA,NA,NA,2026-06-13
2026,Province Nord,4,2026_Province Nord_04,FAIRE PAYS,Faire Pays,Souverainiste / pro-pays transversal,Faire Pays / souverainisme en partenariat,Souverainiste / pro-pays,3,FALSE,https://fr.wikipedia.org/wiki/%C3%89lections_provinciales_n%C3%A9o-cal%C3%A9doniennes_de_2026#Forces_en_pr%C3%A9sence,"Qualification d'apres le tableau des forces en presence 2026 et, pour les listes loyalistes, la composition actuelle des groupes du Congres.",NA,NA,NA,NA,NA,https://www.nouvelle-caledonie.gouv.fr/Actions-de-l-Etat/Elections/Elections-2019/Provinciales-2019/RESULTATS,NA,NA,NA,NA,2026-06-13
2026,Province Nord,5,2026_Province Nord_05,UNION NATIONALE POUR L'INDEPENDANCE (UNI),UNI,Independantiste / souverainiste,UNI / Palika-UPM-UNID,Independantiste UNI / Palika,2,FALSE,https://fr.wikipedia.org/wiki/%C3%89lections_provinciales_n%C3%A9o-cal%C3%A9doniennes_de_2026#Forces_en_pr%C3%A9sence,"Qualification d'apres le tableau des forces en presence 2026 et, pour les listes loyalistes, la composition actuelle des groupes du Congres.",NA,NA,NA,NA,NA,https://www.nouvelle-caledonie.gouv.fr/Actions-de-l-Etat/Elections/Elections-2019/Provinciales-2019/RESULTATS,NA,NA,NA,NA,2026-06-13
2026,Province Sud,1,2026_Province Sud_01,UN AUTRE MONDE EST POSSIBLE !,Un autre monde est possible,Oceanien / transversal,Eveil oceanien / centre non-independantiste oceanien,Oceanien / transversal,4,FALSE,https://fr.wikipedia.org/wiki/%C3%89lections_provinciales_n%C3%A9o-cal%C3%A9doniennes_de_2026#Forces_en_pr%C3%A9sence,"Qualification d'apres le tableau des forces en presence 2026 et, pour les listes loyalistes, la composition actuelle des groupes du Congres.",NA,NA,NA,NA,NA,https://www.nouvelle-caledonie.gouv.fr/Actions-de-l-Etat/Elections/Elections-2019/Provinciales-2019/RESULTATS,NA,NA,NA,NA,2026-06-13
2026,Province Sud,2,2026_Province Sud_02,KANAKY POUR TOUS,Kanaky pour tous,Independantiste / souverainiste,FLNKS elargi / UC-CCAT-DUS-RDO-DA-PT,Independantiste FLNKS / gauche,1,FALSE,https://fr.wikipedia.org/wiki/%C3%89lections_provinciales_n%C3%A9o-cal%C3%A9doniennes_de_2026#Forces_en_pr%C3%A9sence,"Qualification d'apres le tableau des forces en presence 2026 et, pour les listes loyalistes, la composition actuelle des groupes du Congres.",NA,NA,NA,NA,NA,https://www.nouvelle-caledonie.gouv.fr/Actions-de-l-Etat/Elections/Elections-2019/Provinciales-2019/RESULTATS,NA,NA,NA,NA,2026-06-13
2026,Province Sud,3,2026_Province Sud_03,"FRANCE CALEDONIE, UNE PATRIE","France Caledonie, une patrie",Non-independantiste / droite nationale,France-Caledonie / Rassemblement national,Droite nationale anti-independantiste,7,FALSE,https://fr.wikipedia.org/wiki/%C3%89lections_provinciales_n%C3%A9o-cal%C3%A9doniennes_de_2026#Forces_en_pr%C3%A9sence,"Qualification d'apres le tableau des forces en presence 2026 et, pour les listes loyalistes, la composition actuelle des groupes du Congres.",NA,NA,NA,NA,NA,https://www.nouvelle-caledonie.gouv.fr/Actions-de-l-Etat/Elections/Elections-2019/Provinciales-2019/RESULTATS,NA,NA,NA,NA,2026-06-13
2026,Province Sud,4,2026_Province Sud_04,ALLIANCE PACIFIK ENRACINEE,Alliance Pacifik enracinee,Oceanien / transversal,Alliance Pacifik / oceanien-local,Oceanien / transversal,4,TRUE,https://fr.wikipedia.org/wiki/%C3%89lections_provinciales_n%C3%A9o-cal%C3%A9doniennes_de_2026#Forces_en_pr%C3%A9sence,"Qualification partielle: la liste est identifiee, mais le positionnement politique public reste peu documente.",NA,NA,NA,NA,NA,https://www.nouvelle-caledonie.gouv.fr/Actions-de-l-Etat/Elections/Elections-2019/Provinciales-2019/RESULTATS,NA,NA,NA,NA,2026-06-13
2026,Province Sud,5,2026_Province Sud_05,"UNE PROVINCE POUR TOUS, UN PAYS SOLIDAIRE, UN AVENIR PARTAGE",Une Province pour tous,Non-independantiste / autonomiste modere,Caledonie Ensemble / Rassemblement-LR diss.,Centre non-independantiste,5,FALSE,https://fr.wikipedia.org/wiki/%C3%89lections_provinciales_n%C3%A9o-cal%C3%A9doniennes_de_2026#Forces_en_pr%C3%A9sence,"Qualification d'apres le tableau des forces en presence 2026 et, pour les listes loyalistes, la composition actuelle des groupes du Congres.",NA,NA,NA,NA,NA,https://www.nouvelle-caledonie.gouv.fr/Actions-de-l-Etat/Elections/Elections-2019/Provinciales-2019/RESULTATS,NA,NA,NA,NA,2026-06-13
2026,Province Sud,6,2026_Province Sud_06,SOUVERAINETE KANAKY NOUVELLE-CALEDONIE,Souverainete Kanaky NC,Independantiste / souverainiste,Souverainete Kanaky NC,Independantiste FLNKS / gauche,1,FALSE,https://fr.wikipedia.org/wiki/%C3%89lections_provinciales_n%C3%A9o-cal%C3%A9doniennes_de_2026#Forces_en_pr%C3%A9sence,"Qualification d'apres le tableau des forces en presence 2026 et, pour les listes loyalistes, la composition actuelle des groupes du Congres.",NA,NA,NA,NA,NA,https://www.nouvelle-caledonie.gouv.fr/Actions-de-l-Etat/Elections/Elections-2019/Provinciales-2019/RESULTATS,NA,NA,NA,NA,2026-06-13
2026,Province Sud,7,2026_Province Sud_07,FAIRE PAYS,Faire Pays,Souverainiste / pro-pays transversal,Faire Pays / MNIS,Souverainiste / pro-pays,3,FALSE,https://fr.wikipedia.org/wiki/%C3%89lections_provinciales_n%C3%A9o-cal%C3%A9doniennes_de_2026#Forces_en_pr%C3%A9sence,"Qualification d'apres le tableau des forces en presence 2026 et, pour les listes loyalistes, la composition actuelle des groupes du Congres.",NA,NA,NA,NA,NA,https://www.nouvelle-caledonie.gouv.fr/Actions-de-l-Etat/Elections/Elections-2019/Provinciales-2019/RESULTATS,NA,NA,NA,NA,2026-06-13
2026,Province Sud,8,2026_Province Sud_08,POUR UNE CALEDONIE FRANCAISE,Pour une Caledonie francaise,Non-independantiste / droite nationale,Voix du Caillou / Rassemblement national diss.,Droite nationale anti-independantiste,7,FALSE,https://fr.wikipedia.org/wiki/%C3%89lections_provinciales_n%C3%A9o-cal%C3%A9doniennes_de_2026#Forces_en_pr%C3%A9sence,"Qualification d'apres le tableau des forces en presence 2026 et, pour les listes loyalistes, la composition actuelle des groupes du Congres.",NA,NA,NA,NA,NA,https://www.nouvelle-caledonie.gouv.fr/Actions-de-l-Etat/Elections/Elections-2019/Provinciales-2019/RESULTATS,NA,NA,NA,NA,2026-06-13
2026,Province Sud,9,2026_Province Sud_09,"NOUS, REUNIS!","Nous, reunis",Non-independantiste / autonomiste modere,Caledonie Ensemble diss.,Centre non-independantiste,5,FALSE,https://fr.wikipedia.org/wiki/%C3%89lections_provinciales_n%C3%A9o-cal%C3%A9doniennes_de_2026#Forces_en_pr%C3%A9sence,"Qualification d'apres le tableau des forces en presence 2026 et, pour les listes loyalistes, la composition actuelle des groupes du Congres.",NA,NA,NA,NA,NA,https://www.nouvelle-caledonie.gouv.fr/Actions-de-l-Etat/Elections/Elections-2019/Provinciales-2019/RESULTATS,NA,NA,NA,NA,2026-06-13
2026,Province Sud,10,2026_Province Sud_10,LES LOYALISTES ET LE RASSEMBLEMENT-FORTS ET UNIS,Les Loyalistes et Le Rassemblement,Non-independantiste / loyaliste,Les Loyalistes + Rassemblement-LR,Loyaliste droite,6,FALSE,https://fr.wikipedia.org/wiki/%C3%89lections_provinciales_n%C3%A9o-cal%C3%A9doniennes_de_2026#Forces_en_pr%C3%A9sence | https://www.congres.nc/nouvelle-composition-des-groupes-delus-au-congres/,"Qualification d'apres le tableau des forces en presence 2026 et, pour les listes loyalistes, la composition actuelle des groupes du Congres.",NA,NA,NA,NA,NA,https://www.nouvelle-caledonie.gouv.fr/Actions-de-l-Etat/Elections/Elections-2019/Provinciales-2019/RESULTATS,NA,NA,NA,NA,2026-06-13
2026,Province Sud,11,2026_Province Sud_11,UNIS POUR LE PAYS,Unis pour le Pays,Independantiste / souverainiste,UNI / Palika-UPM-UNID,Independantiste UNI / Palika,2,FALSE,https://fr.wikipedia.org/wiki/%C3%89lections_provinciales_n%C3%A9o-cal%C3%A9doniennes_de_2026#Forces_en_pr%C3%A9sence,"Qualification d'apres le tableau des forces en presence 2026 et, pour les listes loyalistes, la composition actuelle des groupes du Congres.",NA,NA,NA,NA,NA,https://www.nouvelle-caledonie.gouv.fr/Actions-de-l-Etat/Elections/Elections-2019/Provinciales-2019/RESULTATS,NA,NA,NA,NA,2026-06-13
2026,Province Sud,12,2026_Province Sud_12,UN ESPOIR POUR DEMAIN,Un espoir pour demain,Non-independantiste / autonomiste modere,Centre droit non-independantiste / nationalisme caledonien,Centre non-independantiste,5,FALSE,https://fr.wikipedia.org/wiki/%C3%89lections_provinciales_n%C3%A9o-cal%C3%A9doniennes_de_2026#Forces_en_pr%C3%A9sence,"Qualification d'apres le tableau des forces en presence 2026 et, pour les listes loyalistes, la composition actuelle des groupes du Congres.",NA,NA,NA,NA,NA,NA,NA,NA,NA,NA,2026-06-13
2026,Province des Iles,1,2026_Province des Iles_01,PALIKA ÎLES,Palika Iles,Independantiste / souverainiste,UNI / Palika,Independantiste UNI / Palika,2,FALSE,https://fr.wikipedia.org/wiki/%C3%89lections_provinciales_n%C3%A9o-cal%C3%A9doniennes_de_2026#Forces_en_pr%C3%A9sence,"Qualification d'apres le tableau des forces en presence 2026 et, pour les listes loyalistes, la composition actuelle des groupes du Congres.",NA,NA,NA,NA,NA,https://www.nouvelle-caledonie.gouv.fr/Actions-de-l-Etat/Elections/Elections-2019/Provinciales-2019/RESULTATS,NA,NA,NA,NA,2026-06-13
2026,Province des Iles,2,2026_Province des Iles_02,UN NOUVEAU SOUFFLE,Un nouveau souffle,Non-independantiste / loyaliste,Rassemblement-LR + Les Loyalistes,Loyaliste droite,6,FALSE,https://fr.wikipedia.org/wiki/%C3%89lections_provinciales_n%C3%A9o-cal%C3%A9doniennes_de_2026#Forces_en_pr%C3%A9sence | https://www.congres.nc/nouvelle-composition-des-groupes-delus-au-congres/,"Qualification d'apres le tableau des forces en presence 2026 et, pour les listes loyalistes, la composition actuelle des groupes du Congres.",NA,NA,NA,NA,NA,https://www.nouvelle-caledonie.gouv.fr/Actions-de-l-Etat/Elections/Elections-2019/Provinciales-2019/RESULTATS,NA,NA,NA,NA,2026-06-13
2026,Province des Iles,3,2026_Province des Iles_03,BASELAIA,Baselaia,Independantiste / souverainiste,Union caledonienne dissidente,Independantiste FLNKS / gauche,1,FALSE,https://fr.wikipedia.org/wiki/%C3%89lections_provinciales_n%C3%A9o-cal%C3%A9doniennes_de_2026#Forces_en_pr%C3%A9sence,"Qualification d'apres le tableau des forces en presence 2026 et, pour les listes loyalistes, la composition actuelle des groupes du Congres.",NA,NA,NA,NA,NA,https://www.nouvelle-caledonie.gouv.fr/Actions-de-l-Etat/Elections/Elections-2019/Provinciales-2019/RESULTATS,NA,NA,NA,NA,2026-06-13
2026,Province des Iles,4,2026_Province des Iles_04,NATION AUTOCHTONE,Nation autochtone,Independantiste / souverainiste,Dynamique autochtone,Independantiste FLNKS / gauche,1,FALSE,https://fr.wikipedia.org/wiki/%C3%89lections_provinciales_n%C3%A9o-cal%C3%A9doniennes_de_2026#Forces_en_pr%C3%A9sence,"Qualification d'apres le tableau des forces en presence 2026 et, pour les listes loyalistes, la composition actuelle des groupes du Congres.",NA,NA,NA,NA,NA,https://www.nouvelle-caledonie.gouv.fr/Actions-de-l-Etat/Elections/Elections-2019/Provinciales-2019/RESULTATS,NA,NA,NA,NA,2026-06-13
2026,Province des Iles,5,2026_Province des Iles_05,UC FLNKS ILES,UC-FLNKS Iles,Independantiste / souverainiste,UC-FLNKS,Independantiste FLNKS / gauche,1,FALSE,https://fr.wikipedia.org/wiki/%C3%89lections_provinciales_n%C3%A9o-cal%C3%A9doniennes_de_2026#Forces_en_pr%C3%A9sence,"Qualification d'apres le tableau des forces en presence 2026 et, pour les listes loyalistes, la composition actuelle des groupes du Congres.",NA,NA,NA,NA,NA,https://www.nouvelle-caledonie.gouv.fr/Actions-de-l-Etat/Elections/Elections-2019/Provinciales-2019/RESULTATS,NA,NA,NA,NA,2026-06-13
2026,Province des Iles,6,2026_Province des Iles_06,S'ENGAGER ET OEUVRER POUR LA PROSPERITE DE NOTRE PROVINCE ET LA SOUVERAINETE DE NOTRE PAYS,S'engager et oeuvrer,Independantiste / souverainiste,UPK,Independantiste FLNKS / gauche,1,FALSE,https://fr.wikipedia.org/wiki/%C3%89lections_provinciales_n%C3%A9o-cal%C3%A9doniennes_de_2026#Forces_en_pr%C3%A9sence,"Qualification d'apres le tableau des forces en presence 2026 et, pour les listes loyalistes, la composition actuelle des groupes du Congres.",NA,NA,NA,NA,NA,https://www.nouvelle-caledonie.gouv.fr/Actions-de-l-Etat/Elections/Elections-2019/Provinciales-2019/RESULTATS,NA,NA,NA,NA,2026-06-13
2026,Province des Iles,7,2026_Province des Iles_07,UNION POUR CONSTRUIRE DANS LE CONSENSUS,Union pour construire dans le consensus,Independantiste / souverainiste,Union caledonienne dissidente,Independantiste FLNKS / gauche,1,FALSE,https://fr.wikipedia.org/wiki/%C3%89lections_provinciales_n%C3%A9o-cal%C3%A9doniennes_de_2026#Forces_en_pr%C3%A9sence,"Qualification d'apres le tableau des forces en presence 2026 et, pour les listes loyalistes, la composition actuelle des groupes du Congres.",NA,NA,NA,NA,NA,https://www.nouvelle-caledonie.gouv.fr/Actions-de-l-Etat/Elections/Elections-2019/Provinciales-2019/RESULTATS,NA,NA,NA,NA,2026-06-13
